# Blender 5.0.1
# www.blender.org
mtllib girlypoppums.mtl
o tripo_node_325ac52a-0211-4f5c-94fe-bf90d80b8d59
v -0.218931 0.343624 0.008862
v -0.278066 0.413979 0.008920
v 0.037982 0.591675 0.008928
v -0.152173 0.647949 0.008928
v -0.154382 0.128845 0.008951
v -0.132909 0.344307 0.008965
v -0.150075 0.196213 0.008977
v -0.424329 0.612198 0.009009
v -0.493039 0.593384 0.009023
v -0.261369 0.128937 0.009037
v -0.147928 0.738770 0.009096
v -0.212944 0.638794 0.009108
v -0.154958 0.201721 0.009121
v -0.158471 0.076874 0.009138
v -0.147756 0.616211 0.009316
v -0.121351 0.253761 0.009318
v 0.027575 0.588989 0.009331
v -0.143312 0.731445 0.009361
v -0.180351 0.239059 0.009371
v -0.187706 0.331310 0.009378
v -0.214841 0.630768 0.009400
v -0.133809 0.219376 0.009454
v -0.114385 0.083710 0.009473
v -0.257478 0.692261 0.009487
v -0.481290 0.585831 0.009511
v -0.306867 0.070648 0.009539
v -0.425580 0.584152 0.009558
v -0.102598 0.058380 0.009564
v -0.165437 0.114807 0.009588
v -0.313428 0.000427 0.009598
v -0.215167 0.361927 0.009666
v 0.059451 0.596024 0.009708
v -0.153199 0.112671 0.009748
v -0.193195 0.623535 0.009766
v -0.153714 0.476555 0.009827
v -0.176744 0.257988 0.009829
v -0.492490 0.583847 0.009949
v -0.192822 0.771271 0.009949
v -0.460325 0.589249 0.009956
v -0.185312 0.620453 0.010020
v -0.251180 0.473053 0.010081
v -0.290166 0.142715 0.010136
v -0.245801 0.666077 0.010178
v -0.248117 0.517426 0.010180
v -0.274801 0.435715 0.010207
v -0.189526 0.342403 0.010216
v -0.163495 0.001007 0.010248
v -0.281583 0.240677 0.010258
v -0.129903 0.270706 0.010269
v -0.158986 0.217209 0.010305
v -0.252862 0.673157 0.010355
v -0.252378 0.668121 0.010382
v -0.096639 0.029602 0.010423
v -0.152658 0.205917 0.010440
v -0.247934 0.471153 0.010444
v -0.209788 0.645721 0.010449
v -0.114270 0.101471 0.010451
v -0.164132 0.108673 0.010458
v -0.177070 0.617218 0.010482
v -0.216272 0.623566 0.010490
v -0.290227 0.129776 0.010497
v -0.283544 0.239197 0.010505
v -0.237794 0.494911 0.010509
v -0.183446 0.616806 0.010532
v -0.286435 0.612045 0.010579
v 0.003802 0.588547 0.010611
v -0.304937 0.081116 0.010691
v -0.154989 0.208725 0.010775
v -0.148690 0.744019 0.010779
v -0.435193 0.616257 0.010806
v -0.215728 0.625748 0.010815
v -0.167009 0.094879 0.010823
v -0.159593 0.086670 0.010837
v -0.152375 0.507751 0.010869
v -0.305593 0.110321 0.010897
v -0.154973 0.509415 0.011033
v -0.113759 0.108978 0.011058
v -0.123189 0.106384 0.011084
v -0.153806 0.124207 0.011088
v -0.201297 0.771210 0.011105
v -0.093641 0.001587 0.011196
v -0.210861 0.361002 0.011220
v -0.155378 0.749237 0.011232
v -0.231633 0.235672 0.011243
v 0.021487 0.587799 0.011245
v -0.119558 0.112518 0.011259
v -0.256704 0.164856 0.011267
v -0.101751 0.060669 0.011290
v -0.226644 0.618958 0.011306
v -0.114225 0.076385 0.011392
v -0.315107 0.001251 0.011393
v -0.279470 0.239578 0.011405
v -0.126943 0.089264 0.011603
v -0.127576 0.098785 0.011664
v -0.104009 0.056519 0.011771
v -0.133344 0.352449 0.011847
v -0.237653 0.667511 0.011849
v -0.102521 0.039520 0.011883
v -0.096082 0.021942 0.011887
v -0.151647 0.133911 0.011938
v -0.118711 0.077454 0.011941
v -0.251073 0.080383 0.011958
v 0.065341 0.584595 0.011965
v -0.251149 0.039062 0.011982
v -0.192776 0.362067 0.012085
v -0.159219 0.753967 0.012095
v -0.200986 0.630554 0.012118
v -0.113187 0.079742 0.012135
v -0.200970 0.643616 0.012174
v -0.128072 0.224792 0.012207
v -0.242040 0.482544 0.012220
v -0.154508 0.644165 0.012339
v -0.115369 0.099335 0.012396
v -0.243436 0.122406 0.012416
v -0.173337 0.260490 0.012471
v -0.181424 0.250610 0.012473
v -0.133718 0.342716 0.012509
v -0.151830 0.114716 0.012521
v -0.252832 0.039307 0.012562
v -0.200379 0.624283 0.012568
v 0.010211 0.587082 0.012618
v -0.158689 0.078125 0.012653
v -0.149778 0.217926 0.012655
v -0.117063 0.112701 0.012704
v -0.165704 0.660065 0.012730
v -0.200628 0.630249 0.012763
v -0.290853 0.373217 0.012808
v -0.125242 0.097534 0.012823
v -0.252908 0.694702 0.012847
v -0.165159 0.095734 0.012863
v -0.248975 0.673492 0.012897
v -0.289701 0.122711 0.012913
v -0.163121 0.109222 0.012966
v -0.310354 0.042480 0.012984
v -0.243795 0.128571 0.013064
v -0.143110 0.583405 0.013101
v -0.164056 0.012482 0.013164
v -0.162095 0.091858 0.013198
v -0.163526 0.114319 0.013214
v 0.074893 0.595932 0.013234
v -0.120199 0.246216 0.013253
v -0.279775 0.259499 0.013261
v -0.155687 0.217087 0.013278
v -0.119954 0.087982 0.013322
v -0.096929 0.040497 0.013342
v -0.134229 0.219025 0.013402
v -0.134740 0.270554 0.013410
v -0.245412 0.667297 0.013487
v -0.142736 0.724945 0.013490
v -0.122686 0.232742 0.013512
v -0.133184 0.368995 0.013526
v -0.146158 0.450874 0.013562
v -0.115751 0.075134 0.013610
v -0.160074 0.041718 0.013617
v -0.218013 0.617722 0.013636
v -0.262548 0.118378 0.013637
v -0.158689 0.112671 0.013706
v -0.171644 0.226105 0.013756
v -0.172374 0.765686 0.013775
v -0.115979 0.128937 0.013803
v -0.135740 0.132416 0.013854
v -0.248773 0.668976 0.013860
v -0.161565 0.021454 0.013887
v -0.107602 0.069946 0.013951
v -0.255830 0.734436 0.013971
v 0.073153 0.584930 0.014007
v -0.281675 0.261086 0.014014
v -0.142503 0.601151 0.014047
v -0.280927 0.414364 0.014049
v -0.134397 0.091003 0.014076
v -0.242738 0.224884 0.014118
v -0.308667 0.056580 0.014120
v -0.120244 0.074280 0.014122
v -0.149778 0.110321 0.014177
v -0.232831 0.256432 0.014187
v -0.237466 0.620987 0.014201
v -0.200100 0.620163 0.014216
v -0.144693 0.453011 0.014265
v -0.343259 0.607727 0.014330
v -0.158239 0.117035 0.014365
v -0.189618 0.776184 0.014468
v -0.257730 0.164078 0.014485
v -0.305837 0.070862 0.014497
v -0.285627 0.586243 0.014582
v -0.251012 0.040833 0.014624
v -0.277288 0.259949 0.014668
v -0.123769 0.261253 0.014710
v 0.058718 0.590179 0.014770
v -0.144616 0.450165 0.014880
v -0.172405 0.268723 0.014931
v -0.163541 0.019043 0.014952
v -0.278569 0.236145 0.015009
v -0.287893 0.384249 0.015010
v -0.240125 0.754028 0.015045
v -0.111989 0.074860 0.015142
v -0.287618 0.185699 0.015157
v -0.254152 0.731567 0.015184
v -0.156713 0.091064 0.015188
v -0.117109 0.105408 0.015189
v -0.094541 0.021027 0.015195
v -0.281614 0.400866 0.015205
v -0.134198 0.101440 0.015219
v -0.201888 0.616318 0.015224
v -0.220004 0.767395 0.015377
v -0.302732 0.091431 0.015417
v -0.130018 0.416256 0.015454
v -0.127866 0.267303 0.015468
v -0.343839 0.592407 0.015508
v -0.116964 0.132858 0.015526
v -0.277448 0.274910 0.015554
v -0.251943 0.090973 0.015597
v -0.250512 0.071960 0.015600
v -0.164861 0.616409 0.015607
v -0.155969 0.519394 0.015651
v -0.179557 0.786530 0.015654
v -0.156465 0.069946 0.015703
v -0.159139 0.025604 0.015834
v -0.141568 0.458946 0.015838
v -0.095182 0.035309 0.015838
v -0.159856 0.028442 0.015846
v -0.118230 0.123199 0.015849
v -0.150853 0.644592 0.015896
v -0.156045 0.072144 0.015904
v -0.228183 0.249603 0.015927
v -0.134031 0.427811 0.015958
v -0.159204 0.063599 0.015970
v -0.302388 0.087067 0.015991
v -0.120733 0.104370 0.016069
v -0.130758 0.081024 0.016116
v -0.122358 0.385587 0.016139
v -0.150480 0.094116 0.016180
v -0.278722 0.307205 0.016203
v -0.255643 0.727783 0.016266
v -0.258725 0.165695 0.016268
v -0.181890 0.769745 0.016281
v -0.145456 0.455322 0.016300
v -0.160928 0.023438 0.016318
v -0.241014 0.669769 0.016372
v -0.197767 0.361088 0.016464
v -0.092107 0.003998 0.016522
v -0.098287 0.044891 0.016528
v -0.288327 0.120728 0.016565
v -0.104474 0.048828 0.016580
v -0.157617 0.216644 0.016584
v -0.284879 0.609985 0.016606
v -0.108968 0.068512 0.016617
v -0.149438 0.475212 0.016633
v -0.161287 0.094513 0.016699
v -0.134816 0.107605 0.016706
v -0.178827 0.783142 0.016736
v -0.155099 0.747345 0.016783
v -0.105336 0.054962 0.016814
v -0.288205 0.159607 0.016841
v -0.224839 0.765106 0.016866
v -0.306310 0.130157 0.016936
v -0.215804 0.769989 0.016938
v -0.159593 0.038086 0.016963
v -0.123609 0.117310 0.016971
v -0.261369 0.118530 0.016990
v -0.316007 0.019440 0.017033
v -0.209119 0.781372 0.017051
v -0.118802 0.083710 0.017074
v -0.151521 0.743958 0.017131
v -0.265500 0.120300 0.017226
v -0.124166 0.369477 0.017237
v -0.265287 0.132172 0.017264
v -0.123113 0.080505 0.017315
v -0.120694 0.382391 0.017361
v -0.149514 0.085693 0.017380
v -0.264791 0.138550 0.017385
v -0.160493 0.107056 0.017401
v -0.208979 0.783875 0.017475
v -0.159871 0.100555 0.017511
v -0.290418 0.120087 0.017525
v -0.250932 0.042542 0.017573
v -0.262174 0.153763 0.017599
v -0.157010 0.069916 0.017663
v -0.118177 0.373426 0.017715
v -0.153993 0.086029 0.017749
v -0.247854 0.519135 0.017752
v -0.258943 0.522247 0.017762
v -0.119054 0.371809 0.017762
v -0.152517 0.093353 0.017782
v -0.145440 0.602142 0.017792
v -0.242257 0.654175 0.017824
v -0.124448 0.088074 0.017831
v -0.101629 0.057556 0.017834
v -0.153093 0.076721 0.017871
v -0.499418 0.604843 0.017941
v -0.111982 0.067535 0.017947
v -0.164071 0.624802 0.017966
v -0.093770 0.000397 0.017970
v -0.159356 0.065216 0.017976
v -0.135114 0.286568 0.017979
v -0.307050 0.064240 0.017979
v -0.464505 0.611893 0.017990
v -0.155504 0.088715 0.018011
v -0.183118 0.613358 0.018024
v -0.155175 0.517609 0.018028
v -0.488523 0.607529 0.018035
v -0.287488 0.120819 0.018040
v -0.225524 0.619598 0.018082
v -0.117566 0.108429 0.018114
v -0.168145 0.123871 0.018155
v -0.282483 0.430359 0.018161
v -0.254819 0.609146 0.018230
v -0.281087 0.121948 0.018264
v -0.156125 0.096924 0.018269
v -0.264913 0.457893 0.018281
v -0.309881 0.095856 0.018305
v -0.127424 0.107300 0.018353
v -0.258321 0.472641 0.018355
v -0.246984 0.652588 0.018369
v -0.253186 0.042358 0.018374
v -0.255334 0.578690 0.018378
v -0.254354 0.739655 0.018406
v -0.282110 0.125092 0.018411
v -0.106366 0.064667 0.018423
v -0.457273 0.618317 0.018441
v -0.251043 0.052795 0.018445
v -0.091596 0.019501 0.018449
v -0.298032 0.130310 0.018473
v -0.253282 0.734070 0.018509
v -0.155843 0.611679 0.018522
v -0.158380 0.749664 0.018552
v -0.253328 0.673218 0.018569
v -0.278409 0.347940 0.018590
v -0.301702 0.092529 0.018623
v -0.166883 0.763519 0.018642
v -0.170539 0.264320 0.018645
v -0.152299 0.133881 0.018649
v -0.457395 0.588882 0.018653
v -0.274427 0.609116 0.018657
v -0.289014 0.589813 0.018687
v -0.303945 0.086517 0.018717
v -0.173524 0.625198 0.018728
v -0.159669 0.123627 0.018730
v -0.158193 0.026306 0.018732
v -0.283788 0.368365 0.018765
v -0.146264 0.076263 0.018781
v -0.311033 0.039825 0.018784
v 0.072604 0.590881 0.018801
v -0.253888 0.588013 0.018804
v -0.286496 0.126709 0.018806
v -0.172622 0.764313 0.018841
v -0.183290 0.342125 0.018844
v -0.331159 0.591385 0.018866
v -0.467527 0.600632 0.018876
v -0.140821 0.110992 0.018880
v -0.286649 0.608917 0.018887
v -0.132268 0.075653 0.018889
v -0.103559 0.048004 0.018907
v -0.280462 0.433136 0.018973
v -0.254510 0.730194 0.018979
v -0.147805 0.111816 0.018983
v -0.252519 0.091980 0.019039
v -0.219863 0.614365 0.019047
v -0.141023 0.091400 0.019091
v -0.258817 0.127533 0.019115
v -0.264631 0.154816 0.019132
v -0.154832 0.083496 0.019166
v -0.244184 0.094910 0.019187
v -0.301114 0.082825 0.019194
v -0.310445 0.041016 0.019202
v -0.285505 0.607758 0.019222
v -0.308484 0.099518 0.019222
v -0.287710 0.590622 0.019224
v -0.128270 0.077637 0.019234
v -0.278875 0.589157 0.019239
v -0.153169 0.100250 0.019249
v -0.312871 0.022003 0.019257
v -0.104154 0.057922 0.019280
v -0.492154 0.583908 0.019331
v -0.330411 0.608765 0.019356
v -0.258008 0.616043 0.019362
v -0.219039 0.648438 0.019387
v -0.278661 0.358591 0.019419
v -0.331525 0.586914 0.019420
v -0.147851 0.710114 0.019460
v -0.233453 0.226608 0.019461
v -0.172374 0.285034 0.019488
v -0.149438 0.078278 0.019503
v -0.498777 0.594345 0.019514
v -0.261804 0.164230 0.019525
v -0.171689 0.227493 0.019527
v -0.253282 0.078461 0.019527
v -0.466703 0.595169 0.019578
v -0.492612 0.594696 0.019585
v -0.095670 0.041931 0.019595
v -0.202588 0.361577 0.019601
v -0.161565 0.101715 0.019601
v -0.159356 0.107452 0.019632
v -0.459440 0.592407 0.019636
v -0.159745 0.754517 0.019657
v -0.135274 0.113800 0.019671
v -0.173976 0.263435 0.019728
v -0.246160 0.107208 0.019728
v -0.246984 0.108551 0.019752
v -0.268491 0.588791 0.019756
v -0.278966 0.367650 0.019776
v -0.467496 0.603394 0.019799
v -0.159078 0.111176 0.019838
v -0.480283 0.586548 0.019861
v -0.288236 0.593811 0.019861
v -0.129613 0.131271 0.019870
v -0.159017 0.033966 0.019873
v -0.247278 0.093109 0.019881
v -0.495664 0.609299 0.019894
v -0.331220 0.595306 0.019898
v -0.301145 0.080597 0.019898
v -0.161176 0.023193 0.019900
v -0.150667 0.089294 0.019924
v -0.163526 0.519302 0.019976
v -0.110105 0.061432 0.019978
v -0.148286 0.076935 0.020054
v -0.165063 0.129028 0.020089
v -0.122907 0.102600 0.020089
v -0.258817 0.179596 0.020110
v -0.285909 0.147720 0.020112
v -0.106565 0.061279 0.020119
v -0.248834 0.508926 0.020134
v -0.237714 0.667023 0.020157
v -0.136297 0.271454 0.020160
v -0.179216 0.254852 0.020194
v -0.165967 0.122925 0.020194
v -0.256578 0.192078 0.020207
v -0.288579 0.242355 0.020219
v -0.150945 0.076233 0.020248
v -0.432172 0.587143 0.020250
v -0.264386 0.163834 0.020258
v -0.126073 0.084686 0.020271
v -0.155687 0.080597 0.020366
v -0.280553 0.591522 0.020368
v -0.145036 0.096008 0.020404
v -0.473905 0.599350 0.020587
v -0.261087 0.175751 0.020660
v -0.251401 0.086792 0.020688
v -0.144384 0.080536 0.020688
v -0.291784 0.128662 0.020736
v -0.117017 0.076447 0.020767
v -0.137075 0.084198 0.020775
v -0.460264 0.590271 0.020797
v -0.275579 0.165634 0.020816
v -0.157010 0.063446 0.020859
v -0.312337 0.028473 0.020878
v -0.247217 0.750092 0.020892
v -0.301923 0.091370 0.020930
v -0.131757 0.100708 0.020989
v -0.245897 0.114319 0.021001
v -0.285566 0.259079 0.021035
v -0.253621 0.696716 0.021040
v -0.311498 0.022461 0.021061
v -0.105893 0.052185 0.021068
v -0.461942 0.602783 0.021070
v -0.140249 0.270897 0.021074
v -0.166650 0.657257 0.021092
v -0.256360 0.703400 0.021111
v -0.399701 0.581604 0.021127
v -0.283849 0.200058 0.021154
v -0.495633 0.599121 0.021177
v -0.337964 0.608505 0.021177
v -0.210533 0.613586 0.021177
v -0.166261 0.508545 0.021197
v -0.285909 0.158051 0.021216
v -0.123166 0.109955 0.021220
v -0.254400 0.595108 0.021224
v -0.304097 0.109436 0.021224
v -0.304876 0.108734 0.021237
v -0.248040 0.001129 0.021253
v -0.168922 0.759857 0.021255
v -0.306775 0.125244 0.021261
v -0.275770 0.164642 0.021269
v -0.285100 0.189178 0.021274
v -0.255708 0.198700 0.021325
v -0.139470 0.087219 0.021331
v -0.163293 0.643707 0.021405
v -0.134832 0.271408 0.021413
v -0.274648 0.130371 0.021413
v -0.127111 0.100586 0.021415
v -0.258256 0.510422 0.021498
v -0.146219 0.599243 0.021539
v -0.258195 0.570541 0.021547
v -0.251634 0.216248 0.021595
v -0.199586 0.768982 0.021611
v -0.423154 0.613220 0.021634
v -0.285939 0.166733 0.021652
v -0.259408 0.545761 0.021683
v -0.157541 0.066223 0.021720
v -0.302015 0.084015 0.021731
v -0.259656 0.132858 0.021770
v -0.198171 0.785736 0.021799
v -0.145269 0.575378 0.021802
v -0.148969 0.120178 0.021856
v -0.116185 0.070496 0.021869
v -0.256578 0.129028 0.021885
v -0.152517 0.070374 0.021894
v -0.304754 0.094421 0.021905
v -0.134801 0.341766 0.021922
v -0.290571 0.132889 0.021926
v -0.130994 0.078827 0.021992
v -0.160276 0.027374 0.022033
v -0.123479 0.251892 0.022104
v -0.311406 0.034515 0.022126
v -0.282979 0.166794 0.022155
v -0.255178 0.591141 0.022157
v -0.133573 0.122803 0.022248
v -0.254899 0.206604 0.022260
v -0.291997 0.117310 0.022266
v -0.100347 0.048859 0.022266
v -0.176618 0.237701 0.022321
v -0.259034 0.115265 0.022343
v -0.304097 0.115753 0.022379
v -0.258195 0.563217 0.022381
v -0.256330 0.732666 0.022396
v -0.136518 0.286324 0.022416
v -0.253949 0.083252 0.022422
v -0.252580 0.616974 0.022474
v -0.202199 0.377462 0.022486
v -0.155641 0.035950 0.022538
v -0.095800 0.041199 0.022569
v -0.251787 0.508087 0.022587
v -0.147336 0.097626 0.022618
v -0.226939 0.626419 0.022684
v -0.274587 0.266106 0.022714
v -0.312063 0.027985 0.022734
v -0.338895 0.592941 0.022791
v -0.302449 0.075073 0.022796
v -0.316350 0.001526 0.022804
v -0.124440 0.078766 0.022820
v -0.315168 0.000488 0.022824
v -0.247823 0.109558 0.022832
v -0.301862 0.080048 0.022832
v -0.167646 0.494644 0.022836
v -0.150571 0.131866 0.022860
v -0.409284 0.620941 0.022866
v -0.397611 0.623276 0.022894
v -0.182372 0.615402 0.022942
v -0.195015 0.612640 0.022944
v -0.331189 0.611710 0.022954
v -0.201997 0.382453 0.022972
v -0.267148 0.205536 0.023030
v -0.495115 0.594223 0.023034
v -0.255056 0.675995 0.023034
v -0.281987 0.188217 0.023079
v -0.153341 0.268860 0.023104
v -0.157556 0.056519 0.023115
v -0.150556 0.074554 0.023127
v -0.258039 0.574524 0.023150
v -0.292966 0.129318 0.023189
v -0.283918 0.182465 0.023212
v -0.246564 0.096436 0.023242
v -0.193771 0.778320 0.023251
v -0.309476 0.050140 0.023257
v -0.113096 0.063751 0.023287
v -0.302793 0.109436 0.023289
v -0.144960 0.102692 0.023300
v -0.102941 0.055878 0.023366
v -0.303914 0.102905 0.023395
v -0.164598 0.760071 0.023433
v -0.140355 0.110016 0.023473
v -0.246534 0.107635 0.023504
v -0.246969 0.114960 0.023529
v -0.256795 0.124023 0.023547
v -0.280774 0.198853 0.023577
v -0.494657 0.582397 0.023603
v -0.160604 0.022064 0.023607
v -0.281835 0.207001 0.023622
v -0.250901 0.041718 0.023640
v -0.134832 0.103210 0.023646
v -0.398389 0.588486 0.023650
v -0.303075 0.077209 0.023712
v -0.279531 0.215759 0.023764
v -0.150449 0.644897 0.023772
v -0.145768 0.077301 0.023774
v -0.307149 0.062927 0.023778
v -0.235757 0.263351 0.023794
v -0.351682 0.609467 0.023823
v -0.252008 0.114777 0.023834
v -0.148660 0.449631 0.023864
v -0.381635 0.611938 0.023865
v -0.146795 0.687592 0.023869
v -0.201997 0.374655 0.023879
v -0.303663 0.100189 0.023906
v -0.157632 0.103058 0.023946
v -0.423749 0.605087 0.023963
v -0.104818 0.060303 0.023963
v -0.149762 0.738983 0.023972
v -0.397519 0.609558 0.023980
v -0.117948 0.074890 0.024000
v -0.283788 0.234787 0.024006
v -0.258321 0.524445 0.024045
v -0.248445 0.746979 0.024071
v -0.332364 0.591675 0.024077
v -0.404676 0.624542 0.024087
v -0.135625 0.321545 0.024124
v -0.129148 0.107941 0.024135
v -0.177520 0.332474 0.024146
v -0.299650 0.090729 0.024204
v -0.146482 0.107849 0.024255
v -0.150480 0.101135 0.024268
v -0.166932 0.265144 0.024352
v -0.235894 0.616791 0.024384
v -0.256578 0.730164 0.024401
v -0.274961 0.220200 0.024435
v -0.298131 0.082550 0.024444
v -0.247915 0.018677 0.024449
v -0.251725 0.078033 0.024478
v -0.422056 0.621521 0.024482
v -0.158330 0.639038 0.024492
v -0.114126 0.065735 0.024586
v -0.136487 0.303551 0.024593
v -0.292905 0.125153 0.024620
v -0.151864 0.065582 0.024652
v -0.177707 0.251541 0.024696
v -0.123616 0.106110 0.024717
v -0.092840 0.022125 0.024746
v -0.167119 0.269821 0.024757
v -0.409284 0.613586 0.024772
v -0.147462 0.073029 0.024811
v -0.146344 0.691589 0.024835
v -0.178672 0.645660 0.024837
v -0.134527 0.264633 0.024847
v -0.308667 0.056305 0.024854
v -0.247899 0.102570 0.024862
v -0.301580 0.113678 0.024877
v -0.277448 0.224625 0.024881
v -0.172000 0.263229 0.024904
v -0.302480 0.079620 0.024910
v -0.312932 0.022217 0.024923
v -0.373700 0.586258 0.024959
v -0.255830 0.217667 0.024959
v -0.165204 0.758514 0.024965
v -0.229459 0.238266 0.024984
v -0.158006 0.603577 0.024998
v -0.159841 0.474113 0.024999
v -0.131231 0.078705 0.025062
v -0.235803 0.625626 0.025102
v -0.352048 0.592361 0.025127
v -0.148786 0.284706 0.025137
v -0.405240 0.580750 0.025146
v -0.249845 0.021271 0.025152
v -0.160043 0.608231 0.025167
v -0.226581 0.323097 0.025171
v -0.105527 0.052338 0.025228
v -0.128316 0.100952 0.025240
v -0.304693 0.095032 0.025247
v -0.302511 0.116028 0.025261
v -0.258878 0.114563 0.025310
v -0.193755 0.767029 0.025326
v -0.334394 0.611038 0.025345
v -0.415281 0.624313 0.025356
v -0.303350 0.108215 0.025356
v -0.251321 0.112976 0.025396
v -0.134725 0.105957 0.025396
v -0.157026 0.042236 0.025434
v -0.253267 0.091064 0.025497
v -0.300924 0.087128 0.025509
v -0.297727 0.116425 0.025512
v -0.143480 0.561722 0.025520
v -0.221248 0.764008 0.025537
v -0.246751 0.745361 0.025562
v -0.301641 0.092072 0.025570
v -0.145673 0.708496 0.025589
v -0.145940 0.723480 0.025610
v -0.250558 0.027832 0.025663
v -0.302640 0.074554 0.025665
v -0.247731 0.467499 0.025739
v -0.250203 0.024414 0.025776
v -0.170446 0.611511 0.025839
v -0.398206 0.593262 0.025856
v -0.155767 0.055817 0.025869
v -0.142019 0.565430 0.025877
v -0.371061 0.589478 0.025877
v -0.108991 0.062897 0.025902
v -0.142873 0.562927 0.025917
v -0.250997 0.065399 0.025917
v -0.311193 0.025940 0.025955
v -0.342847 0.617233 0.025970
v -0.228759 0.759796 0.025970
v -0.157663 0.475609 0.026047
v -0.163480 0.274521 0.026073
v -0.139951 0.076141 0.026163
v -0.154569 0.036224 0.026176
v -0.438642 0.616333 0.026209
v -0.289762 0.134750 0.026308
v -0.234140 0.662048 0.026346
v -0.139314 0.269951 0.026346
v -0.224155 0.336666 0.026481
v -0.131940 0.103088 0.026514
v -0.206086 0.766296 0.026558
v -0.313680 0.024811 0.026562
v -0.261834 0.454208 0.026563
v -0.241231 0.124023 0.026575
v -0.303045 0.098633 0.026607
v -0.251214 0.647491 0.026640
v -0.248960 0.093842 0.026670
v -0.131040 0.223831 0.026684
v -0.148412 0.448853 0.026693
v -0.118428 0.064880 0.026703
v -0.251230 0.128998 0.026720
v -0.259500 0.110840 0.026735
v -0.177785 0.344627 0.026771
v -0.303075 0.102173 0.026777
v -0.253808 0.070709 0.026796
v -0.149904 0.068085 0.026892
v -0.126333 0.073059 0.026941
v -0.231946 0.262405 0.027021
v -0.291471 0.095520 0.027063
v -0.212431 0.610626 0.027134
v -0.309980 0.033356 0.027139
v -0.460233 0.604507 0.027227
v -0.341977 0.585052 0.027283
v -0.285253 0.261147 0.027288
v -0.135694 0.367712 0.027305
v -0.298749 0.114685 0.027326
v -0.258382 0.587448 0.027384
v -0.290448 0.090912 0.027410
v -0.252130 0.721069 0.027418
v -0.097707 0.045227 0.027418
v -0.143777 0.523758 0.027532
v -0.191765 0.639160 0.027544
v -0.148256 0.593124 0.027603
v -0.299093 0.101624 0.027609
v -0.304662 0.070282 0.027637
v -0.421842 0.611191 0.027706
v -0.146482 0.071136 0.027710
v -0.262456 0.451324 0.027725
v -0.258069 0.134354 0.027727
v -0.128835 0.076080 0.027748
v -0.251462 0.033661 0.027773
v -0.093290 0.038086 0.027782
v -0.250173 0.100647 0.027807
v -0.414853 0.614532 0.027883
v -0.107023 0.056793 0.027887
v -0.250997 0.038574 0.027906
v -0.135999 0.338882 0.027925
v -0.161317 0.000519 0.027948
v -0.187162 0.608124 0.027963
v -0.166478 0.282532 0.027986
v -0.258195 0.601669 0.028017
v -0.291814 0.115753 0.028032
v -0.142671 0.542847 0.028045
v -0.148752 0.699799 0.028086
v -0.165750 0.660431 0.028139
v -0.164365 0.675293 0.028154
v -0.272405 0.290878 0.028168
v -0.248708 0.107788 0.028173
v -0.306989 0.065247 0.028173
v -0.108808 0.060486 0.028215
v -0.273061 0.347511 0.028269
v -0.251787 0.024170 0.028368
v -0.246438 0.104675 0.028419
v -0.140760 0.071960 0.028454
v -0.296232 0.094330 0.028482
v -0.236566 0.519806 0.028488
v -0.260495 0.094360 0.028488
v -0.257074 0.523270 0.028539
v -0.275022 0.132706 0.028576
v -0.227561 0.758545 0.028583
v -0.458707 0.619644 0.028597
v -0.439359 0.609955 0.028604
v -0.175329 0.618103 0.028633
v -0.301114 0.096283 0.028652
v -0.250886 0.123016 0.028707
v -0.255304 0.130768 0.028721
v -0.242830 0.128601 0.028749
v -0.250730 0.030334 0.028806
v -0.153528 0.299774 0.028839
v -0.236162 0.269218 0.028862
v -0.250390 0.216339 0.028929
v -0.165033 0.649109 0.028932
v -0.249891 0.023651 0.028932
v -0.124639 0.243378 0.028934
v -0.293653 0.132919 0.028965
v -0.253621 0.089081 0.028971
v -0.153867 0.519684 0.028988
v -0.269079 0.436996 0.028990
v -0.294523 0.090790 0.029014
v -0.179729 0.364050 0.029024
v -0.200955 0.637573 0.029028
v -0.165998 0.228821 0.029028
v -0.310758 0.040283 0.029068
v -0.272878 0.369065 0.029247
v -0.299466 0.074768 0.029278
v -0.110540 0.058075 0.029325
v -0.252767 0.029816 0.029348
v -0.089437 0.001312 0.029348
v -0.136792 0.337963 0.029360
v -0.158689 0.746063 0.029362
v -0.306958 0.069458 0.029367
v -0.159887 0.029877 0.029373
v -0.235151 0.494896 0.029384
v -0.163511 0.685486 0.029403
v -0.305433 0.106873 0.029403
v -0.256639 0.094330 0.029413
v -0.249177 0.111176 0.029415
v -0.301114 0.110382 0.029434
v -0.171487 0.616928 0.029468
v -0.276479 0.271210 0.029474
v -0.154290 0.049713 0.029501
v -0.123647 0.070221 0.029524
v -0.153558 0.267166 0.029575
v -0.243593 0.123138 0.029613
v -0.222337 0.648712 0.029707
v -0.197021 0.607971 0.029751
v -0.151799 0.049286 0.029754
v -0.162858 0.001740 0.029760
v -0.146749 0.070557 0.029795
v -0.228261 0.250977 0.029817
v -0.153993 0.476364 0.029836
v -0.156141 0.054993 0.029844
v -0.424146 0.588409 0.029865
v -0.238881 0.750244 0.029886
v -0.474027 0.603317 0.029903
v -0.255365 0.725372 0.029918
v -0.136312 0.351151 0.029939
v -0.113912 0.056274 0.030012
v -0.495145 0.609940 0.030084
v -0.255491 0.085846 0.030088
v -0.168626 0.302834 0.030090
v -0.253995 0.100372 0.030109
v -0.300428 0.077454 0.030132
v -0.152688 0.052490 0.030201
v -0.238073 0.753906 0.030205
v -0.298658 0.130127 0.030226
v -0.136358 0.348103 0.030227
v -0.163183 0.600128 0.030275
v -0.494809 0.599655 0.030279
v -0.127233 0.065247 0.030374
v -0.283109 0.089630 0.030464
v -0.290571 0.113068 0.030479
v -0.220300 0.363552 0.030489
v -0.457670 0.607971 0.030521
v -0.304097 0.072693 0.030552
v -0.263517 0.457367 0.030565
v -0.307454 0.067200 0.030601
v -0.458371 0.603851 0.030605
v -0.164460 0.292389 0.030609
v -0.467618 0.601593 0.030630
v -0.274396 0.219299 0.030664
v -0.297658 0.087097 0.030708
v -0.266996 0.097473 0.030710
v -0.181424 0.644012 0.030784
v -0.197767 0.361010 0.030794
v -0.166478 0.295525 0.030819
v -0.129438 0.384148 0.030836
v -0.248353 0.101044 0.030878
v -0.277074 0.095490 0.030899
v -0.304563 0.103699 0.030926
v -0.154023 0.686066 0.030958
v -0.458585 0.591125 0.030969
v -0.216770 0.761993 0.030975
v -0.275205 0.091492 0.030990
v -0.144475 0.522827 0.031057
v -0.163060 0.019012 0.031057
v -0.454984 0.611603 0.031069
v -0.253217 0.700104 0.031069
v -0.163213 0.693542 0.031107
v -0.138475 0.071930 0.031111
v -0.314145 0.026794 0.031133
v -0.423368 0.596680 0.031187
v -0.261026 0.086090 0.031196
v -0.184767 0.615295 0.031212
v -0.493619 0.601578 0.031227
v -0.162298 0.264336 0.031231
v -0.124296 0.067413 0.031278
v -0.306402 0.123962 0.031305
v -0.232442 0.758850 0.031311
v -0.155736 0.672150 0.031368
v -0.148690 0.060547 0.031389
v -0.106801 0.053558 0.031416
v -0.257543 0.077087 0.031437
v -0.260309 0.112335 0.031456
v -0.143499 0.458702 0.031462
v -0.138566 0.351181 0.031500
v -0.160726 0.021637 0.031507
v -0.146966 0.702148 0.031519
v -0.102124 0.000427 0.031532
v -0.172948 0.673187 0.031574
v -0.239473 0.482872 0.031606
v -0.090986 0.021729 0.031629
v -0.203738 0.377462 0.031652
v -0.183383 0.761719 0.031690
v -0.278875 0.415352 0.031727
v -0.253980 0.071259 0.031727
v -0.281675 0.106293 0.031753
v -0.152997 0.057617 0.031780
v -0.157460 0.220505 0.031816
v -0.259378 0.470657 0.031820
v -0.301175 0.100861 0.031820
v -0.454282 0.589310 0.031858
v -0.253701 0.080841 0.031858
v -0.247651 0.742554 0.031862
v -0.173711 0.341877 0.031889
v -0.141801 0.347240 0.031936
v -0.187815 0.602234 0.031956
v -0.305623 0.130219 0.031956
v -0.313619 0.033783 0.031997
v -0.299711 0.123932 0.032018
v -0.151258 0.044769 0.032045
v -0.293248 0.096191 0.032064
v -0.161985 0.684357 0.032108
v -0.237870 0.264442 0.032120
v -0.171829 0.245438 0.032169
v -0.276578 0.101807 0.032181
v -0.294523 0.084290 0.032192
v -0.209492 0.639648 0.032196
v -0.250760 0.066040 0.032224
v -0.493924 0.594681 0.032270
v -0.137929 0.064240 0.032318
v -0.286748 0.241989 0.032322
v -0.252176 0.063843 0.032360
v -0.308667 0.059540 0.032379
v -0.276418 0.414982 0.032390
v -0.398526 0.601471 0.032394
v -0.110181 0.053284 0.032434
v -0.137666 0.367222 0.032472
v -0.308202 0.046509 0.032570
v -0.249112 0.021759 0.032589
v -0.149484 0.474724 0.032671
v -0.306524 0.069183 0.032690
v -0.271817 0.107300 0.032757
v -0.286092 0.079437 0.032814
v -0.214748 0.615982 0.032900
v -0.161832 0.691315 0.032907
v -0.224094 0.344723 0.032924
v -0.149888 0.337444 0.032928
v -0.296697 0.081665 0.033056
v -0.309324 0.053802 0.033071
v -0.144742 0.510849 0.033075
v -0.294301 0.101898 0.033075
v -0.236890 0.752136 0.033113
v -0.154149 0.693451 0.033117
v -0.159745 0.030914 0.033130
v -0.174955 0.650055 0.033157
v -0.162656 0.700562 0.033214
v -0.240266 0.609085 0.033232
v -0.278814 0.368311 0.033270
v -0.153760 0.043121 0.033277
v -0.249673 0.105438 0.033285
v -0.284597 0.111481 0.033319
v -0.211000 0.604584 0.033333
v -0.295110 0.077545 0.033333
v -0.166139 0.310333 0.033352
v -0.124753 0.063446 0.033375
v -0.253778 0.599106 0.033479
v -0.270322 0.080505 0.033479
v -0.314924 0.029846 0.033502
v -0.240297 0.223328 0.033514
v -0.493192 0.584076 0.033542
v -0.158052 0.036163 0.033600
v -0.309636 0.000336 0.033619
v -0.163774 0.655823 0.033674
v -0.143171 0.523468 0.033798
v -0.125272 0.057373 0.033899
v -0.141538 0.426018 0.033903
v -0.157926 0.593353 0.033903
v -0.256234 0.472015 0.033933
v -0.288831 0.087799 0.033951
v -0.292623 0.075348 0.033954
v -0.434186 0.583145 0.033966
v -0.205962 0.360403 0.033970
v -0.269613 0.271332 0.033985
v -0.101392 0.049377 0.034000
v -0.152391 0.509262 0.034004
v -0.265226 0.111786 0.034056
v -0.281675 0.263885 0.034067
v -0.258569 0.098999 0.034067
v -0.269918 0.110107 0.034078
v -0.280713 0.397032 0.034101
v -0.142766 0.567352 0.034120
v -0.168454 0.320938 0.034132
v -0.151273 0.054810 0.034157
v -0.144571 0.065674 0.034180
v -0.173057 0.690460 0.034214
v -0.269452 0.357168 0.034214
v -0.317563 0.005280 0.034221
v -0.182155 0.361344 0.034258
v -0.267400 0.077240 0.034311
v -0.133153 0.068054 0.034326
v -0.314458 0.021851 0.034326
v -0.302762 0.106689 0.034405
v -0.289945 0.117737 0.034471
v -0.161332 0.699036 0.034483
v -0.253934 0.717987 0.034494
v -0.254247 0.576553 0.034521
v -0.286496 0.247589 0.034536
v -0.169994 0.332539 0.034572
v -0.295270 0.101898 0.034611
v -0.249734 0.735687 0.034630
v -0.245710 0.468781 0.034645
v -0.153417 0.345383 0.034658
v -0.249315 0.471786 0.034662
v -0.262708 0.078094 0.034696
v -0.143358 0.511627 0.034700
v -0.144849 0.062103 0.034771
v -0.147897 0.050507 0.034782
v -0.157258 0.034943 0.034820
v -0.161767 0.640442 0.034824
v -0.130574 0.382345 0.034860
v -0.304349 0.067261 0.034864
v -0.247575 0.000092 0.034887
v -0.151101 0.447929 0.034958
v -0.229661 0.755768 0.034977
v -0.255056 0.101654 0.034981
v -0.315358 0.034821 0.035023
v -0.169528 0.749786 0.035066
v -0.265165 0.098236 0.035085
v -0.263761 0.082520 0.035089
v -0.317006 0.001038 0.035135
v -0.165857 0.750702 0.035150
v -0.306989 0.056702 0.035167
v -0.125478 0.059418 0.035190
v -0.217702 0.361601 0.035255
v -0.181283 0.674316 0.035265
v -0.154725 0.348150 0.035269
v -0.093686 0.040466 0.035299
v -0.104657 0.051941 0.035311
v -0.317502 0.019592 0.035322
v -0.164678 0.641144 0.035353
v -0.309072 0.039215 0.035377
v -0.455259 0.586487 0.035385
v -0.157708 0.519806 0.035389
v -0.308919 0.061462 0.035400
v -0.271909 0.084381 0.035404
v -0.256704 0.132584 0.035435
v -0.277135 0.090485 0.035467
v -0.259065 0.121399 0.035471
v -0.236455 0.278702 0.035475
v -0.292310 0.127289 0.035490
v -0.161332 0.230820 0.035497
v -0.150853 0.508453 0.035517
v -0.232179 0.296852 0.035539
v -0.230640 0.495293 0.035555
v -0.291196 0.111176 0.035621
v -0.236581 0.263618 0.035625
v -0.172933 0.353172 0.035637
v -0.252473 0.269073 0.035738
v -0.185544 0.360325 0.035768
v -0.090680 0.031860 0.035843
v -0.248040 0.027679 0.035898
v -0.275609 0.101257 0.035929
v -0.282239 0.115295 0.035991
v -0.284910 0.384568 0.036007
v -0.151460 0.365550 0.036014
v -0.157506 0.035461 0.036037
v -0.133718 0.062653 0.036041
v -0.286496 0.370674 0.036077
v -0.136144 0.056061 0.036077
v -0.143853 0.515076 0.036135
v -0.302572 0.071259 0.036150
v -0.281209 0.075104 0.036165
v -0.096601 0.044769 0.036201
v -0.150621 0.586014 0.036306
v -0.147352 0.709381 0.036314
v -0.294523 0.076141 0.036341
v -0.146997 0.055023 0.036344
v -0.291600 0.133331 0.036379
v -0.261586 0.110046 0.036396
v -0.241060 0.640259 0.036434
v -0.251741 0.041748 0.036445
v -0.289357 0.100220 0.036485
v -0.275548 0.107758 0.036539
v -0.231168 0.754791 0.036573
v -0.153947 0.000397 0.036629
v -0.270139 0.088623 0.036632
v -0.308080 0.043335 0.036737
v -0.265226 0.104462 0.036768
v -0.233018 0.679230 0.036815
v -0.409559 0.588852 0.036831
v -0.166589 0.333580 0.036846
v -0.178283 0.605911 0.036884
v -0.146917 0.058411 0.036917
v -0.174939 0.669067 0.036932
v -0.232305 0.661346 0.036943
v -0.290540 0.108856 0.036951
v -0.286992 0.104279 0.036978
v -0.195652 0.384156 0.037021
v -0.248197 0.026306 0.037021
v -0.173757 0.519989 0.037126
v -0.289045 0.373045 0.037134
v -0.152269 0.453217 0.037212
v -0.280774 0.099884 0.037216
v -0.142003 0.366546 0.037220
v -0.149717 0.587646 0.037247
v -0.208699 0.761322 0.037269
v -0.289235 0.126404 0.037348
v -0.123578 0.053772 0.037378
v -0.276044 0.132050 0.037386
v -0.432447 0.585236 0.037437
v -0.251973 0.053162 0.037519
v -0.284253 0.082672 0.037561
v -0.294675 0.105255 0.037580
v -0.287183 0.085968 0.037636
v -0.256486 0.068054 0.037647
v -0.168952 0.341953 0.037662
v -0.104253 0.050629 0.037662
v -0.234044 0.642609 0.037689
v -0.313550 0.041748 0.037710
v -0.306089 0.055176 0.037725
v -0.269674 0.271660 0.037760
v -0.179807 0.690948 0.037779
v -0.171409 0.696411 0.037794
v -0.153466 0.448380 0.037830
v -0.181579 0.681549 0.037834
v -0.236440 0.603256 0.037988
v -0.233781 0.688385 0.037988
v -0.141881 0.057922 0.037988
v -0.170491 0.693542 0.038013
v -0.266561 0.270927 0.038040
v -0.152051 0.449913 0.038055
v -0.167352 0.342381 0.038059
v -0.146390 0.050781 0.038074
v -0.276387 0.079224 0.038097
v -0.245771 0.001007 0.038126
v -0.221200 0.648926 0.038130
v -0.169387 0.345093 0.038130
v -0.245958 0.520218 0.038145
v -0.233827 0.696228 0.038149
v -0.315046 0.039520 0.038172
v -0.283788 0.110901 0.038175
v -0.271291 0.415672 0.038210
v -0.248040 0.645905 0.038219
v -0.234403 0.296463 0.038219
v -0.263982 0.106964 0.038296
v -0.211467 0.602371 0.038362
v -0.155034 0.039062 0.038429
v -0.249566 0.659393 0.038448
v -0.150247 0.264320 0.038482
v -0.250779 0.690918 0.038505
v -0.178624 0.612061 0.038572
v -0.172685 0.659668 0.038591
v -0.160013 0.248627 0.038635
v -0.165639 0.240005 0.038635
v -0.162439 0.594681 0.038729
v -0.255582 0.563049 0.038759
v -0.183943 0.606506 0.038763
v -0.272970 0.127502 0.038790
v -0.222244 0.675690 0.038868
v -0.277723 0.432762 0.038921
v -0.177816 0.650665 0.038950
v -0.229598 0.322166 0.038973
v -0.279714 0.231964 0.038976
v -0.176137 0.511139 0.039003
v -0.274305 0.122009 0.039032
v -0.254510 0.043518 0.039051
v -0.132039 0.053589 0.039066
v -0.308767 0.056641 0.039148
v -0.261148 0.071777 0.039171
v -0.168765 0.705444 0.039175
v -0.266652 0.305016 0.039194
v -0.247342 0.021393 0.039217
v -0.270818 0.103668 0.039276
v -0.300954 0.068573 0.039280
v -0.244962 0.018768 0.039280
v -0.261895 0.075684 0.039388
v -0.087781 0.000824 0.039467
v -0.145238 0.571396 0.039482
v -0.152360 0.044128 0.039482
v -0.398084 0.588623 0.039493
v -0.422056 0.588455 0.039520
v -0.086293 0.017975 0.039535
v -0.258008 0.067047 0.039621
v -0.173198 0.699036 0.039676
v -0.159124 0.591949 0.039692
v -0.256734 0.565598 0.039755
v -0.141038 0.411915 0.039766
v -0.086599 0.019562 0.039774
v -0.250978 0.696381 0.039800
v -0.144975 0.426003 0.039823
v -0.245412 0.019867 0.039860
v -0.169589 0.356400 0.039863
v -0.156217 0.694031 0.039871
v -0.431699 0.592621 0.039932
v -0.086324 0.002869 0.039999
v -0.280988 0.103424 0.040081
v -0.232709 0.672333 0.040121
v -0.234994 0.693329 0.040125
v -0.235524 0.605591 0.040159
v -0.170835 0.752960 0.040163
v -0.213457 0.676544 0.040178
v -0.184037 0.584091 0.040243
v -0.089322 0.021820 0.040247
v -0.264791 0.284348 0.040270
v -0.233564 0.701691 0.040277
v -0.132238 0.370814 0.040308
v -0.245023 0.517883 0.040346
v -0.220454 0.674530 0.040373
v -0.222118 0.606018 0.040376
v -0.169933 0.363086 0.040380
v -0.295331 0.075684 0.040380
v -0.251664 0.056274 0.040441
v -0.151410 0.586807 0.040476
v -0.257043 0.719116 0.040491
v -0.297788 0.067566 0.040491
v -0.315076 0.035370 0.040529
v -0.169839 0.701385 0.040563
v -0.212679 0.359905 0.040571
v -0.223409 0.684082 0.040586
v -0.315702 0.036926 0.040598
v -0.159780 0.000946 0.040598
v -0.197223 0.636902 0.040643
v -0.232942 0.317406 0.040792
v -0.175981 0.600098 0.040815
v -0.247979 0.704742 0.040819
v -0.178066 0.494957 0.040846
v -0.222616 0.693085 0.040872
v -0.214515 0.612427 0.040903
v -0.460965 0.581238 0.040926
v -0.191034 0.359945 0.040956
v -0.271848 0.437500 0.041120
v -0.255456 0.557709 0.041258
v -0.216956 0.607071 0.041277
v -0.151662 0.043213 0.041284
v -0.230235 0.692352 0.041300
v -0.415815 0.587723 0.041487
v -0.145036 0.420834 0.041506
v -0.134664 0.382205 0.041513
v -0.251260 0.038727 0.041525
v -0.202059 0.638031 0.041536
v -0.122739 0.054047 0.041536
v -0.306928 0.046844 0.041536
v -0.194051 0.375767 0.041555
v -0.238942 0.466530 0.041563
v -0.271161 0.105255 0.041578
v -0.404767 0.587524 0.041624
v -0.256826 0.716736 0.041670
v -0.226224 0.344326 0.041673
v -0.145314 0.411819 0.041689
v -0.297849 0.062073 0.041704
v -0.253793 0.052673 0.041731
v -0.135534 0.368855 0.041765
v -0.246377 0.220230 0.041780
v -0.265165 0.347263 0.041799
v -0.310758 0.046783 0.041822
v -0.260839 0.440308 0.041849
v -0.236829 0.745667 0.041948
v -0.242379 0.690430 0.041952
v -0.219444 0.755127 0.041960
v -0.274022 0.079773 0.042066
v -0.307088 0.060181 0.042101
v -0.232709 0.653839 0.042120
v -0.274122 0.107971 0.042158
v -0.146749 0.522903 0.042177
v -0.212881 0.688141 0.042208
v -0.249658 0.725037 0.042238
v -0.256704 0.437389 0.042311
v -0.216691 0.693939 0.042311
v -0.139375 0.368031 0.042311
v -0.160322 0.592209 0.042330
v -0.149747 0.727417 0.042330
v -0.115339 0.052094 0.042345
v -0.276387 0.425560 0.042391
v -0.142423 0.052734 0.042398
v -0.303602 0.053497 0.042429
v -0.160806 0.018646 0.042444
v -0.212804 0.585495 0.042604
v -0.242910 0.595535 0.042616
v -0.261865 0.303337 0.042616
v -0.200333 0.583496 0.042620
v -0.453702 0.595276 0.042635
v -0.280118 0.252472 0.042696
v -0.225011 0.670990 0.042700
v -0.183585 0.584106 0.042711
v -0.221046 0.611542 0.042753
v -0.284971 0.079407 0.042787
v -0.253995 0.523682 0.042810
v -0.191905 0.519760 0.042814
v -0.240281 0.663696 0.042825
v -0.274526 0.102081 0.042833
v -0.312276 0.046204 0.042890
v -0.247434 0.030487 0.042890
v -0.248834 0.032257 0.042894
v -0.233316 0.704376 0.042974
v -0.229209 0.337364 0.042990
v -0.137121 0.380914 0.043032
v -0.168781 0.362759 0.043035
v -0.181735 0.693024 0.043104
v -0.315046 0.039642 0.043112
v -0.192340 0.360939 0.043119
v -0.254960 0.043243 0.043119
v -0.268552 0.262672 0.043157
v -0.090772 0.033875 0.043188
v -0.160043 0.002045 0.043192
v -0.157834 0.439041 0.043199
v -0.256826 0.051422 0.043260
v -0.192542 0.688171 0.043299
v -0.304036 0.059814 0.043310
v -0.222757 0.519806 0.043352
v -0.175639 0.711823 0.043371
v -0.180366 0.600342 0.043463
v -0.249364 0.451057 0.043489
v -0.152219 0.042786 0.043497
v -0.315198 0.035889 0.043527
v -0.253328 0.055298 0.043619
v -0.153199 0.439804 0.043630
v -0.278661 0.105225 0.043638
v -0.263265 0.313538 0.043672
v -0.149747 0.410000 0.043680
v -0.197378 0.677185 0.043745
v -0.250638 0.707153 0.043749
v -0.139764 0.368894 0.043772
v -0.261026 0.268623 0.043806
v -0.156854 0.033386 0.043878
v -0.225679 0.349970 0.043939
v -0.120900 0.053070 0.043943
v -0.139066 0.372276 0.044065
v -0.258661 0.060974 0.044073
v -0.229148 0.346376 0.044119
v -0.138273 0.052917 0.044176
v -0.140573 0.382282 0.044187
v -0.206631 0.360994 0.044218
v -0.154069 0.425781 0.044226
v -0.201872 0.688477 0.044267
v -0.227716 0.706696 0.044313
v -0.261369 0.070984 0.044367
v -0.160447 0.473610 0.044397
v -0.258443 0.719818 0.044435
v -0.224405 0.362161 0.044443
v -0.198389 0.519638 0.044496
v -0.170974 0.749634 0.044534
v -0.156202 0.468323 0.044542
v -0.166497 0.591385 0.044565
v -0.272718 0.223831 0.044584
v -0.140184 0.370153 0.044626
v -0.246377 0.733795 0.044664
v -0.163400 0.519791 0.044668
v -0.459012 0.578735 0.044672
v -0.191796 0.376770 0.044775
v -0.253606 0.439545 0.044905
v -0.299184 0.062958 0.044920
v -0.210331 0.583969 0.044946
v -0.099080 0.046722 0.044962
v -0.242257 0.699646 0.044988
v -0.193055 0.691620 0.044996
v -0.294927 0.065765 0.045007
v -0.147386 0.511902 0.045061
v -0.146795 0.047913 0.045080
v -0.190878 0.383270 0.045111
v -0.246129 0.508591 0.045130
v -0.232412 0.640747 0.045137
v -0.263578 0.333130 0.045145
v -0.165624 0.704163 0.045175
v -0.291906 0.064392 0.045210
v -0.238149 0.702057 0.045225
v -0.290693 0.075256 0.045248
v -0.239427 0.469879 0.045259
v -0.223720 0.659027 0.045309
v -0.153264 0.579529 0.045435
v -0.254854 0.525986 0.045488
v -0.277166 0.073547 0.045503
v -0.305654 0.055756 0.045503
v -0.153028 0.455673 0.045507
v -0.272779 0.417549 0.045545
v -0.206677 0.376505 0.045561
v -0.151754 0.582169 0.045576
v -0.262021 0.366211 0.045610
v -0.171502 0.471313 0.045660
v -0.249643 0.037659 0.045744
v -0.235368 0.239212 0.045751
v -0.181953 0.722565 0.045763
v -0.286680 0.072113 0.045816
v -0.191236 0.386131 0.045828
v -0.123533 0.052521 0.045831
v -0.276914 0.077362 0.045839
v -0.126973 0.052887 0.045870
v -0.219646 0.696747 0.045877
v -0.191516 0.653442 0.045954
v -0.248056 0.033478 0.045961
v -0.230268 0.748169 0.046076
v -0.145971 0.429008 0.046099
v -0.253282 0.511444 0.046110
v -0.201250 0.693359 0.046156
v -0.207051 0.385136 0.046186
v -0.251149 0.452919 0.046209
v -0.227935 0.748566 0.046232
v -0.152486 0.465324 0.046423
v -0.215789 0.700592 0.046507
v -0.245614 0.704193 0.046629
v -0.249410 0.714752 0.046667
v -0.147710 0.541321 0.046697
v -0.203567 0.691376 0.046797
v -0.220424 0.493744 0.046858
v -0.163713 0.363685 0.046865
v -0.149003 0.382850 0.046873
v -0.259439 0.717194 0.046884
v -0.184799 0.702820 0.046919
v -0.238477 0.364221 0.046938
v -0.107770 0.049744 0.046938
v -0.313306 0.041443 0.046976
v -0.272405 0.435341 0.046984
v -0.228603 0.746582 0.047025
v -0.254400 0.045563 0.047075
v -0.182792 0.595245 0.047121
v -0.188748 0.700470 0.047128
v -0.249379 0.468864 0.047186
v -0.149717 0.724548 0.047201
v -0.169481 0.472374 0.047231
v -0.260839 0.063324 0.047239
v -0.161256 0.421406 0.047315
v -0.273122 0.072418 0.047323
v -0.302793 0.052063 0.047327
v -0.186680 0.721405 0.047342
v -0.260309 0.334995 0.047346
v -0.175779 0.520096 0.047365
v -0.158441 0.447235 0.047403
v -0.307676 0.050262 0.047457
v -0.223005 0.703827 0.047468
v -0.246549 0.702271 0.047472
v -0.151910 0.366748 0.047518
v -0.208621 0.385851 0.047548
v -0.151521 0.458839 0.047575
v -0.131833 0.051819 0.047682
v -0.141740 0.050293 0.047701
v -0.254136 0.512161 0.047785
v -0.136983 0.051147 0.047792
v -0.218231 0.707214 0.047807
v -0.167833 0.742462 0.047914
v -0.281392 0.065186 0.047922
v -0.159341 0.508118 0.047933
v -0.144632 0.441536 0.047960
v -0.199882 0.653534 0.047975
v -0.198684 0.495537 0.048090
v -0.159406 0.584595 0.048109
v -0.219739 0.600403 0.048116
v -0.169683 0.445839 0.048120
v -0.165250 0.742859 0.048166
v -0.317968 0.019562 0.048227
v -0.178392 0.362743 0.048258
v -0.213177 0.598877 0.048307
v -0.258878 0.050354 0.048364
v -0.314084 0.040009 0.048372
v -0.168844 0.442757 0.048429
v -0.198840 0.761108 0.048471
v -0.300428 0.061157 0.048471
v -0.156869 0.000519 0.048471
v -0.250467 0.038605 0.048654
v -0.259843 0.346594 0.048715
v -0.253404 0.559464 0.048784
v -0.277448 0.243546 0.048857
v -0.251584 0.454903 0.048860
v -0.311467 0.045044 0.048864
v -0.162687 0.584763 0.048906
v -0.244481 0.701080 0.048906
v -0.203723 0.666046 0.048918
v -0.153123 0.727173 0.048948
v -0.225866 0.362168 0.048963
v -0.461881 0.590729 0.048986
v -0.180694 0.397598 0.049078
v -0.158830 0.580536 0.049089
v -0.166200 0.448891 0.049120
v -0.182155 0.579987 0.049166
v -0.170305 0.517853 0.049181
v -0.193024 0.663879 0.049230
v -0.157041 0.712646 0.049337
v -0.265752 0.066803 0.049337
v -0.236753 0.741089 0.049516
v -0.194906 0.708374 0.049536
v -0.311567 0.044037 0.049600
v -0.166433 0.410210 0.049661
v -0.259191 0.355955 0.049738
v -0.248864 0.445229 0.049768
v -0.255769 0.444130 0.049772
v -0.203583 0.703796 0.049787
v -0.156480 0.470352 0.049814
v -0.171907 0.408203 0.049856
v -0.199991 0.661255 0.049978
v -0.246549 0.724792 0.050024
v -0.240327 0.736847 0.050058
v -0.183275 0.467369 0.050077
v -0.212555 0.590210 0.050093
v -0.258287 0.056396 0.050092
v -0.156389 0.380486 0.050100
v -0.265935 0.367043 0.050112
v -0.208605 0.703308 0.050157
v -0.188250 0.754486 0.050173
v -0.268735 0.429077 0.050218
v -0.257261 0.365597 0.050257
v -0.284009 0.063995 0.050318
v -0.205433 0.710754 0.050363
v -0.162687 0.704559 0.050402
v -0.210518 0.717072 0.050428
v -0.197005 0.389591 0.050474
v -0.151273 0.449669 0.050543
v -0.253171 0.570419 0.050562
v -0.271695 0.063965 0.050604
v -0.250451 0.264099 0.050627
v -0.175079 0.750916 0.050710
v -0.278600 0.067780 0.050722
v -0.173959 0.520294 0.050802
v -0.251523 0.523804 0.050848
v -0.151086 0.418293 0.050867
v -0.243734 0.442833 0.050875
v -0.157975 0.456093 0.050890
v -0.298162 0.058685 0.050909
v -0.170726 0.424770 0.051004
v -0.459104 0.587708 0.051054
v -0.315107 0.021790 0.051115
v -0.139703 0.435692 0.051172
v -0.173648 0.431778 0.051348
v -0.290540 0.056580 0.051481
v -0.178235 0.724304 0.051725
v -0.196523 0.478973 0.051767
v -0.262334 0.060455 0.051836
v -0.155889 0.028717 0.051939
v -0.202650 0.391192 0.051946
v -0.171970 0.395384 0.052000
v -0.094243 0.040955 0.052004
v -0.227079 0.467255 0.052038
v -0.221698 0.711823 0.052057
v -0.086431 0.019318 0.052061
v -0.268400 0.056244 0.052069
v -0.238305 0.448814 0.052156
v -0.246766 0.713226 0.052225
v -0.162095 0.726318 0.052240
v -0.091733 0.034210 0.052275
v -0.163572 0.366950 0.052408
v -0.240964 0.468628 0.052423
v -0.263791 0.058197 0.052442
v -0.192729 0.464661 0.052488
v -0.169715 0.711365 0.052503
v -0.250917 0.040649 0.052507
v -0.252816 0.042999 0.052530
v -0.278905 0.057159 0.052553
v -0.210223 0.580185 0.052599
v -0.300588 0.053680 0.052603
v -0.195481 0.520370 0.052637
v -0.156076 0.022064 0.052660
v -0.232927 0.518524 0.052664
v -0.168378 0.381178 0.052725
v -0.215075 0.395849 0.052732
v -0.168704 0.719177 0.052755
v -0.196787 0.665649 0.052759
v -0.166620 0.365108 0.052786
v -0.219274 0.362410 0.052847
v -0.309140 0.046539 0.052862
v -0.232755 0.520233 0.052934
v -0.200535 0.475571 0.052992
v -0.167909 0.449593 0.053003
v -0.177676 0.521606 0.053152
v -0.279714 0.061981 0.053160
v -0.214997 0.717346 0.053232
v -0.090360 0.021820 0.053236
v -0.255830 0.420994 0.053289
v -0.247293 0.701904 0.053312
v -0.199960 0.466385 0.053446
v -0.215774 0.466232 0.053453
v -0.144338 0.420628 0.053461
v -0.238385 0.585327 0.053510
v -0.156995 0.001251 0.053545
v -0.158178 0.415764 0.053640
v -0.168548 0.378449 0.053682
v -0.279126 0.059296 0.053720
v -0.183648 0.444420 0.053724
v -0.235166 0.363187 0.053739
v -0.242444 0.730408 0.053800
v -0.152875 0.515350 0.053823
v -0.177848 0.529007 0.053835
v -0.158113 0.019531 0.053919
v -0.171378 0.507645 0.053987
v -0.183196 0.750488 0.054079
v -0.240110 0.589111 0.054220
v -0.254075 0.722290 0.054285
v -0.173820 0.471329 0.054308
v -0.153138 0.522614 0.054315
v -0.144960 0.448860 0.054384
v -0.249364 0.566422 0.054411
v -0.306524 0.049164 0.054434
v -0.182388 0.407064 0.054479
v -0.244401 0.018921 0.054498
v -0.241338 0.425842 0.054537
v -0.245862 0.726837 0.054548
v -0.114942 0.050720 0.054563
v -0.315046 0.034637 0.054609
v -0.138101 0.428478 0.054643
v -0.178672 0.539917 0.054647
v -0.260713 0.052643 0.054674
v -0.164644 0.470116 0.054697
v -0.227577 0.743439 0.054735
v -0.238305 0.704926 0.054811
v -0.164289 0.465736 0.054857
v -0.242536 0.734222 0.054945
v -0.105985 0.047180 0.054972
v -0.158208 0.016785 0.055059
v -0.177987 0.508957 0.055071
v -0.255769 0.411331 0.055116
v -0.191065 0.529083 0.055170
v -0.162221 0.453003 0.055193
v -0.167211 0.417664 0.055204
v -0.170228 0.729736 0.055216
v -0.138147 0.440445 0.055303
v -0.188670 0.443718 0.055349
v -0.171409 0.584351 0.055357
v -0.153432 0.033051 0.055406
v -0.266744 0.382407 0.055441
v -0.297971 0.053284 0.055441
v -0.154661 0.511597 0.055467
v -0.164613 0.737732 0.055467
v -0.123418 0.051239 0.055525
v -0.253419 0.716492 0.055567
v -0.222274 0.518738 0.055586
v -0.174489 0.442467 0.055589
v -0.265439 0.053284 0.055639
v -0.086164 0.002319 0.055692
v -0.234403 0.424423 0.055708
v -0.194020 0.528183 0.055994
v -0.197440 0.466164 0.056017
v -0.154474 0.565170 0.056024
v -0.246782 0.021545 0.056066
v -0.224576 0.406813 0.056154
v -0.259004 0.397972 0.056173
v -0.199555 0.522018 0.056207
v -0.143449 0.047028 0.056207
v -0.257295 0.444237 0.056223
v -0.255304 0.046417 0.056265
v -0.226457 0.466240 0.056318
v -0.153295 0.533813 0.056349
v -0.282171 0.053894 0.056425
v -0.235772 0.508484 0.056433
v -0.248864 0.527878 0.056448
v -0.259717 0.421574 0.056471
v -0.242025 0.425720 0.056490
v -0.166387 0.737335 0.056547
v -0.179885 0.567322 0.056654
v -0.218091 0.520767 0.056700
v -0.166978 0.735046 0.056707
v -0.228153 0.741547 0.056726
v -0.225213 0.432362 0.056745
v -0.240640 0.580276 0.056761
v -0.159482 0.454712 0.056986
v -0.173135 0.497398 0.057005
v -0.237497 0.452827 0.057058
v -0.304593 0.049194 0.057115
v -0.210176 0.529037 0.057146
v -0.161863 0.466888 0.057169
v -0.209990 0.539627 0.057409
v -0.179355 0.584793 0.057409
v -0.156389 0.002228 0.057451
v -0.266408 0.369726 0.057535
v -0.226798 0.423073 0.057539
v -0.247060 0.512482 0.057550
v -0.238370 0.746033 0.057588
v -0.232755 0.410526 0.057592
v -0.217672 0.528915 0.057592
v -0.262052 0.383658 0.057806
v -0.232023 0.698883 0.057813
v -0.185965 0.444321 0.057855
v -0.230268 0.409164 0.057894
v -0.216537 0.406921 0.057916
v -0.248960 0.710846 0.057974
v -0.178781 0.552902 0.057985
v -0.189852 0.706970 0.058035
v -0.216893 0.539825 0.058042
v -0.086812 0.001007 0.058050
v -0.229940 0.464584 0.058061
v -0.164846 0.467140 0.058145
v -0.306684 0.048248 0.058203
v -0.151365 0.414417 0.058241
v -0.167150 0.482262 0.058332
v -0.311719 0.042572 0.058378
v -0.221605 0.588669 0.058386
v -0.087133 0.018860 0.058397
v -0.218231 0.508606 0.058504
v -0.169170 0.475342 0.058527
v -0.256704 0.367650 0.058531
v -0.093419 0.033905 0.058534
v -0.263387 0.379110 0.058569
v -0.091749 0.021881 0.058626
v -0.160959 0.458603 0.058630
v -0.170135 0.741028 0.058649
v -0.201717 0.440132 0.058668
v -0.229846 0.586853 0.058809
v -0.199866 0.405945 0.058862
v -0.179729 0.749695 0.058878
v -0.227966 0.585770 0.058912
v -0.235135 0.738129 0.058954
v -0.224746 0.394957 0.058973
v -0.248399 0.725739 0.059278
v -0.176370 0.496346 0.059282
v -0.300893 0.051727 0.059290
v -0.257695 0.442177 0.059328
v -0.226690 0.740784 0.059343
v -0.248662 0.382407 0.059416
v -0.258504 0.370114 0.059446
v -0.088460 0.000458 0.059450
v -0.128225 0.049805 0.059477
v -0.213970 0.570602 0.059507
v -0.086744 0.001587 0.059557
v -0.231046 0.455200 0.059660
v -0.218480 0.742584 0.059667
v -0.231370 0.709076 0.059683
v -0.254480 0.381186 0.059725
v -0.224155 0.508102 0.059767
v -0.124387 0.049957 0.059793
v -0.097081 0.039490 0.059812
v -0.168206 0.451408 0.059820
v -0.242551 0.705536 0.059820
v -0.246751 0.000183 0.059938
v -0.199866 0.423164 0.059976
v -0.088727 0.020020 0.060228
v -0.227701 0.380214 0.060247
v -0.177770 0.434200 0.060293
v -0.248617 0.712677 0.060293
v -0.300802 0.050842 0.060297
v -0.210067 0.566895 0.060331
v -0.202899 0.464310 0.060499
v -0.213753 0.585007 0.060697
v -0.162126 0.469627 0.060831
v -0.201250 0.750397 0.060869
v -0.153619 0.000580 0.060896
v -0.139779 0.421726 0.061033
v -0.230205 0.365076 0.061113
v -0.260743 0.049927 0.061132
v -0.227250 0.378060 0.061174
v -0.212851 0.436855 0.061186
v -0.156232 0.455925 0.061292
v -0.166230 0.455956 0.061296
v -0.235257 0.736572 0.061353
v -0.248384 0.725067 0.061376
v -0.279470 0.054443 0.061437
v -0.213100 0.461349 0.061445
v -0.151738 0.027954 0.061445
v -0.210020 0.552811 0.061487
v -0.168361 0.465965 0.061510
v -0.162019 0.513672 0.061518
v -0.175220 0.423180 0.061575
v -0.170757 0.498604 0.061731
v -0.171502 0.575455 0.061739
v -0.215463 0.553177 0.061785
v -0.198685 0.705383 0.061846
v -0.172359 0.481812 0.061868
v -0.175826 0.462036 0.061975
v -0.139642 0.447021 0.061987
v -0.243406 0.706543 0.062021
v -0.231450 0.710144 0.062147
v -0.247278 0.030548 0.062170
v -0.239255 0.742035 0.062177
v -0.231294 0.713135 0.062231
v -0.188562 0.467255 0.062273
v -0.241384 0.743378 0.062273
v -0.228059 0.711090 0.062292
v -0.175561 0.453316 0.062345
v -0.094938 0.031555 0.062494
v -0.226457 0.735077 0.062498
v -0.236516 0.452660 0.062521
v -0.268400 0.052124 0.062536
v -0.118604 0.048401 0.062540
v -0.245305 0.001465 0.062544
v -0.232057 0.727539 0.062597
v -0.248926 0.425377 0.062639
v -0.165826 0.480637 0.062658
v -0.170150 0.731323 0.062666
v -0.292096 0.051941 0.062715
v -0.315267 0.027161 0.062719
v -0.167226 0.453102 0.062773
v -0.193957 0.746521 0.062910
v -0.159154 0.459702 0.063192
v -0.144273 0.043274 0.063265
v -0.107816 0.044342 0.063387
v -0.235196 0.699707 0.063394
v -0.173478 0.496056 0.063410
v -0.094640 0.021790 0.063444
v -0.149251 0.453934 0.063532
v -0.169185 0.568146 0.063532
v -0.169420 0.474174 0.063547
v -0.221015 0.716736 0.063547
v -0.180785 0.466660 0.063570
v -0.266126 0.050934 0.063577
v -0.291814 0.051941 0.063825
v -0.151193 0.021851 0.063936
v -0.231263 0.740540 0.064035
v -0.272130 0.051361 0.064192
v -0.166028 0.523315 0.064253
v -0.279279 0.053314 0.064283
v -0.244542 0.019867 0.064325
v -0.244123 0.017975 0.064493
v -0.224311 0.724609 0.064508
v -0.135740 0.437458 0.064524
v -0.245553 0.445709 0.064524
v -0.089002 0.003754 0.064543
v -0.284787 0.052460 0.064565
v -0.147149 0.415356 0.064573
v -0.180492 0.718811 0.064588
v -0.246721 0.021484 0.064695
v -0.182544 0.447456 0.064775
v -0.241773 0.433270 0.064783
v -0.173587 0.453033 0.064829
v -0.154104 0.019318 0.064852
v -0.174629 0.445686 0.064867
v -0.148301 0.034271 0.064867
v -0.168206 0.512131 0.064882
v -0.315511 0.021790 0.064890
v -0.240033 0.512329 0.065054
v -0.225368 0.729797 0.065164
v -0.216537 0.529861 0.065218
v -0.177629 0.570557 0.065233
v -0.274831 0.052399 0.065241
v -0.159639 0.413101 0.065256
v -0.090360 0.018616 0.065264
v -0.164365 0.458122 0.065317
v -0.239660 0.523743 0.065504
v -0.226861 0.730988 0.065504
v -0.176261 0.460823 0.065668
v -0.243299 0.718353 0.065676
v -0.098119 0.033356 0.065714
v -0.112790 0.045441 0.065737
v -0.189681 0.746063 0.065771
v -0.162702 0.459358 0.065832
v -0.303106 0.048767 0.065885
v -0.191905 0.463722 0.065965
v -0.217017 0.709656 0.066160
v -0.171487 0.565109 0.066168
v -0.125196 0.046631 0.066213
v -0.318563 0.019165 0.066236
v -0.238492 0.566696 0.066252
v -0.237947 0.446663 0.066282
v -0.233690 0.431252 0.066320
v -0.191578 0.447983 0.066320
v -0.236036 0.726990 0.066416
v -0.191842 0.454369 0.066446
v -0.103673 0.039337 0.066469
v -0.195123 0.459175 0.066500
v -0.205573 0.461159 0.066587
v -0.170741 0.533340 0.066686
v -0.239614 0.537994 0.066709
v -0.176261 0.541000 0.066782
v -0.318403 0.002106 0.066789
v -0.156404 0.455162 0.066850
v -0.318029 0.001190 0.066896
v -0.235383 0.713470 0.066904
v -0.230359 0.436176 0.066976
v -0.227094 0.451027 0.067030
v -0.175048 0.512604 0.067030
v -0.317067 0.000580 0.067068
v -0.238012 0.526245 0.067232
v -0.208294 0.439880 0.067270
v -0.313054 0.035339 0.067293
v -0.213364 0.735657 0.067346
v -0.214763 0.575912 0.067449
v -0.222694 0.454277 0.067465
v -0.208715 0.442703 0.067480
v -0.096822 0.020905 0.067613
v -0.100217 0.022461 0.067629
v -0.237966 0.714020 0.067713
v -0.246316 0.444939 0.067976
v -0.210844 0.455704 0.067995
v -0.238199 0.724945 0.068056
v -0.242692 0.433376 0.068079
v -0.102224 0.033478 0.068228
v -0.137044 0.427551 0.068407
v -0.140668 0.041412 0.068529
v -0.257695 0.046997 0.068708
v -0.224918 0.511581 0.069204
v -0.167661 0.416393 0.069246
v -0.144399 0.035492 0.069277
v -0.162607 0.453918 0.069284
v -0.093259 0.000549 0.069307
v -0.213660 0.734497 0.069391
v -0.152810 0.013397 0.069486
v -0.146512 0.027985 0.069494
v -0.204407 0.740662 0.069540
v -0.093526 0.019592 0.069650
v -0.194906 0.459404 0.069689
v -0.191391 0.447632 0.069853
v -0.195512 0.717041 0.069959
v -0.177039 0.433414 0.069975
v -0.223581 0.569504 0.069982
v -0.217143 0.513763 0.070364
v -0.228711 0.450699 0.070394
v -0.093725 0.018005 0.070394
v -0.120847 0.043579 0.070452
v -0.142408 0.448402 0.070543
v -0.219226 0.717163 0.070566
v -0.228261 0.436569 0.070597
v -0.108655 0.034119 0.070661
v -0.223161 0.558548 0.070791
v -0.216350 0.720886 0.070932
v -0.244993 0.018677 0.070932
v -0.215339 0.565414 0.070970
v -0.210580 0.456238 0.071218
v -0.207797 0.443222 0.071283
v -0.211638 0.723511 0.071420
v -0.128988 0.042358 0.071581
v -0.110105 0.021210 0.071581
v -0.149671 0.000519 0.071581
v -0.206553 0.725952 0.071626
v -0.224963 0.513275 0.071657
v -0.205386 0.739594 0.071672
v -0.114606 0.038971 0.071688
v -0.218931 0.546417 0.071764
v -0.113813 0.022766 0.071802
v -0.219585 0.512360 0.071863
v -0.147416 0.021179 0.071863
v -0.224155 0.525757 0.071893
v -0.093358 0.001923 0.071947
v -0.138864 0.442223 0.072107
v -0.137540 0.038940 0.072183
v -0.094541 0.005493 0.072405
v -0.145891 0.417519 0.072672
v -0.219226 0.719452 0.073053
v -0.144040 0.022583 0.073099
v -0.108045 0.019684 0.073152
v -0.213753 0.709839 0.074045
v -0.315419 0.000610 0.074068
v -0.127820 0.037994 0.074182
v -0.138566 0.033417 0.074190
v -0.138040 0.432655 0.074243
v -0.306463 0.043152 0.074251
v -0.173663 0.442696 0.074259
v -0.123914 0.031342 0.074465
v -0.106099 0.000885 0.074480
v -0.287587 0.050751 0.074678
v -0.151162 0.451271 0.074968
v -0.143388 0.021271 0.075105
v -0.249936 0.029694 0.075128
v -0.114637 0.000488 0.075205
v -0.129598 0.022125 0.075273
v -0.252191 0.037567 0.075281
v -0.171518 0.423985 0.075304
v -0.168300 0.448326 0.075304
v -0.158162 0.451538 0.075311
v -0.132177 0.033325 0.075319
v -0.150338 0.001770 0.075388
v -0.138631 0.022247 0.075403
v -0.310567 0.034821 0.075533
v -0.316198 0.019592 0.075632
v -0.149965 0.019135 0.075739
v -0.282483 0.051117 0.076006
v -0.273282 0.050476 0.076052
v -0.133779 0.021393 0.076189
v -0.131322 0.000458 0.076204
v -0.111013 0.002106 0.076486
v -0.294210 0.048309 0.076616
v -0.112470 0.004791 0.076723
v -0.119596 0.017670 0.076746
v -0.157304 0.417244 0.076906
v -0.255521 0.043091 0.076929
v -0.145097 0.446030 0.077104
v -0.144788 0.422298 0.077120
v -0.307737 0.040009 0.077196
v -0.125737 0.019745 0.077402
v -0.128103 0.018616 0.078577
v -0.247964 0.000305 0.078592
v -0.315763 0.002777 0.078737
v -0.139627 0.020081 0.078783
v -0.125814 0.001343 0.079096
v -0.135412 0.019104 0.079164
v -0.315198 0.001221 0.079233
v -0.250528 0.021698 0.079263
v -0.133855 0.000732 0.079302
v -0.125219 0.002533 0.079431
v -0.311002 0.021942 0.079637
v -0.306745 0.000488 0.079790
v -0.148084 0.019531 0.079943
v -0.169341 0.440147 0.079950
v -0.129613 0.006653 0.080042
v -0.169761 0.429169 0.080057
v -0.161226 0.421936 0.080637
v -0.247106 0.019775 0.080675
v -0.147371 0.000702 0.080934
v -0.148397 0.009552 0.080995
v -0.144273 0.436371 0.081018
v -0.138631 0.001617 0.081117
v -0.279096 0.048767 0.081575
v -0.146966 0.008850 0.081621
v -0.148534 0.426006 0.081888
v -0.149453 0.442375 0.081934
v -0.147867 0.001953 0.082109
v -0.160104 0.444107 0.082300
v -0.253701 0.031860 0.082956
v -0.313863 0.019684 0.083299
v -0.286931 0.046875 0.083841
v -0.246984 0.018097 0.083849
v -0.305997 0.033569 0.083978
v -0.301984 0.039948 0.084024
v -0.256391 0.036591 0.084245
v -0.159654 0.437180 0.084566
v -0.314206 0.002838 0.084612
v -0.247232 0.001495 0.084764
v -0.156202 0.434227 0.084787
v -0.260465 0.041412 0.085382
v -0.253904 0.021973 0.085466
v -0.312093 0.000580 0.085657
v -0.313245 0.001221 0.085863
v -0.252797 0.021149 0.086221
v -0.272748 0.045288 0.086366
v -0.312124 0.018738 0.086435
v -0.306432 0.021729 0.086450
v -0.295141 0.041595 0.086664
v -0.258661 0.031830 0.087984
v -0.312124 0.002930 0.087992
v -0.280057 0.044922 0.088053
v -0.287122 0.043579 0.088274
v -0.301297 0.032593 0.088342
v -0.259160 0.021606 0.088487
v -0.270353 0.042114 0.088960
v -0.264791 0.037567 0.089205
v -0.263234 0.030579 0.089723
v -0.296544 0.034912 0.089777
v -0.300679 0.021912 0.089838
v -0.268361 0.021851 0.090250
v -0.275770 0.040314 0.090357
v -0.295141 0.022064 0.090524
v -0.269269 0.034424 0.090723
v -0.248742 0.019409 0.090853
v -0.288701 0.036255 0.090929
v -0.267591 0.021057 0.090936
v -0.284505 0.021545 0.091028
v -0.281392 0.037292 0.091333
v -0.249254 0.000458 0.091608
v -0.300336 0.020996 0.091623
v -0.248369 0.011292 0.092111
v -0.261586 0.000427 0.092653
v -0.260000 0.019073 0.092912
v -0.248212 0.001953 0.092981
v -0.305219 0.020111 0.093195
v -0.268300 0.019958 0.093263
v -0.298719 0.019775 0.093859
v -0.267087 0.019073 0.093904
v -0.279004 0.019196 0.094019
v -0.281331 0.000519 0.094049
v -0.305341 0.018738 0.094118
v -0.269674 0.018158 0.094202
v -0.258069 0.005219 0.094217
v -0.259752 0.001404 0.094309
v -0.304471 0.018585 0.094507
v -0.268766 0.001190 0.094995
v -0.303975 0.000702 0.095148
v -0.304097 0.013031 0.095293
v -0.285810 0.010498 0.095362
v -0.270543 0.003143 0.095766
v -0.289762 0.001160 0.095835
v -0.304288 0.001373 0.096254
v -0.287648 0.003265 0.096277
v -0.304349 0.003784 0.096605
v -0.208077 0.771973 0.008823
v -0.499997 0.604156 0.008822
v -0.124051 0.263367 0.008792
v -0.147805 0.589447 0.008790
v -0.412229 0.576935 0.008761
v -0.110074 0.123779 0.008657
v -0.243764 0.219162 0.008615
v -0.406537 0.571991 0.008589
v -0.418012 0.573044 0.008573
v -0.157789 0.082855 0.008572
v -0.235570 0.255020 0.008560
v -0.460569 0.591110 0.008519
v -0.305158 0.109467 0.008507
v -0.254541 0.719025 0.008490
v -0.187302 0.625397 0.008486
v -0.266469 0.000122 0.008450
v -0.498716 0.593262 0.008446
v -0.144323 0.546478 0.008433
v -0.490171 0.583527 0.008410
v -0.145940 0.522568 0.008350
v -0.144399 0.613617 0.008336
v 0.075320 0.591019 0.008317
v -0.191858 0.645691 0.008316
v -0.220424 0.336815 0.008292
v -0.096830 0.030182 0.008281
v -0.349942 0.574127 0.008224
v -0.290044 0.582184 0.008223
v -0.401075 0.574173 0.008177
v -0.139642 0.211792 0.008158
v -0.107396 0.104858 0.008155
v -0.112821 0.087067 0.008140
v -0.096380 0.021088 0.008126
v -0.482419 0.607880 0.008069
v -0.146360 0.510162 0.008053
v -0.254136 0.736816 0.008048
v -0.151258 0.180283 0.008038
v -0.148923 0.179291 0.008020
v -0.181627 0.770020 0.008013
v -0.185700 0.773010 0.007974
v -0.149156 0.601013 0.007969
v -0.102269 0.048798 0.007949
v -0.250730 0.021362 0.007905
v -0.116750 0.090698 0.007866
v -0.147741 0.671509 0.007845
v 0.061709 0.595184 0.007834
v -0.416333 0.622391 0.007831
v -0.167848 0.759644 0.007817
v -0.120000 0.241974 0.007783
v -0.495359 0.602219 0.007763
v -0.424177 0.575241 0.007746
v -0.159467 0.091522 0.007715
v -0.118573 0.134628 0.007708
v -0.249143 0.745789 0.007697
v -0.148519 0.665771 0.007662
v -0.111371 0.074615 0.007658
v -0.115964 0.094727 0.007638
v -0.204283 0.361157 0.007586
v -0.094465 0.018768 0.007568
v -0.253343 0.033936 0.007558
v -0.232831 0.254799 0.007528
v 0.014712 0.589172 0.007523
v -0.203023 0.786621 0.007493
v -0.477109 0.607147 0.007429
v -0.158567 0.086182 0.007417
v -0.138582 0.589600 0.007386
v -0.223068 0.324684 0.007367
v -0.215915 0.771790 0.007333
v -0.461606 0.611206 0.007305
v -0.186570 0.771423 0.007263
v -0.102239 0.033203 0.007256
v -0.187302 0.623871 0.007253
v -0.150712 0.131332 0.007224
v -0.253934 0.702026 0.007221
v -0.147928 0.693390 0.007192
v -0.161580 0.042084 0.007187
v -0.257730 0.694763 0.007180
v -0.332486 0.580795 0.007174
v -0.184938 0.788940 0.007163
v -0.286031 0.581436 0.007136
v -0.104139 0.066437 0.007111
v -0.252969 0.165146 0.007094
v -0.399793 0.583145 0.007086
v -0.238866 0.235367 0.007081
v -0.260965 0.695892 0.007048
v -0.148053 0.163742 0.007017
v -0.120427 0.090881 0.006882
v -0.105298 0.070709 0.006856
v -0.310384 0.040039 0.006834
v -0.145097 0.572754 0.006815
v -0.187986 0.630707 0.006808
v -0.111745 0.129868 0.006797
v -0.251634 0.022034 0.006780
v -0.275426 0.581055 0.006770
v -0.288205 0.581421 0.006763
v -0.165235 0.620117 0.006733
v -0.120565 0.095612 0.006720
v -0.324094 0.582962 0.006717
v -0.131742 0.221420 0.006675
v -0.258321 0.675293 0.006654
v -0.216396 0.648224 0.006602
v -0.257791 0.142319 0.006550
v -0.251336 0.033142 0.006520
v -0.254728 0.580460 0.006499
v -0.104757 0.129837 0.006453
v -0.227857 0.296616 0.006449
v -0.238103 0.633484 0.006440
v -0.239831 0.518814 0.006370
v -0.145208 0.562912 0.006357
v -0.233625 0.267525 0.006274
v -0.152765 0.127411 0.006215
v -0.181812 0.771606 0.006157
v -0.104230 0.123810 0.006124
v -0.148130 0.154480 0.006115
v -0.499997 0.603333 0.006090
v -0.481656 0.607269 0.006090
v -0.182994 0.296013 0.006075
v -0.137201 0.130829 0.006073
v -0.108823 0.100983 0.006064
v -0.169233 0.123810 0.005949
v -0.138086 0.606171 0.005944
v -0.168176 0.128632 0.005923
v -0.456113 0.616440 0.005910
v 0.037966 0.584335 0.005897
v -0.145067 0.737000 0.005866
v -0.118947 0.373419 0.005866
v -0.133001 0.205170 0.005836
v -0.257760 0.574127 0.005793
v -0.257169 0.620773 0.005793
v -0.306402 0.108917 0.005791
v -0.251073 0.025055 0.005780
v -0.439695 0.589798 0.005708
v -0.123113 0.227219 0.005682
v -0.103605 0.037750 0.005673
v -0.254991 0.674896 0.005640
v -0.188950 0.638275 0.005623
v -0.260309 0.683594 0.005620
v -0.289075 0.582062 0.005596
v -0.218620 0.624176 0.005481
v -0.119123 0.115936 0.005480
v -0.156450 0.518997 0.005438
v -0.251043 0.030090 0.005317
v -0.235647 0.235580 0.005266
v -0.309232 0.054810 0.005234
v -0.168081 0.225418 0.005165
v -0.237077 0.235886 0.005083
v -0.139112 0.165146 0.005078
v -0.148332 0.608994 0.005012
v -0.144677 0.699860 0.004993
v -0.129796 0.209732 0.004918
v -0.112088 0.083923 0.004915
v -0.162156 0.072266 0.004912
v -0.117490 0.131836 0.004908
v -0.314863 0.019501 0.004877
v -0.290693 0.182922 0.004816
v -0.405423 0.623688 0.004795
v -0.228029 0.633484 0.004719
v -0.151647 0.164673 0.004700
v 0.003863 0.601074 0.004691
v -0.160665 0.090942 0.004653
v -0.311528 0.025635 0.004637
v -0.223068 0.619812 0.004621
v -0.098775 0.024384 0.004614
v -0.145334 0.730286 0.004586
v -0.252893 0.027557 0.004561
v -0.147462 0.142380 0.004561
v -0.106008 0.104950 0.004527
v -0.311971 0.021606 0.004504
v -0.108182 0.108429 0.004486
v -0.118184 0.591309 0.004467
v -0.256391 0.668945 0.004462
v -0.367673 0.620850 0.004395
v -0.263173 0.682617 0.004361
v -0.127637 0.401548 0.004339
v -0.248040 0.180252 0.004336
v -0.145112 0.615829 0.004330
v -0.165719 0.482231 0.004317
v -0.227405 0.624329 0.004298
v -0.162607 0.030029 0.004278
v -0.346769 0.624786 0.004270
v -0.108533 0.070648 0.004214
v -0.105603 0.064850 0.004213
v -0.100217 0.027863 0.004066
v -0.251447 0.028076 0.004037
v -0.178111 0.266632 0.004019
v -0.128354 0.588394 0.003978
v -0.146699 0.746033 0.003968
v -0.162404 0.039581 0.003947
v -0.257604 0.471344 0.003930
v -0.129018 0.190201 0.003898
v -0.161008 0.653290 0.003864
v -0.132085 0.225876 0.003848
v -0.187317 0.648346 0.003789
v -0.052823 0.616302 0.003768
v -0.169481 0.494438 0.003759
v -0.112958 0.591995 0.003759
v -0.332120 0.618500 0.003694
v -0.275052 0.368279 0.003687
v -0.244603 0.199814 0.003672
v -0.110822 0.100922 0.003643
v -0.289884 0.202957 0.003622
v -0.150480 0.116882 0.003613
v -0.176215 0.255219 0.003598
v -0.311689 0.025909 0.003554
v -0.135968 0.157181 0.003551
v -0.054105 0.617722 0.003525
v -0.240205 0.223709 0.003487
v -0.261026 0.698395 0.003470
v -0.310628 0.032837 0.003461
v -0.241182 0.669708 0.003438
v -0.165780 0.630127 0.003405
v -0.127698 0.180969 0.003358
v -0.250932 0.000000 0.003327
v -0.095990 0.002502 0.003317
v -0.118383 0.124481 0.003316
v -0.309980 0.035919 0.003226
v -0.261400 0.684692 0.003192
v -0.114011 0.590286 0.003187
v -0.147104 0.129654 0.003148
v -0.137059 0.126862 0.003136
v -0.162187 0.053436 0.003120
v -0.113546 0.607010 0.003050
v -0.128553 0.208466 0.003030
v -0.398588 0.622543 0.002988
v -0.108396 0.094482 0.002980
v -0.179853 0.255623 0.002977
v -0.047086 0.593597 0.002847
v -0.144555 0.000305 0.002847
v -0.177194 0.619766 0.002800
v -0.240342 0.672363 0.002799
v -0.111806 0.115387 0.002779
v -0.197425 0.361344 0.002756
v -0.162671 0.665405 0.002725
v -0.097997 0.000366 0.002718
v -0.161847 0.474396 0.002528
v -0.054746 0.618881 0.002524
v -0.108663 0.077362 0.002497
v -0.143094 0.120728 0.002490
v -0.247823 0.108063 0.002476
v -0.284910 0.221771 0.002473
v -0.231855 0.661743 0.002468
v -0.122052 0.233521 0.002452
v -0.228572 0.622025 0.002451
v -0.112775 0.589203 0.002418
v 0.062716 0.589890 0.002371
v -0.398496 0.614258 0.002317
v 0.028781 0.594131 0.002303
v -0.060376 0.593628 0.002300
v -0.114171 0.082367 0.002269
v -0.310132 0.031067 0.002216
v -0.066221 0.596405 0.002195
v -0.172420 0.632477 0.002192
v -0.331006 0.616257 0.002188
v -0.178905 0.254898 0.002186
v -0.243017 0.209961 0.002112
v -0.162282 0.079681 0.002062
v -0.107892 0.102386 0.002040
v -0.291906 0.149277 0.002007
v -0.119336 0.587921 0.002005
v -0.160352 0.752930 0.001922
v -0.162126 0.039337 0.001861
v -0.125127 0.609131 0.001859
v -0.276204 0.260559 0.001805
v -0.110051 0.111938 0.001776
v -0.179014 0.250183 0.001704
v -0.111928 0.090393 0.001700
v -0.126882 0.159698 0.001640
v -0.046567 0.608597 0.001603
v -0.146451 0.523819 0.001593
v -0.102109 0.032837 0.001565
v -0.258943 0.672272 0.001564
v -0.127019 0.191910 0.001559
v -0.261117 0.570633 0.001540
v -0.066495 0.588623 0.001486
v -0.139875 0.121429 0.001463
v -0.252069 0.042297 0.001398
v -0.149980 0.116272 0.001367
v 0.040683 0.584198 0.001332
v -0.310788 0.031952 0.001320
v -0.163091 0.039307 0.001190
v -0.034177 0.614975 0.001158
v -0.121625 0.132050 0.001149
v -0.146234 0.450928 0.001128
v -0.249364 0.018768 0.001086
v -0.314206 0.004547 0.001046
v -0.173337 0.232132 0.001018
v -0.168470 0.509018 0.000982
v -0.059003 0.583435 0.000872
v -0.249456 0.000732 0.000806
v -0.157319 0.665680 0.000784
v -0.263547 0.458961 0.000737
v -0.166372 0.663422 0.000683
v -0.091329 0.590912 0.000679
v -0.119520 0.116974 0.000664
v -0.152658 0.582779 0.000581
v -0.252008 0.063171 0.000538
v -0.149034 0.618744 0.000535
v -0.261461 0.455788 0.000526
v -0.249112 0.002686 0.000525
v -0.158037 0.517319 0.000510
v -0.125844 0.167160 0.000499
v -0.143125 0.733002 0.000484
v -0.119680 0.129410 0.000439
v -0.287397 0.615677 0.000400
v -0.457334 0.588608 0.000370
v -0.257200 0.621460 0.000216
v -0.103025 0.023682 0.000209
v -0.145314 0.727448 0.000170
v -0.015943 0.592041 0.000167
v -0.108289 0.115295 0.000129
v -0.130811 0.121552 0.000101
v -0.063993 0.610229 0.000097
v -0.124967 0.258751 0.000089
v -0.285596 0.615616 0.000043
v -0.026822 0.609634 -0.000002
v -0.251214 0.021240 -0.000025
v -0.264974 0.684631 -0.000036
v -0.173322 0.236053 -0.000042
v -0.122106 0.242477 -0.000080
v -0.263479 0.452309 -0.000081
v -0.165937 0.001373 -0.000088
v -0.110463 0.074371 -0.000097
v -0.493253 0.591919 -0.000124
v -0.157556 0.668060 -0.000141
v -0.248941 0.518921 -0.000221
v -0.275205 0.615234 -0.000222
v -0.492124 0.583282 -0.000329
v -0.100820 0.021942 -0.000375
v -0.483243 0.584671 -0.000407
v -0.144693 0.724945 -0.000420
v -0.177459 0.236603 -0.000517
v -0.253640 0.614685 -0.000540
v -0.060483 0.608673 -0.000545
v 0.060153 0.612061 -0.000565
v -0.251928 0.030609 -0.000628
v -0.103177 0.026581 -0.000683
v -0.090444 0.608505 -0.000729
v -0.252549 0.739594 -0.000764
v -0.169404 0.216843 -0.000780
v -0.108548 0.103271 -0.000789
v -0.460904 0.590317 -0.000815
v -0.242070 0.678955 -0.000920
v -0.113622 0.609650 -0.000924
v -0.150914 0.121613 -0.000941
v -0.253000 0.698425 -0.001036
v -0.130262 0.263290 -0.001064
v -0.165406 0.518600 -0.001116
v -0.250715 0.734802 -0.001125
v -0.066922 0.613205 -0.001126
v -0.026471 0.615051 -0.001160
v -0.165532 0.472672 -0.001248
v -0.163572 0.035034 -0.001255
v -0.107572 0.097839 -0.001266
v -0.249860 0.509079 -0.001299
v -0.106183 0.061615 -0.001302
v -0.127477 0.130096 -0.001319
v -0.023969 0.586975 -0.001363
v -0.017133 0.612854 -0.001368
v -0.246080 0.094299 -0.001381
v -0.286275 0.584518 -0.001457
v -0.176681 0.632965 -0.001469
v -0.112356 0.082336 -0.001476
v -0.260217 0.562943 -0.001507
v -0.204734 0.773376 -0.001521
v 0.101351 0.603455 -0.001540
v -0.498899 0.592010 -0.001541
v -0.199338 0.774750 -0.001560
v 0.019763 0.616104 -0.001599
v -0.478177 0.587280 -0.001613
v -0.102826 0.034180 -0.001630
v -0.291036 0.161346 -0.001641
v -0.166700 0.107666 -0.001657
v -0.108793 0.109253 -0.001697
v -0.491666 0.585114 -0.001750
v -0.307241 0.116180 -0.001797
v -0.307088 0.131271 -0.001800
v -0.308484 0.126953 -0.001851
v 0.002139 0.601944 -0.001889
v -0.067365 0.605499 -0.001892
v 0.064029 0.593704 -0.001895
v 0.080386 0.605667 -0.001903
v -0.244340 0.129410 -0.001934
v -0.123166 0.117432 -0.001953
v -0.306714 0.109863 -0.002029
v -0.175779 0.256821 -0.002039
v -0.460721 0.592606 -0.002068
v -0.125142 0.155899 -0.002147
v 0.062533 0.618256 -0.002156
v -0.146917 0.733490 -0.002161
v 0.066928 0.594910 -0.002167
v 0.042849 0.609024 -0.002167
v -0.249734 0.672638 -0.002192
v 0.063632 0.606537 -0.002243
v 0.081179 0.614517 -0.002245
v -0.183740 0.625427 -0.002283
v 0.002627 0.591736 -0.002289
v -0.166230 0.018921 -0.002297
v -0.242849 0.185669 -0.002303
v -0.192076 0.772980 -0.002320
v -0.241697 0.199905 -0.002341
v -0.226394 0.494247 -0.002390
v -0.203769 0.494331 -0.002391
v -0.067395 0.591537 -0.002405
v -0.258039 0.693756 -0.002417
v -0.489347 0.583496 -0.002429
v 0.100314 0.598679 -0.002438
v -0.244649 0.175720 -0.002525
v 0.084658 0.602615 -0.002547
v -0.491727 0.590576 -0.002557
v -0.250154 0.153107 -0.002563
v -0.162328 0.034485 -0.002620
v 0.026477 0.613251 -0.002632
v -0.154538 0.747131 -0.002642
v -0.103132 0.034454 -0.002664
v -0.476987 0.606476 -0.002692
v -0.255147 0.674438 -0.002708
v -0.152517 0.128967 -0.002711
v -0.133344 0.260925 -0.002738
v -0.307050 0.108917 -0.002765
v -0.310659 0.095276 -0.002787
v -0.124807 0.136398 -0.002793
v -0.290540 0.371024 -0.002795
v -0.119840 0.372323 -0.002808
v -0.102269 0.026978 -0.002811
v -0.243375 0.127197 -0.002835
v -0.251664 0.507675 -0.002851
v 0.103457 0.591949 -0.002892
v -0.107778 0.094299 -0.002895
v -0.112310 0.079865 -0.002903
v -0.165983 0.183701 -0.002907
v -0.151628 0.688446 -0.002920
v -0.169761 0.207809 -0.002935
v -0.148660 0.699982 -0.002937
v -0.466031 0.606247 -0.002964
v -0.129499 0.233871 -0.003012
v 0.101290 0.613098 -0.003013
v -0.244432 0.120911 -0.003050
v -0.460203 0.590088 -0.003057
v -0.125997 0.118744 -0.003060
v -0.496335 0.590836 -0.003103
v -0.220098 0.640594 -0.003116
v -0.461667 0.609390 -0.003121
v -0.223550 0.625748 -0.003159
v -0.293836 0.130768 -0.003186
v -0.124646 0.369181 -0.003195
v -0.304349 0.090912 -0.003197
v -0.147977 0.452583 -0.003210
v -0.252332 0.078552 -0.003270
v -0.228277 0.480797 -0.003278
v -0.499326 0.602524 -0.003280
v -0.255365 0.129868 -0.003291
v -0.222944 0.631317 -0.003301
v -0.136434 0.428867 -0.003351
v 0.001803 0.610138 -0.003380
v -0.130338 0.368116 -0.003453
v 0.028857 0.587830 -0.003488
v -0.122678 0.384281 -0.003493
v -0.056043 0.593414 -0.003501
v -0.221668 0.631958 -0.003529
v -0.107915 0.108215 -0.003530
v -0.252504 0.090393 -0.003540
v -0.067426 0.608551 -0.003542
v -0.246843 0.113434 -0.003594
v -0.429807 0.585403 -0.003617
v 0.044451 0.615784 -0.003655
v -0.240995 0.752441 -0.003702
v -0.164678 0.021423 -0.003733
v -0.308919 0.053497 -0.003768
v -0.247575 0.107544 -0.003818
v -0.104024 0.039276 -0.003869
v -0.283292 0.368155 -0.003876
v -0.131994 0.298080 -0.003908
v 0.019870 0.625458 -0.003923
v -0.240373 0.628174 -0.003927
v -0.221792 0.653748 -0.003949
v -0.239831 0.673340 -0.004048
v -0.204983 0.494606 -0.004050
v -0.251447 0.056641 -0.004050
v -0.105130 0.051178 -0.004060
v -0.130857 0.356905 -0.004100
v -0.247762 0.109070 -0.004261
v -0.202774 0.494415 -0.004377
v -0.225057 0.623276 -0.004436
v 0.009295 0.625763 -0.004443
v -0.123105 0.118378 -0.004473
v -0.131246 0.346167 -0.004481
v -0.411268 0.619934 -0.004487
v -0.497342 0.601120 -0.004500
v -0.148160 0.454285 -0.004517
v -0.250608 0.687286 -0.004521
v -0.480069 0.605576 -0.004595
v -0.190646 0.363824 -0.004610
v -0.344251 0.607925 -0.004638
v -0.173648 0.222458 -0.004639
v -0.291906 0.372361 -0.004656
v -0.308637 0.062897 -0.004663
v -0.109487 0.086487 -0.004686
v -0.259004 0.684296 -0.004687
v -0.112096 0.091980 -0.004704
v -0.287923 0.385105 -0.004718
v 0.083773 0.615540 -0.004778
v -0.313306 0.001251 -0.004802
v -0.270482 0.437260 -0.004816
v -0.289235 0.383021 -0.004822
v -0.245988 0.472839 -0.004837
v -0.274183 0.321434 -0.004841
v -0.147554 0.724274 -0.004845
v -0.164380 0.026855 -0.004964
v -0.306615 0.075439 -0.004987
v -0.273313 0.358164 -0.005058
v -0.103986 0.039154 -0.005061
v -0.131635 0.329643 -0.005072
v 0.001834 0.624680 -0.005078
v -0.151830 0.579315 -0.005113
v -0.183057 0.631256 -0.005124
v -0.226644 0.346237 -0.005137
v -0.056226 0.608200 -0.005157
v -0.163137 0.024658 -0.005186
v -0.259687 0.523575 -0.005216
v -0.227063 0.508072 -0.005223
v -0.166822 0.664978 -0.005268
v 0.003772 0.583435 -0.005290
v -0.151117 0.738373 -0.005320
v -0.253438 0.684509 -0.005344
v 0.001742 0.611526 -0.005348
v -0.216909 0.360754 -0.005372
v -0.234807 0.295898 -0.005373
v -0.278287 0.415085 -0.005391
v -0.235708 0.662231 -0.005410
v -0.163541 0.029480 -0.005419
v 0.066684 0.606323 -0.005440
v -0.130727 0.261566 -0.005453
v -0.347364 0.579742 -0.005470
v -0.411237 0.618881 -0.005471
v 0.026416 0.623138 -0.005477
v -0.150945 0.695465 -0.005497
v -0.344129 0.591782 -0.005565
v 0.089572 0.603287 -0.005585
v -0.230329 0.472916 -0.005604
v 0.077853 0.605179 -0.005614
v -0.259221 0.509995 -0.005635
v -0.132764 0.259140 -0.005663
v -0.098714 0.019440 -0.005694
v -0.177209 0.248810 -0.005831
v -0.148286 0.522705 -0.005940
v -0.279187 0.434608 -0.005996
v -0.164613 0.029419 -0.006001
v -0.171689 0.518509 -0.006093
v -0.253389 0.704468 -0.006101
v 0.028750 0.609650 -0.006118
v -0.416684 0.624084 -0.006193
v -0.245321 0.224625 -0.006222
v -0.183664 0.494354 -0.006232
v -0.423810 0.622177 -0.006238
v -0.204656 0.478012 -0.006261
v -0.112195 0.084320 -0.006293
v -0.203210 0.480896 -0.006348
v -0.206910 0.360559 -0.006373
v -0.282575 0.430183 -0.006381
v -0.149282 0.692902 -0.006411
v -0.102208 0.021881 -0.006465
v -0.229396 0.626740 -0.006541
v -0.124540 0.121094 -0.006577
v -0.185995 0.641846 -0.006640
v 0.013690 0.622238 -0.006644
v -0.310254 0.030670 -0.006647
v -0.286748 0.611755 -0.006666
v -0.426297 0.604462 -0.006704
v -0.132924 0.239212 -0.006763
v -0.166387 0.625397 -0.006863
v -0.399793 0.624084 -0.006895
v -0.177163 0.624130 -0.006897
v -0.241090 0.628754 -0.006947
v -0.202883 0.506027 -0.006977
v -0.205107 0.507050 -0.007002
v -0.224855 0.363420 -0.007004
v -0.019620 0.584213 -0.007010
v -0.104207 0.095367 -0.007036
v -0.132085 0.251343 -0.007149
v -0.230501 0.662750 -0.007252
v -0.100011 0.001190 -0.007372
v -0.406141 0.625305 -0.007460
v -0.184020 0.653900 -0.007502
v -0.146699 0.570755 -0.007525
v -0.250871 0.071350 -0.007540
v -0.228898 0.637939 -0.007549
v -0.169498 0.094238 -0.007651
v -0.166154 0.000641 -0.007736
v -0.153077 0.663452 -0.007834
v -0.252984 0.711792 -0.007839
v -0.187581 0.346571 -0.007912
v -0.182605 0.480896 -0.007916
v -0.247793 0.675415 -0.007918
v -0.147867 0.682373 -0.007988
v -0.174396 0.206070 -0.007988
v -0.308889 0.045074 -0.007988
v -0.127607 0.580719 -0.007996
v -0.181844 0.626083 -0.008003
v -0.167321 0.018829 -0.008030
v -0.279409 0.415348 -0.008139
v -0.107869 0.064362 -0.008148
v -0.247869 0.744873 -0.008181
v -0.174550 0.194061 -0.008228
v -0.180257 0.623367 -0.008236
v -0.105230 0.041626 -0.008265
v -0.249162 0.738037 -0.008269
v -0.115659 0.581635 -0.008345
v -0.171891 0.179382 -0.008562
v -0.227826 0.518570 -0.008618
v -0.150945 0.668610 -0.008656
v -0.424085 0.614685 -0.008686
v -0.204065 0.517334 -0.008702
v -0.231370 0.639282 -0.008719
v -0.239503 0.518906 -0.008824
v -0.167524 0.002075 -0.008839
v -0.131833 0.240692 -0.008843
v -0.164258 0.041565 -0.008883
v -0.186213 0.337551 -0.008892
v -0.290509 0.587723 -0.008900
v -0.400480 0.587555 -0.008967
v -0.243268 0.664062 -0.009009
v -0.206740 0.381878 -0.009022
v -0.129751 0.239899 -0.009035
v -0.165563 0.021484 -0.009039
v -0.184052 0.507858 -0.009064
v -0.239629 0.638733 -0.009085
v -0.167691 0.108826 -0.009112
v -0.184176 0.632080 -0.009144
v -0.164056 0.060730 -0.009148
v -0.288701 0.179626 -0.009196
v -0.332959 0.589401 -0.009293
v -0.166620 0.162872 -0.009297
v -0.113843 0.581955 -0.009363
v -0.325376 0.588867 -0.009430
v -0.286649 0.588074 -0.009459
v -0.289449 0.588959 -0.009499
v -0.103757 0.582077 -0.009531
v -0.256112 0.523529 -0.009640
v 0.050509 0.591003 -0.009640
v -0.261865 0.573013 -0.009665
v -0.112836 0.581085 -0.009726
v -0.172109 0.125397 -0.009728
v -0.255830 0.586731 -0.009762
v -0.261026 0.563278 -0.009770
v -0.288427 0.587769 -0.009798
v -0.053861 0.622345 -0.009846
v -0.237436 0.517334 -0.009897
v 0.036425 0.588531 -0.009901
v -0.164880 0.031830 -0.009941
v -0.173244 0.183578 -0.009943
v -0.171737 0.129150 -0.009978
v -0.258786 0.552002 -0.009979
v -0.146779 0.692505 -0.009989
v -0.313215 0.019562 -0.010020
v -0.149141 0.696655 -0.010031
v -0.307828 0.100342 -0.010052
v -0.435804 0.611893 -0.010088
v -0.100492 0.004028 -0.010088
v -0.254247 0.609543 -0.010117
v -0.207004 0.362417 -0.010208
v -0.332715 0.607788 -0.010214
v -0.150602 0.701569 -0.010275
v -0.208388 0.472115 -0.010346
v -0.399762 0.608551 -0.010380
v -0.194175 0.361414 -0.010422
v -0.138288 0.260559 -0.010454
v -0.152578 0.734955 -0.010615
v -0.244092 0.259483 -0.010664
v -0.150525 0.717651 -0.010668
v -0.244417 0.237595 -0.010679
v 0.021594 0.580704 -0.010716
v -0.107976 0.129898 -0.010761
v -0.165750 0.152786 -0.010845
v -0.105390 0.041168 -0.010847
v 0.027407 0.582642 -0.010864
v -0.158300 0.747772 -0.010889
v -0.174457 0.237122 -0.010922
v -0.159948 0.518753 -0.010924
v -0.112066 0.091156 -0.010939
v -0.203692 0.518311 -0.010943
v -0.181594 0.472748 -0.011032
v -0.330716 0.605850 -0.011036
v -0.490873 0.583847 -0.011109
v -0.236223 0.626465 -0.011147
v -0.152158 0.696991 -0.011177
v -0.290509 0.589920 -0.011179
v -0.105802 0.581619 -0.011215
v -0.307302 0.595535 -0.011269
v 0.101443 0.602203 -0.011324
v -0.179309 0.287506 -0.011336
v -0.148954 0.562439 -0.011345
v -0.149560 0.620895 -0.011362
v -0.169809 0.115234 -0.011391
v -0.114530 0.581924 -0.011397
v -0.145208 0.689667 -0.011410
v -0.124982 0.129562 -0.011473
v -0.168252 0.163925 -0.011479
v -0.165937 0.670258 -0.011555
v -0.109357 0.070862 -0.011572
v -0.225555 0.657043 -0.011610
v -0.383878 0.609238 -0.011690
v 0.061557 0.619186 -0.011732
v -0.288518 0.592514 -0.011759
v -0.491147 0.588638 -0.011770
v 0.103030 0.591522 -0.011772
v -0.248586 0.002014 -0.011776
v -0.178050 0.626831 -0.011780
v -0.286344 0.592346 -0.011797
v -0.441373 0.605194 -0.011803
v -0.147073 0.677856 -0.011826
v -0.146482 0.685120 -0.011826
v -0.272069 0.348608 -0.011856
v -0.275487 0.588806 -0.011896
v 0.101870 0.598312 -0.011933
v -0.370130 0.584961 -0.011948
v -0.159421 0.509094 -0.011982
v -0.246423 0.743958 -0.012018
v -0.168781 0.107880 -0.012043
v -0.207128 0.376272 -0.012057
v -0.426755 0.587082 -0.012087
v 0.009173 0.578613 -0.012106
v -0.269735 0.262375 -0.012125
v -0.241029 0.257294 -0.012129
v 0.089541 0.593582 -0.012150
v -0.400358 0.597168 -0.012207
v 0.089358 0.604477 -0.012276
v -0.161691 0.129745 -0.012362
v -0.459501 0.588943 -0.012373
v -0.106656 0.041107 -0.012383
v -0.289792 0.130676 -0.012387
v 0.015246 0.582748 -0.012434
v -0.145658 0.678986 -0.012486
v -0.153432 0.614258 -0.012510
v -0.164132 0.090576 -0.012543
v -0.340268 0.608032 -0.012564
v -0.067838 0.583939 -0.012602
v -0.159669 0.474525 -0.012612
v -0.148721 0.671417 -0.012627
v 0.066470 0.595154 -0.012640
v 0.089297 0.601822 -0.012680
v -0.306371 0.130966 -0.012711
v 0.081057 0.615463 -0.012737
v -0.288175 0.607880 -0.012829
v -0.468015 0.594772 -0.012839
v -0.167383 0.472839 -0.012842
v -0.177924 0.638397 -0.012856
v -0.270383 0.279900 -0.012875
v 0.101107 0.612762 -0.012905
v -0.245023 0.740173 -0.012905
v -0.164644 0.077698 -0.012955
v -0.232755 0.337399 -0.012989
v -0.164830 0.626923 -0.012995
v -0.181968 0.518372 -0.013052
v -0.263143 0.261398 -0.013060
v -0.375135 0.591385 -0.013067
v -0.234918 0.472504 -0.013079
v -0.334104 0.612717 -0.013117
v -0.155721 0.473160 -0.013130
v 0.089236 0.610016 -0.013136
v -0.157556 0.507401 -0.013224
v -0.340452 0.591461 -0.013226
v -0.308019 0.095398 -0.013235
v -0.220144 0.655731 -0.013258
v -0.458066 0.602264 -0.013264
v -0.272161 0.261749 -0.013334
v 0.067843 0.600830 -0.013359
v -0.459714 0.609299 -0.013392
v -0.110868 0.080048 -0.013405
v -0.164274 0.000366 -0.013479
v -0.272031 0.240601 -0.013573
v -0.257821 0.615829 -0.013603
v -0.259282 0.573868 -0.013611
v 0.075839 0.609467 -0.013651
v -0.304593 0.109222 -0.013655
v -0.257200 0.588409 -0.013697
v -0.286001 0.607147 -0.013724
v -0.271817 0.309105 -0.013769
v -0.426450 0.597656 -0.013903
v -0.173742 0.662994 -0.013918
v -0.288610 0.606094 -0.013922
v -0.067167 0.580933 -0.013939
v -0.284192 0.208481 -0.013939
v -0.353574 0.608353 -0.013960
v -0.301763 0.090851 -0.013960
v -0.353956 0.591080 -0.014015
v -0.166261 0.062012 -0.014019
v -0.335019 0.587830 -0.014027
v -0.138475 0.613998 -0.014132
v 0.067508 0.614670 -0.014136
v 0.083010 0.603424 -0.014185
v -0.101430 0.019440 -0.014189
v -0.154569 0.733582 -0.014242
v -0.149171 0.666931 -0.014258
v -0.250310 0.054443 -0.014279
v -0.138162 0.368847 -0.014311
v 0.027911 0.614990 -0.014349
v -0.169854 0.666138 -0.014406
v -0.167569 0.518661 -0.014454
v -0.055524 0.573608 -0.014466
v -0.158345 0.665894 -0.014532
v 0.104708 0.600128 -0.014609
v -0.248540 0.100525 -0.014668
v -0.231496 0.518707 -0.014693
v -0.305341 0.108582 -0.014700
v -0.274862 0.606812 -0.014704
v -0.110044 0.108978 -0.014706
v -0.113248 0.614487 -0.014795
v -0.145906 0.692963 -0.014824
v 0.067111 0.602295 -0.014839
v -0.274648 0.242615 -0.014858
v -0.290448 0.156372 -0.014862
v -0.306463 0.063019 -0.014885
v -0.067762 0.583160 -0.014900
v -0.148645 0.451477 -0.014952
v -0.172996 0.660370 -0.014981
v -0.271756 0.327389 -0.014998
v -0.247232 0.259590 -0.015011
v -0.267896 0.312263 -0.015015
v -0.150480 0.452766 -0.015055
v -0.309850 0.021667 -0.015076
v 0.089938 0.612762 -0.015091
v -0.252225 0.174377 -0.015108
v -0.138910 0.240051 -0.015127
v -0.251058 0.071808 -0.015148
v -0.249036 0.522171 -0.015154
v -0.270513 0.366297 -0.015171
v 0.089450 0.605087 -0.015190
v -0.144510 0.678650 -0.015204
v -0.248555 0.062927 -0.015242
v -0.255986 0.563339 -0.015253
v -0.495298 0.589127 -0.015259
v -0.250512 0.219421 -0.015265
v 0.104831 0.610718 -0.015354
v 0.069613 0.595123 -0.015383
v -0.263418 0.240112 -0.015404
v -0.496610 0.600143 -0.015414
v -0.311223 0.000336 -0.015454
v -0.117162 0.614532 -0.015492
v 0.077212 0.613525 -0.015495
v -0.209258 0.518539 -0.015549
v 0.101840 0.591843 -0.015576
v -0.255273 0.617905 -0.015578
v 0.091983 0.601334 -0.015637
v -0.107984 0.102600 -0.015686
v -0.255925 0.605942 -0.015688
v -0.105375 0.024017 -0.015700
v -0.342252 0.617340 -0.015702
v -0.147710 0.457703 -0.015709
v -0.220376 0.359953 -0.015726
v -0.162530 0.680450 -0.015749
v -0.166326 0.672333 -0.015978
v 0.101351 0.598450 -0.015982
v -0.343503 0.583801 -0.016083
v -0.150384 0.455513 -0.016182
v 0.040484 0.618896 -0.016209
v -0.252393 0.259529 -0.016297
v -0.217328 0.641479 -0.016327
v -0.154897 0.583755 -0.016375
v -0.243688 0.286507 -0.016476
v -0.260900 0.441635 -0.016504
v -0.250577 0.050995 -0.016514
v -0.107808 0.038483 -0.016516
v -0.457151 0.583191 -0.016543
v -0.250592 0.238312 -0.016602
v -0.426038 0.584869 -0.016665
v -0.223068 0.628021 -0.016701
v -0.243203 0.455444 -0.016810
v -0.167383 0.628082 -0.016823
v -0.437421 0.582169 -0.016829
v -0.107038 0.038910 -0.016871
v -0.218091 0.653656 -0.016882
v -0.270200 0.355543 -0.016882
v -0.231633 0.508987 -0.016884
v -0.201452 0.773468 -0.016995
v -0.211685 0.772095 -0.017021
v -0.240625 0.303642 -0.017029
v -0.035444 0.621292 -0.017058
v -0.128850 0.217712 -0.017080
v -0.183555 0.627533 -0.017084
v -0.154725 0.691925 -0.017098
v -0.180070 0.657196 -0.017101
v -0.169870 0.001709 -0.017105
v -0.067624 0.618805 -0.017124
v -0.202059 0.775421 -0.017151
v -0.198716 0.518524 -0.017222
v -0.133855 0.368085 -0.017267
v -0.217189 0.772614 -0.017296
v -0.051938 0.624252 -0.017304
v -0.235429 0.638489 -0.017391
v -0.245118 0.258453 -0.017418
v -0.260869 0.228775 -0.017426
v -0.113996 0.613815 -0.017449
v 0.000552 0.615234 -0.017468
v -0.249612 0.108734 -0.017494
v -0.216739 0.774628 -0.017588
v -0.106351 0.095734 -0.017605
v -0.027417 0.578583 -0.017613
v -0.268300 0.366265 -0.017645
v -0.266408 0.356880 -0.017737
v -0.151567 0.690491 -0.017739
v -0.262365 0.130432 -0.017748
v -0.251806 0.562500 -0.017767
v -0.244558 0.458511 -0.017922
v -0.278470 0.222275 -0.017945
v -0.413068 0.595184 -0.017950
v -0.168844 0.637939 -0.017966
v -0.105878 0.024597 -0.017988
v -0.306867 0.050842 -0.018055
v -0.126294 0.205078 -0.018065
v -0.107129 0.035522 -0.018103
v -0.206040 0.508545 -0.018105
v -0.188328 0.655823 -0.018189
v -0.199649 0.359650 -0.018246
v -0.249784 0.239365 -0.018269
v -0.252862 0.223785 -0.018324
v -0.192169 0.772003 -0.018328
v -0.245897 0.450455 -0.018337
v -0.218372 0.633850 -0.018402
v -0.177133 0.257881 -0.018419
v -0.145379 0.678558 -0.018444
v -0.105321 0.000336 -0.018446
v -0.220128 0.628601 -0.018460
v -0.191049 0.641052 -0.018538
v -0.204858 0.378216 -0.018677
v -0.106992 0.028320 -0.018679
v -0.150975 0.523926 -0.018683
v -0.187068 0.774292 -0.018683
v -0.180755 0.472504 -0.018717
v -0.125234 0.195053 -0.018753
v -0.232335 0.507858 -0.018778
v -0.068189 0.614899 -0.018820
v 0.019686 0.624252 -0.018866
v -0.177179 0.518616 -0.018921
v -0.149812 0.563110 -0.018942
v -0.435315 0.583344 -0.018980
v -0.168828 0.000458 -0.018997
v -0.050824 0.575272 -0.019058
v -0.164769 0.752167 -0.019072
v -0.151815 0.619568 -0.019098
v -0.232911 0.362215 -0.019160
v -0.157197 0.685730 -0.019171
v -0.212431 0.375798 -0.019217
v -0.107702 0.034607 -0.019219
v -0.108510 0.028992 -0.019222
v -0.265226 0.418377 -0.019377
v -0.157182 0.678589 -0.019386
v -0.153482 0.709198 -0.019394
v -0.244012 0.523376 -0.019409
v -0.253251 0.573807 -0.019413
v -0.258943 0.591797 -0.019421
v -0.108213 0.052551 -0.019432
v -0.249845 0.343712 -0.019480
v -0.241166 0.323082 -0.019596
v -0.281118 0.212387 -0.019648
v -0.187581 0.518539 -0.019650
v -0.107160 0.028137 -0.019694
v -0.010602 0.617844 -0.019743
v -0.413816 0.586746 -0.019766
v -0.190536 0.653625 -0.019810
v -0.124692 0.170212 -0.019865
v -0.151677 0.522797 -0.019875
v -0.237203 0.342163 -0.020050
v -0.166124 0.662445 -0.020138
v -0.186057 0.772156 -0.020254
v -0.031522 0.620621 -0.020355
v -0.168145 0.043121 -0.020453
v -0.258878 0.606628 -0.020512
v -0.152066 0.677887 -0.020516
v -0.150914 0.548157 -0.020556
v -0.267652 0.439735 -0.020558
v -0.250016 0.442825 -0.020596
v -0.155767 0.609528 -0.020600
v 0.002520 0.584305 -0.020619
v -0.230951 0.627625 -0.020668
v -0.189961 0.633209 -0.020758
v -0.284597 0.131149 -0.020832
v -0.161428 0.672607 -0.020878
v -0.247682 0.019073 -0.020912
v -0.208854 0.471977 -0.020947
v -0.181844 0.518433 -0.020985
v -0.233857 0.623306 -0.020991
v -0.125577 0.369663 -0.021010
v -0.106412 0.021515 -0.021017
v 0.008578 0.625717 -0.021025
v -0.173618 0.260155 -0.021046
v -0.173415 0.238724 -0.021065
v -0.175546 0.627686 -0.021101
v 0.000659 0.624405 -0.021109
v -0.158315 0.738098 -0.021176
v -0.169015 0.021545 -0.021181
v -0.103818 0.019257 -0.021200
v -0.178235 0.469345 -0.021235
v -0.173370 0.624969 -0.021263
v -0.139081 0.430172 -0.021286
v -0.188390 0.629028 -0.021321
v -0.157571 0.740631 -0.021330
v -0.250760 0.033691 -0.021345
v -0.299871 0.090729 -0.021395
v -0.263326 0.208038 -0.021412
v 0.029040 0.586060 -0.021414
v -0.237996 0.349892 -0.021513
v -0.152345 0.576935 -0.021544
v 0.044177 0.620010 -0.021614
v -0.255056 0.081146 -0.021666
v -0.172809 0.628784 -0.021677
v -0.255086 0.205948 -0.021683
v -0.284444 0.196793 -0.021692
v -0.203303 0.376303 -0.021706
v -0.153699 0.524124 -0.021767
v -0.183446 0.639465 -0.021771
v -0.255739 0.090393 -0.021771
v -0.239240 0.746002 -0.021807
v -0.154958 0.698975 -0.021828
v -0.168330 0.170578 -0.021839
v -0.273343 0.369313 -0.021866
v -0.235894 0.362254 -0.022127
v -0.302015 0.076935 -0.022173
v -0.251539 0.055450 -0.022177
v 0.015216 0.578369 -0.022186
v -0.104871 0.001465 -0.022204
v 0.004397 0.574799 -0.022211
v -0.135984 0.416557 -0.022337
v -0.117704 0.586136 -0.022341
v -0.285970 0.161774 -0.022417
v -0.456388 0.592194 -0.022463
v -0.158860 0.745972 -0.022463
v -0.185265 0.344898 -0.022486
v -0.179185 0.299179 -0.022520
v -0.169202 0.054871 -0.022524
v -0.216085 0.376956 -0.022619
v -0.155175 0.586655 -0.022669
v -0.173011 0.259903 -0.022673
v -0.266744 0.419258 -0.022700
v -0.257043 0.605057 -0.022814
v -0.204283 0.642059 -0.022925
v -0.274122 0.196457 -0.022967
v 0.009036 0.572296 -0.022974
v -0.251664 0.072327 -0.022978
v -0.182124 0.508896 -0.022993
v -0.170102 0.108582 -0.023073
v -0.140714 0.429276 -0.023096
v -0.131681 0.402004 -0.023108
v -0.158860 0.510406 -0.023173
v -0.239457 0.754364 -0.023188
v -0.204018 0.651215 -0.023264
v -0.251180 0.038666 -0.023276
v -0.217874 0.359991 -0.023279
v -0.231557 0.628571 -0.023318
v -0.269300 0.436878 -0.023337
v 0.000521 0.615891 -0.023371
v -0.286062 0.180496 -0.023436
v -0.437421 0.592667 -0.023451
v -0.470182 0.577805 -0.023482
v 0.027011 0.575516 -0.023493
v -0.216646 0.383651 -0.023497
v -0.402311 0.587418 -0.023527
v -0.211125 0.628937 -0.023527
v -0.304632 0.060638 -0.023535
v -0.426236 0.587814 -0.023539
v -0.176433 0.286804 -0.023630
v -0.171985 0.019043 -0.023676
v -0.221544 0.655396 -0.023749
v -0.240079 0.663483 -0.023768
v 0.021304 0.573456 -0.023775
v -0.250638 0.029724 -0.023783
v 0.102938 0.592712 -0.023813
v -0.268613 0.130707 -0.023863
v -0.171300 0.063782 -0.023874
v 0.013903 0.621490 -0.023882
v -0.180646 0.316895 -0.023997
v -0.210269 0.651703 -0.024031
v -0.122083 0.371942 -0.024042
v 0.058261 0.620148 -0.024050
v -0.297757 0.131119 -0.024111
v -0.248369 0.064850 -0.024138
v -0.126142 0.385338 -0.024142
v -0.306089 0.046967 -0.024241
v 0.105258 0.599716 -0.024290
v -0.239129 0.751678 -0.024294
v -0.183788 0.339977 -0.024359
v -0.233655 0.448662 -0.024389
v -0.110502 0.130798 -0.024397
v -0.156308 0.589661 -0.024435
v -0.169465 0.222687 -0.024466
v -0.198684 0.629272 -0.024492
v -0.122045 0.373955 -0.024546
v -0.246331 0.446518 -0.024576
v 0.104831 0.611633 -0.024626
v -0.256982 0.056427 -0.024683
v 0.067355 0.594391 -0.024717
v -0.307706 0.031433 -0.024737
v -0.204547 0.633789 -0.024748
v -0.215696 0.361055 -0.024752
v -0.150384 0.574249 -0.024759
v -0.156060 0.455460 -0.024763
v -0.114118 0.587250 -0.024832
v -0.216163 0.365395 -0.024843
v -0.125135 0.383013 -0.024859
v -0.185063 0.348866 -0.024874
v -0.186836 0.362043 -0.024946
v -0.248601 0.609726 -0.024962
v 0.062411 0.592987 -0.024969
v 0.095553 0.600815 -0.025015
v -0.250577 0.108582 -0.025019
v -0.152002 0.562561 -0.025057
v -0.249673 0.021240 -0.025099
v -0.303449 0.109802 -0.025156
v -0.305188 0.095764 -0.025160
v -0.227842 0.763977 -0.025171
v -0.181735 0.507568 -0.025175
v -0.291600 0.090637 -0.025267
v -0.174581 0.258812 -0.025282
v -0.261865 0.078644 -0.025282
v -0.191734 0.464104 -0.025297
v -0.169481 0.238373 -0.025320
v -0.056714 0.609299 -0.025347
v -0.109792 0.125183 -0.025358
v -0.249952 0.094452 -0.025362
v -0.250032 0.107666 -0.025393
v -0.169746 0.055695 -0.025408
v -0.236921 0.362223 -0.025419
v -0.260000 0.073151 -0.025442
v -0.181735 0.340469 -0.025461
v 0.067080 0.615463 -0.025545
v -0.419477 0.586121 -0.025610
v -0.247731 0.363902 -0.025610
v 0.101992 0.598267 -0.025614
v -0.201639 0.360239 -0.025614
v -0.111371 0.115417 -0.025637
v -0.116948 0.608719 -0.025641
v -0.126569 0.130371 -0.025644
v -0.409528 0.586105 -0.025675
v -0.303724 0.115021 -0.025713
v -0.114492 0.090820 -0.025725
v -0.292310 0.082916 -0.025755
v -0.269079 0.369407 -0.025759
v -0.218122 0.630402 -0.025770
v -0.249486 0.112122 -0.025786
v 0.078189 0.613327 -0.025793
v -0.234109 0.510239 -0.025828
v -0.247449 0.129410 -0.025839
v 0.101657 0.591370 -0.025843
v 0.081362 0.593857 -0.025858
v -0.154134 0.561600 -0.025873
v -0.110708 0.064819 -0.025892
v -0.304349 0.130585 -0.025896
v -0.219009 0.454361 -0.025976
v -0.112134 0.109253 -0.026022
v -0.265439 0.090240 -0.026159
v -0.268148 0.382881 -0.026201
v -0.234124 0.522614 -0.026255
v -0.257917 0.187408 -0.026262
v -0.174037 0.250458 -0.026293
v -0.172544 0.001740 -0.026339
v -0.118543 0.588760 -0.026343
v 0.103457 0.610153 -0.026354
v -0.161332 0.260910 -0.026427
v -0.199913 0.786072 -0.026438
v 0.103671 0.600372 -0.026461
v -0.264539 0.149994 -0.026484
v -0.247342 0.733459 -0.026518
v -0.261647 0.062286 -0.026533
v -0.305066 0.127731 -0.026568
v -0.199804 0.383962 -0.026591
v -0.308576 0.021576 -0.026602
v -0.111799 0.108490 -0.026610
v 0.044223 0.592010 -0.026644
v -0.113515 0.589142 -0.026663
v -0.234605 0.524109 -0.026682
v -0.055784 0.592545 -0.026682
v -0.108976 0.094269 -0.026701
v -0.202525 0.361787 -0.026736
v -0.299993 0.108612 -0.026758
v -0.171565 0.239319 -0.026770
v -0.305066 0.123230 -0.026797
v -0.108403 0.095642 -0.026831
v -0.186415 0.784271 -0.026835
v -0.116666 0.590546 -0.026846
v -0.165624 0.522446 -0.026919
v 0.097537 0.589661 -0.027041
v -0.155874 0.617676 -0.027212
v -0.247045 0.120605 -0.027231
v -0.149686 0.262421 -0.027247
v -0.138131 0.606567 -0.027285
v -0.201670 0.366499 -0.027319
v -0.221605 0.386722 -0.027323
v -0.247823 0.019165 -0.027331
v -0.218200 0.783539 -0.027346
v -0.160741 0.130310 -0.027361
v -0.176992 0.623138 -0.027376
v -0.255117 0.107574 -0.027380
v -0.260247 0.172913 -0.027415
v -0.300519 0.030609 -0.027441
v -0.246423 0.126953 -0.027445
v -0.296758 0.109344 -0.027468
v -0.256891 0.421402 -0.027487
v -0.264447 0.381170 -0.027525
v -0.171394 0.000427 -0.027655
v -0.155843 0.605270 -0.027701
v -0.199213 0.377384 -0.027746
v -0.218169 0.522934 -0.027762
v -0.219257 0.639099 -0.027762
v -0.166215 0.523605 -0.027777
v -0.113927 0.080963 -0.027880
v -0.166948 0.448517 -0.027884
v -0.259095 0.410397 -0.027941
v -0.171581 0.468079 -0.027960
v -0.224202 0.523804 -0.027983
v -0.155721 0.603607 -0.028017
v 0.099795 0.612640 -0.028063
v -0.249162 0.000183 -0.028074
v 0.079379 0.613785 -0.028090
v -0.167505 0.223099 -0.028094
v -0.154802 0.436825 -0.028227
v -0.247777 0.003967 -0.028277
v -0.115850 0.596619 -0.028296
v 0.027591 0.615646 -0.028319
v -0.469999 0.584793 -0.028353
v -0.194548 0.630737 -0.028383
v -0.207983 0.510300 -0.028387
v -0.168828 0.210800 -0.028387
v -0.148210 0.241058 -0.028456
v 0.102389 0.598907 -0.028471
v -0.200861 0.785950 -0.028502
v 0.105502 0.610291 -0.028589
v -0.234433 0.548813 -0.028609
v -0.160585 0.295372 -0.028670
v -0.154802 0.240692 -0.028712
v -0.259130 0.381559 -0.028723
v -0.152826 0.261833 -0.028826
v -0.153558 0.614090 -0.028834
v -0.215478 0.457771 -0.028845
v -0.169652 0.343040 -0.028910
v -0.159498 0.240799 -0.028948
v -0.168874 0.447258 -0.028998
v -0.106984 0.019928 -0.029009
v -0.155938 0.261070 -0.029024
v -0.311094 0.019562 -0.029059
v -0.159559 0.617935 -0.029070
v -0.187800 0.785156 -0.029108
v -0.111226 0.063080 -0.029116
v -0.248369 0.003387 -0.029169
v -0.082258 0.588669 -0.029188
v -0.216646 0.784241 -0.029211
v -0.116239 0.605896 -0.029383
v -0.260682 0.109467 -0.029402
v -0.209507 0.459358 -0.029486
v -0.243390 0.604996 -0.029524
v -0.129285 0.371483 -0.029539
v -0.461484 0.571838 -0.029577
v -0.261956 0.108429 -0.029604
v -0.233968 0.751434 -0.029631
v -0.113485 0.603775 -0.029677
v -0.256391 0.128937 -0.029684
v -0.264570 0.030212 -0.029738
v -0.072797 0.588745 -0.029772
v -0.096540 0.606613 -0.029783
v -0.149373 0.290039 -0.029803
v -0.292035 0.109985 -0.029818
v -0.291753 0.108643 -0.029829
v -0.260186 0.094971 -0.029879
v -0.194128 0.638397 -0.029906
v -0.107122 0.002411 -0.029909
v -0.149545 0.366149 -0.030012
v -0.225633 0.764984 -0.030031
v -0.148488 0.261734 -0.030070
v -0.167398 0.352333 -0.030081
v -0.235181 0.562897 -0.030161
v -0.203863 0.522583 -0.030169
v -0.194828 0.361180 -0.030207
v -0.309881 0.000305 -0.030256
v -0.183788 0.627441 -0.030352
v -0.151552 0.279686 -0.030356
v -0.110387 0.030884 -0.030386
v -0.068097 0.590103 -0.030516
v -0.188297 0.656403 -0.030524
v -0.158143 0.573608 -0.030562
v -0.148427 0.324593 -0.030569
v -0.111577 0.049530 -0.030649
v -0.180492 0.466782 -0.030733
v -0.068509 0.606979 -0.030737
v -0.310849 0.001251 -0.030775
v -0.275396 0.130188 -0.030802
v -0.253808 0.444801 -0.030806
v -0.229085 0.378239 -0.030855
v -0.290571 0.101288 -0.030874
v -0.171239 0.037476 -0.030882
v -0.296415 0.021576 -0.030897
v -0.074445 0.594147 -0.030943
v -0.146528 0.242615 -0.030970
v -0.253808 0.000488 -0.030970
v -0.311002 0.004272 -0.030974
v -0.056424 0.618790 -0.031008
v -0.165719 0.364159 -0.031035
v -0.284292 0.064728 -0.031035
v -0.291906 0.127319 -0.031042
v -0.166917 0.210220 -0.031065
v -0.263730 0.021484 -0.031141
v 0.060611 0.619431 -0.031183
v -0.286962 0.109344 -0.031183
v -0.289296 0.116119 -0.031187
v -0.201188 0.462166 -0.031241
v -0.246969 0.690094 -0.031290
v -0.153917 0.588043 -0.031309
v -0.204158 0.534485 -0.031370
v -0.192853 0.639526 -0.031542
v -0.167257 0.749237 -0.031588
v -0.149812 0.346174 -0.031656
v -0.072492 0.605362 -0.031664
v -0.248197 0.423740 -0.031668
v -0.170087 0.055145 -0.031668
v 0.043154 0.619431 -0.031695
v -0.166478 0.080872 -0.031714
v -0.224498 0.454994 -0.031733
v -0.277318 0.090485 -0.031740
v -0.165624 0.090332 -0.031786
v -0.067014 0.587906 -0.031790
v -0.248025 0.400263 -0.031828
v -0.210409 0.388627 -0.031840
v -0.150495 0.355108 -0.031878
v -0.144864 0.229065 -0.031935
v -0.169668 0.073517 -0.032000
v -0.232461 0.620163 -0.032122
v -0.167726 0.181992 -0.032149
v 0.008898 0.578445 -0.032187
v -0.068067 0.612671 -0.032198
v -0.110578 0.021606 -0.032217
v -0.277387 0.081818 -0.032271
v -0.245256 0.682220 -0.032301
v -0.157724 0.345181 -0.032301
v -0.151193 0.316814 -0.032343
v -0.264386 0.119537 -0.032347
v -0.230048 0.619614 -0.032362
v -0.117856 0.090698 -0.032389
v -0.171113 0.042267 -0.032458
v -0.232644 0.760895 -0.032465
v -0.202277 0.782196 -0.032480
v -0.234868 0.574631 -0.032568
v -0.232442 0.575058 -0.032576
v -0.247575 0.412434 -0.032610
v -0.173572 0.064819 -0.032656
v -0.107740 0.018982 -0.032740
v -0.271848 0.109039 -0.032934
v -0.146203 0.406153 -0.033014
v -0.163060 0.735077 -0.033022
v -0.270322 0.108429 -0.033060
v -0.182388 0.509338 -0.033072
v -0.151723 0.333332 -0.033072
v -0.283078 0.108551 -0.033072
v -0.147088 0.228256 -0.033102
v -0.172109 0.030060 -0.033198
v -0.256017 0.429462 -0.033220
v -0.154352 0.605591 -0.033339
v -0.067106 0.611557 -0.033369
v -0.271161 0.109772 -0.033385
v -0.060727 0.591415 -0.033404
v -0.213846 0.563110 -0.033468
v -0.247327 0.696198 -0.033472
v -0.061017 0.609070 -0.033533
v -0.173353 0.662170 -0.033556
v -0.277631 0.062561 -0.033652
v 0.020739 0.579285 -0.033659
v -0.153402 0.347839 -0.033674
v -0.256421 0.441505 -0.033701
v -0.269109 0.095581 -0.033705
v -0.180694 0.765198 -0.033732
v 0.013812 0.621552 -0.033739
v -0.299619 0.000183 -0.033762
v -0.237855 0.364975 -0.033793
v -0.157399 0.212067 -0.033865
v -0.163900 0.574356 -0.033930
v -0.170881 0.108734 -0.033938
v -0.172654 0.021667 -0.033995
v 0.033358 0.588211 -0.033999
v -0.223907 0.627594 -0.034025
v -0.181999 0.522339 -0.034052
v -0.206180 0.561920 -0.034052
v -0.181766 0.511658 -0.034079
v -0.230844 0.395205 -0.034086
v -0.174783 0.129120 -0.034117
v -0.172031 0.094727 -0.034178
v -0.171487 0.562408 -0.034186
v -0.171611 0.107941 -0.034193
v -0.253717 0.424454 -0.034216
v -0.110341 0.000458 -0.034254
v 0.000766 0.626007 -0.034258
v -0.153917 0.365535 -0.034262
v -0.175033 0.122406 -0.034289
v -0.264631 0.000000 -0.034319
v -0.209679 0.390322 -0.034395
v -0.172109 0.110107 -0.034403
v -0.459653 0.580688 -0.034411
v -0.174722 0.460464 -0.034430
v -0.144632 0.366716 -0.034464
v -0.236333 0.378791 -0.034483
v -0.181812 0.523651 -0.034632
v 0.100711 0.588577 -0.034643
v -0.140062 0.213715 -0.034693
v -0.276822 0.109161 -0.034697
v -0.155626 0.605148 -0.034704
v -0.172794 0.750336 -0.034731
v -0.162607 0.148376 -0.034785
v -0.236455 0.377905 -0.034788
v -0.299344 0.001007 -0.034811
v -0.276174 0.129318 -0.034815
v -0.210409 0.574051 -0.034830
v -0.186011 0.628632 -0.034865
v -0.159078 0.589355 -0.034876
v -0.233671 0.582611 -0.034888
v 0.066592 0.593552 -0.034949
v -0.232259 0.592697 -0.034964
v -0.224296 0.762390 -0.034979
v -0.231183 0.758972 -0.035006
v -0.167321 0.190643 -0.035097
v -0.229333 0.754028 -0.035113
v 0.102816 0.598251 -0.035143
v -0.222228 0.611023 -0.035158
v -0.168765 0.612350 -0.035170
v -0.236005 0.388354 -0.035189
v -0.158330 0.130341 -0.035216
v -0.169668 0.573868 -0.035273
v 0.019030 0.626526 -0.035277
v -0.233392 0.605179 -0.035353
v -0.175483 0.019440 -0.035380
v 0.007952 0.627380 -0.035410
v -0.236207 0.662415 -0.035456
v -0.276853 0.110046 -0.035460
v -0.109441 0.001221 -0.035460
v -0.057416 0.582703 -0.035467
v -0.276731 0.108368 -0.035467
v -0.277944 0.030365 -0.035467
v 0.026095 0.624023 -0.035551
v -0.220222 0.590424 -0.035616
v -0.049466 0.591385 -0.035639
v 0.079684 0.593033 -0.035776
v -0.216909 0.778564 -0.035792
v -0.297193 0.003723 -0.035822
v -0.192449 0.391348 -0.035830
v -0.232087 0.429325 -0.035910
v -0.240297 0.407400 -0.035937
v -0.224685 0.638214 -0.035963
v -0.201219 0.461044 -0.035982
v -0.230546 0.398638 -0.035998
v -0.250947 0.443306 -0.036009
v 0.104190 0.599930 -0.036120
v -0.267118 0.019165 -0.036123
v -0.276105 0.126282 -0.036131
v -0.114278 0.102142 -0.036139
v -0.182014 0.541321 -0.036154
v -0.185607 0.462494 -0.036165
v -0.276578 0.121307 -0.036165
v -0.224592 0.628204 -0.036223
v -0.165300 0.191849 -0.036238
v -0.116155 0.109650 -0.036242
v -0.225555 0.772614 -0.036249
v 0.095340 0.600494 -0.036276
v -0.174007 0.123779 -0.036288
v -0.180740 0.362798 -0.036322
v -0.175670 0.010681 -0.036337
v 0.065371 0.615372 -0.036349
v -0.169420 0.451187 -0.036425
v -0.174348 0.000641 -0.036471
v -0.154382 0.417343 -0.036478
v -0.162313 0.076294 -0.036486
v 0.001864 0.588852 -0.036493
v -0.233205 0.604156 -0.036516
v -0.265531 0.003845 -0.036547
v -0.266500 0.000732 -0.036570
v -0.193304 0.440933 -0.036585
v -0.049222 0.608307 -0.036589
v -0.229629 0.452278 -0.036623
v 0.099795 0.612488 -0.036627
v -0.163884 0.057251 -0.036658
v 0.075625 0.613464 -0.036738
v -0.207875 0.618744 -0.036741
v -0.175561 0.001709 -0.036810
v -0.249364 0.429062 -0.036886
v -0.236627 0.407368 -0.036925
v -0.162000 0.605118 -0.036947
v -0.162034 0.723297 -0.036967
v -0.112371 0.024780 -0.036993
v -0.031400 0.590759 -0.037012
v 0.028109 0.609848 -0.037020
v -0.113416 0.095245 -0.037020
v -0.277074 0.095795 -0.037031
v -0.165841 0.183868 -0.037066
v 0.097110 0.588791 -0.037115
v -0.058194 0.615829 -0.037123
v -0.288701 0.019348 -0.037123
v -0.142812 0.214508 -0.037161
v 0.104708 0.610580 -0.037222
v -0.163400 0.061249 -0.037237
v 0.076693 0.592133 -0.037268
v -0.159265 0.090332 -0.037317
v 0.000888 0.610153 -0.037325
v -0.201763 0.627686 -0.037352
v 0.100589 0.590866 -0.037359
v -0.201888 0.589539 -0.037363
v -0.247262 0.709778 -0.037367
v -0.135114 0.170578 -0.037478
v -0.120420 0.090790 -0.037481
v -0.115415 0.130249 -0.037501
v -0.184176 0.619537 -0.037527
v -0.164785 0.174805 -0.037554
v -0.278196 0.021545 -0.037577
v -0.181594 0.562119 -0.037794
v -0.246671 0.433586 -0.037817
v -0.246080 0.730530 -0.037859
v -0.187924 0.778351 -0.037863
v -0.191361 0.627563 -0.037920
v -0.160383 0.153503 -0.037958
v -0.023984 0.612320 -0.038004
v -0.114812 0.094330 -0.038058
v -0.182931 0.619888 -0.038061
v -0.211031 0.435799 -0.038111
v -0.224839 0.775024 -0.038119
v 0.100924 0.600464 -0.038195
v -0.142206 0.209763 -0.038195
v -0.182620 0.563309 -0.038321
v -0.110029 0.002167 -0.038336
v -0.196585 0.606033 -0.038405
v 0.101748 0.610306 -0.038405
v -0.139905 0.130554 -0.038424
v -0.288236 0.000793 -0.038473
v -0.210037 0.628052 -0.038477
v -0.191329 0.638519 -0.038611
v -0.140046 0.201096 -0.038756
v -0.158658 0.078857 -0.038782
v -0.209228 0.637390 -0.038908
v -0.185203 0.574081 -0.039011
v -0.227607 0.407625 -0.039038
v -0.200939 0.458618 -0.039046
v 0.101016 0.597595 -0.039118
v -0.180583 0.774017 -0.039126
v -0.182107 0.574066 -0.039175
v 0.002719 0.584183 -0.039187
v -0.174737 0.759766 -0.039274
v 0.001025 0.608032 -0.039286
v 0.099154 0.612061 -0.039305
v -0.177257 0.604996 -0.039408
v -0.164769 0.107941 -0.039431
v -0.224933 0.451271 -0.039511
v -0.110273 0.011627 -0.039641
v 0.001467 0.595184 -0.039644
v -0.230142 0.423965 -0.039705
v -0.177116 0.448761 -0.039824
v -0.115545 0.052612 -0.039889
v 0.026080 0.614883 -0.039908
v -0.113050 0.021576 -0.039919
v -0.189307 0.396395 -0.039953
v -0.145082 0.369586 -0.039992
v -0.162843 0.427525 -0.040152
v -0.181781 0.774628 -0.040228
v -0.183477 0.761841 -0.040240
v -0.237546 0.429504 -0.040278
v -0.178579 0.754181 -0.040358
v -0.187287 0.377345 -0.040396
v -0.184596 0.758057 -0.040419
v -0.278844 0.000061 -0.040419
v -0.183461 0.574814 -0.040465
v 0.026873 0.584290 -0.040495
v -0.183507 0.606812 -0.040549
v -0.191563 0.637329 -0.040636
v -0.191702 0.628143 -0.040671
v -0.176820 0.757477 -0.040804
v -0.166497 0.733093 -0.040850
v -0.140092 0.153946 -0.040888
v -0.141771 0.195251 -0.040896
v -0.183788 0.604080 -0.040934
v -0.208917 0.407637 -0.040961
v -0.190646 0.398245 -0.040964
v -0.278196 0.019348 -0.040972
v -0.132222 0.000366 -0.041010
v -0.182529 0.364097 -0.041102
v -0.218496 0.782104 -0.041163
v -0.183446 0.583572 -0.041285
v -0.185374 0.378675 -0.041357
v -0.215680 0.424988 -0.041388
v -0.117864 0.108429 -0.041495
v -0.169900 0.002014 -0.041514
v 0.001528 0.611176 -0.041533
v -0.160043 0.412964 -0.041640
v 0.041049 0.614166 -0.041666
v -0.278600 0.000702 -0.041701
v -0.163774 0.706757 -0.041746
v -0.217624 0.773804 -0.041777
v -0.140031 0.188431 -0.041777
v -0.183881 0.378869 -0.041891
v -0.154008 0.368622 -0.041891
v -0.245710 0.729156 -0.041907
v -0.221200 0.752930 -0.041926
v -0.149560 0.368862 -0.041941
v -0.155175 0.397242 -0.041983
v -0.156106 0.066528 -0.042074
v -0.166932 0.019531 -0.042143
v -0.278440 0.003815 -0.042143
v -0.149514 0.382150 -0.042216
v -0.139547 0.180573 -0.042258
v -0.166139 0.000458 -0.042307
v -0.185358 0.390104 -0.042361
v -0.158082 0.381637 -0.042364
v -0.182948 0.365636 -0.042399
v -0.214111 0.661957 -0.042422
v -0.162050 0.128845 -0.042483
v 0.027911 0.589615 -0.042494
v -0.173757 0.403597 -0.042536
v -0.190318 0.444511 -0.042612
v -0.125036 0.130875 -0.042704
v -0.197923 0.425732 -0.042742
v 0.027804 0.600967 -0.042914
v -0.172887 0.411007 -0.042998
v -0.185156 0.427040 -0.043013
v -0.218526 0.785645 -0.043062
v -0.123548 0.090515 -0.043101
v -0.158860 0.108826 -0.043188
v -0.210440 0.437943 -0.043337
v 0.060153 0.615997 -0.043730
v -0.180537 0.661713 -0.043871
v -0.187955 0.408089 -0.043932
v -0.180879 0.408875 -0.043959
v -0.122190 0.080963 -0.044108
v -0.232801 0.744568 -0.044203
v -0.159795 0.021667 -0.044222
v -0.195466 0.661682 -0.044466
v -0.210844 0.752625 -0.044611
v 0.054568 0.615295 -0.044703
v -0.149221 0.130219 -0.044718
v 0.046603 0.609314 -0.044726
v -0.112317 0.019562 -0.044878
v -0.187737 0.753235 -0.044913
v -0.134244 0.090515 -0.044947
v -0.155175 0.043213 -0.045069
v -0.222274 0.747437 -0.045489
v 0.097384 0.588608 -0.045492
v 0.078097 0.613022 -0.045649
v 0.066958 0.592529 -0.045748
v 0.062411 0.592300 -0.045805
v -0.170928 0.681641 -0.045870
v -0.203256 0.752014 -0.045984
v -0.135053 0.080109 -0.045988
v -0.119260 0.060883 -0.046210
v 0.071749 0.603256 -0.046324
v 0.060885 0.607071 -0.046362
v -0.120290 0.109344 -0.046580
v -0.113431 0.000854 -0.046602
v -0.118253 0.047211 -0.046786
v 0.098635 0.591202 -0.046850
v -0.243779 0.688446 -0.046892
v 0.076846 0.611832 -0.046942
v -0.243081 0.731110 -0.046942
v -0.243017 0.691040 -0.046992
v -0.244481 0.727966 -0.047068
v -0.147897 0.090485 -0.047098
v -0.119970 0.114746 -0.047400
v 0.094546 0.599503 -0.047476
v -0.155317 0.095520 -0.047480
v -0.245038 0.727112 -0.047518
v 0.100985 0.600143 -0.047541
v -0.186244 0.784943 -0.047629
v -0.120687 0.108398 -0.047663
v -0.121534 0.109802 -0.047728
v 0.040484 0.586182 -0.047758
v 0.101077 0.611008 -0.047823
v -0.187240 0.787781 -0.047831
v -0.117040 0.031952 -0.047835
v -0.204656 0.749237 -0.047884
v -0.128850 0.109222 -0.047964
v -0.243779 0.695618 -0.047976
v -0.119069 0.095306 -0.048033
v -0.116857 0.028992 -0.048128
v -0.120015 0.130066 -0.048155
v -0.118985 0.126465 -0.048342
v 0.013736 0.596863 -0.048533
v -0.148271 0.067383 -0.048697
v -0.209399 0.794891 -0.048887
v -0.158193 0.019470 -0.049158
v -0.244836 0.711121 -0.049162
v -0.237420 0.694580 -0.049280
v -0.116597 0.021729 -0.049349
v 0.098483 0.609299 -0.049383
v -0.137758 0.108856 -0.049429
v -0.119848 0.121887 -0.049441
v -0.121114 0.127975 -0.049513
v -0.131955 0.030304 -0.049616
v -0.159467 0.002167 -0.049620
v -0.148332 0.051727 -0.049769
v -0.218044 0.767090 -0.049826
v -0.236890 0.727234 -0.049845
v -0.138025 0.115967 -0.049906
v -0.221870 0.792664 -0.049917
v -0.149171 0.128845 -0.049986
v -0.183290 0.746826 -0.050013
v -0.134557 0.095551 -0.050112
v -0.157571 0.000946 -0.050181
v -0.148893 0.109467 -0.050299
v -0.203459 0.797729 -0.050444
v -0.221792 0.763092 -0.050493
v -0.234433 0.690216 -0.050543
v -0.236535 0.695099 -0.050589
v -0.148969 0.108490 -0.050688
v 0.059726 0.588654 -0.050741
v 0.014804 0.589050 -0.050780
v 0.037982 0.585815 -0.050852
v -0.230453 0.731140 -0.050883
v -0.149530 0.118896 -0.051035
v -0.130307 0.021637 -0.051039
v -0.134336 0.022919 -0.051085
v -0.149530 0.126038 -0.051092
v -0.148599 0.031311 -0.051291
v -0.187255 0.764832 -0.051592
v -0.116910 0.000397 -0.051604
v -0.179527 0.743500 -0.051756
v -0.202323 0.766815 -0.051829
v -0.189059 0.766296 -0.051840
v -0.226985 0.686127 -0.051848
v -0.114759 0.019440 -0.051996
v -0.231248 0.722565 -0.052111
v -0.149438 0.095490 -0.052187
v -0.186260 0.762115 -0.052267
v -0.225042 0.731262 -0.052435
v -0.224824 0.690826 -0.052561
v -0.204703 0.761749 -0.052744
v -0.148706 0.021912 -0.052893
v 0.002322 0.589539 -0.052931
v -0.114896 0.001648 -0.052973
v -0.114980 0.011353 -0.053057
v 0.019519 0.595398 -0.053248
v -0.130620 0.019745 -0.053560
v -0.115918 0.000946 -0.053572
v -0.115255 0.003448 -0.053938
v -0.225866 0.703003 -0.053969
v 0.037265 0.596863 -0.053991
v -0.221387 0.727417 -0.054159
v -0.219833 0.768829 -0.054182
v -0.153356 0.006836 -0.054304
v 0.026782 0.589874 -0.054396
v -0.134618 0.018555 -0.054457
v -0.137727 0.000488 -0.054526
v -0.222850 0.714905 -0.054655
v -0.218946 0.694244 -0.054671
v -0.149236 0.000458 -0.054747
v -0.132642 0.000946 -0.055014
v -0.128568 0.002441 -0.055289
v -0.212664 0.729980 -0.055418
v -0.175872 0.684052 -0.055487
v -0.149778 0.019348 -0.055548
v 0.020129 0.587723 -0.055586
v -0.210565 0.685669 -0.055601
v -0.209647 0.691498 -0.055647
v 0.058383 0.596954 -0.055914
v -0.211576 0.690002 -0.056021
v 0.009860 0.588013 -0.056227
v 0.040148 0.590668 -0.056593
v -0.175670 0.688629 -0.056601
v -0.149389 0.001038 -0.056601
v -0.191734 0.685577 -0.056624
v -0.208605 0.731384 -0.056692
v -0.209009 0.727509 -0.056776
v -0.195652 0.689606 -0.056906
v -0.172948 0.727997 -0.057051
v -0.205853 0.694183 -0.057188
v -0.190272 0.730408 -0.057188
v -0.149049 0.005432 -0.057211
v -0.208917 0.714386 -0.057257
v -0.149499 0.002197 -0.057280
v -0.175187 0.692474 -0.057348
v -0.195683 0.727570 -0.057631
v -0.187551 0.693420 -0.057844
v 0.071749 0.583908 -0.057982
v -0.173167 0.726044 -0.058073
v -0.191142 0.720917 -0.058607
v -0.224824 0.803070 -0.058951
v -0.192838 0.767242 -0.059111
v -0.186789 0.709351 -0.059210
v -0.173291 0.711761 -0.059508
v -0.185280 0.799316 -0.060736
v -0.203894 0.806702 -0.061194
v -0.222087 0.805969 -0.061514
v -0.187986 0.766968 -0.061522
v -0.182964 0.797180 -0.062651
v 0.061770 0.577271 -0.063109
v 0.070407 0.590790 -0.063368
v -0.225959 0.788452 -0.064268
v -0.188375 0.765106 -0.064581
v -0.204189 0.772156 -0.065535
v -0.225057 0.776123 -0.065558
v -0.224559 0.705109 -0.066130
v -0.221683 0.772308 -0.066397
v -0.224498 0.773041 -0.066939
v -0.224716 0.725098 -0.067129
v -0.184984 0.783020 -0.067152
v -0.202199 0.770508 -0.067213
v -0.191251 0.760254 -0.067229
v -0.227079 0.705292 -0.067503
v -0.224902 0.737823 -0.067534
v -0.203894 0.724701 -0.067908
v -0.188981 0.702820 -0.067953
v -0.188235 0.756592 -0.067969
v 0.061129 0.585541 -0.068045
v -0.181720 0.796478 -0.068121
v -0.199726 0.749451 -0.068152
v -0.204687 0.764618 -0.068312
v -0.226846 0.726562 -0.068625
v -0.188219 0.748047 -0.068632
v -0.188484 0.726135 -0.068686
v -0.225198 0.771759 -0.068686
v -0.224124 0.693817 -0.069075
v -0.186804 0.702789 -0.069121
v -0.226798 0.750458 -0.069624
v -0.219413 0.691010 -0.069807
v -0.226674 0.698730 -0.070250
v -0.185218 0.767517 -0.070608
v -0.186400 0.725067 -0.070654
v -0.227281 0.729279 -0.070944
v -0.225259 0.690704 -0.070990
v -0.194502 0.689026 -0.071181
v -0.214826 0.684692 -0.071318
v -0.186260 0.702820 -0.071371
v -0.185405 0.751617 -0.071387
v -0.189588 0.688599 -0.071493
v -0.181594 0.797668 -0.071562
v -0.197347 0.681458 -0.072989
v -0.223068 0.690125 -0.073012
v -0.218728 0.684906 -0.073149
v -0.188111 0.688446 -0.073256
v -0.192262 0.686859 -0.073889
v -0.216024 0.677307 -0.074789
v -0.227157 0.801178 -0.074797
v -0.190489 0.688019 -0.075308
v -0.227250 0.763580 -0.076559
v -0.204221 0.805756 -0.076559
v -0.229070 0.797455 -0.076765
v -0.220704 0.684662 -0.077170
v -0.182216 0.778656 -0.081183
v -0.179775 0.787018 -0.081244
v -0.191329 0.685272 -0.081274
v -0.197456 0.668579 -0.081740
v -0.184176 0.762146 -0.081854
v -0.200208 0.666077 -0.081885
v -0.206009 0.803314 -0.082739
v -0.228214 0.763916 -0.083281
v -0.228322 0.798584 -0.083418
v -0.227437 0.720795 -0.083533
v -0.215759 0.663269 -0.083563
v -0.192604 0.800934 -0.084196
v -0.188313 0.691345 -0.084204
v -0.185995 0.724854 -0.084440
v -0.230329 0.794525 -0.085470
v -0.175048 0.794739 -0.085806
v -0.186711 0.710022 -0.085982
v -0.225679 0.694519 -0.086584
v -0.175935 0.796387 -0.087431
v -0.222539 0.684143 -0.087965
v -0.195450 0.671356 -0.088766
v -0.215308 0.655762 -0.089293
v -0.201515 0.655609 -0.089384
v -0.228261 0.747345 -0.090147
v -0.196663 0.795593 -0.090750
v -0.199913 0.656525 -0.090811
v -0.214577 0.796234 -0.090857
v -0.177940 0.791351 -0.091475
v -0.182683 0.786346 -0.095549
v -0.185203 0.738708 -0.095915
v -0.229163 0.790649 -0.096419
v -0.181564 0.775848 -0.096701
v -0.209399 0.792175 -0.096869
v -0.230018 0.787689 -0.097571
v -0.202183 0.786407 -0.097815
v -0.212353 0.789856 -0.098067
v -0.202961 0.655975 -0.098120
v -0.229194 0.762695 -0.098356
v -0.227809 0.789703 -0.098486
v -0.189090 0.691498 -0.098555
v -0.227390 0.772217 -0.099539
v -0.228650 0.745819 -0.100317
v -0.186182 0.762634 -0.100378
v -0.184239 0.749908 -0.100607
v -0.208232 0.768463 -0.100790
v -0.208761 0.656067 -0.101416
v -0.225881 0.746643 -0.101530
v -0.216941 0.657166 -0.102209
v -0.215167 0.749542 -0.102225
v -0.185887 0.745819 -0.102347
v -0.201577 0.743927 -0.103087
v -0.227296 0.734070 -0.103285
v -0.185405 0.738251 -0.103926
v -0.197845 0.730652 -0.104864
v -0.187240 0.715179 -0.104895
v -0.186975 0.733154 -0.104933
v -0.188515 0.698242 -0.105040
v -0.226255 0.693176 -0.105536
v -0.225805 0.702759 -0.105704
v -0.199757 0.657928 -0.106344
v -0.189230 0.712677 -0.106375
v -0.190272 0.695923 -0.107466
v -0.225913 0.692017 -0.107992
v -0.189324 0.690948 -0.108771
v -0.224653 0.683807 -0.109534
v -0.195699 0.667694 -0.109816
v -0.211576 0.658752 -0.110945
v -0.222570 0.672668 -0.111494
v -0.218372 0.661560 -0.111609
v -0.193708 0.672577 -0.112066
v -0.220020 0.663666 -0.112929
v -0.216893 0.660339 -0.113562
v -0.199446 0.660767 -0.114195
vt 0.538086 0.386719
vt 0.533936 0.393311
vt 0.529053 0.391846
vt 0.535645 0.402588
vt 0.528809 0.406982
vt 0.535889 0.424561
vt 0.540771 0.399414
vt 0.527100 0.395020
vt 0.525146 0.387451
vt 0.524170 0.393311
vt 0.526367 0.408447
vt 0.525391 0.421143
vt 0.524658 0.405273
vt 0.512939 0.393799
vt 0.517090 0.384766
vt 0.516357 0.408936
vt 0.510498 0.395264
vt 0.507080 0.389160
vt 0.515625 0.416016
vt 0.510254 0.408936
vt 0.501709 0.391357
vt 0.507080 0.422607
vt 0.517090 0.421143
vt 0.521729 0.427246
vt 0.501709 0.441650
vt 0.515869 0.443848
vt 0.531494 0.429932
vt 0.551025 0.430908
vt 0.547607 0.419189
vt 0.563232 0.432373
vt 0.556152 0.438965
vt 0.567383 0.443115
vt 0.565186 0.444824
vt 0.540039 0.448242
vt 0.534912 0.438721
vt 0.535889 0.444336
vt 0.523682 0.448730
vt 0.333008 0.510498
vt 0.321289 0.510742
vt 0.327637 0.503662
vt 0.333984 0.502930
vt 0.342041 0.510742
vt 0.331299 0.513672
vt 0.320557 0.516113
vt 0.312256 0.508789
vt 0.341797 0.514404
vt 0.331787 0.519531
vt 0.312744 0.542236
vt 0.303955 0.540771
vt 0.323242 0.532959
vt 0.315674 0.545654
vt 0.320557 0.553955
vt 0.323975 0.555664
vt 0.333008 0.552246
vt 0.326416 0.522949
vt 0.333008 0.531006
vt 0.335205 0.552246
vt 0.333252 0.521973
vt 0.341553 0.520508
vt 0.342041 0.527344
vt 0.344238 0.548828
vt 0.344238 0.553223
vt 0.343750 0.520508
vt 0.344238 0.532715
vt 0.346680 0.548340
vt 0.349609 0.548828
vt 0.359619 0.553223
vt 0.344727 0.522461
vt 0.358154 0.547852
vt 0.351318 0.520508
vt 0.344971 0.515381
vt 0.354492 0.518799
vt 0.362793 0.539062
vt 0.370117 0.546875
vt 0.367676 0.555664
vt 0.356201 0.515869
vt 0.379639 0.544678
vt 0.388672 0.555664
vt 0.358887 0.508545
vt 0.343994 0.510986
vt 0.349854 0.506592
vt 0.343506 0.503906
vt 0.023193 0.472168
vt 0.014893 0.478027
vt 0.004150 0.474609
vt 0.023193 0.497803
vt 0.013672 0.494385
vt 0.013184 0.499756
vt 0.002686 0.503662
vt 0.008789 0.500488
vt 0.004150 0.505127
vt 0.115723 0.311279
vt 0.106445 0.318359
vt 0.114990 0.301025
vt 0.135254 0.327148
vt 0.144775 0.319824
vt 0.141113 0.330322
vt 0.149170 0.311768
vt 0.151611 0.311523
vt 0.149902 0.310303
vt 0.148682 0.321777
vt 0.148193 0.324951
vt 0.168213 0.323730
vt 0.172852 0.311279
vt 0.165527 0.301025
vt 0.157227 0.305420
vt 0.157959 0.303467
vt 0.171631 0.100830
vt 0.173584 0.100830
vt 0.166748 0.117920
vt 0.176514 0.125000
vt 0.182617 0.102539
vt 0.166992 0.128662
vt 0.172852 0.127930
vt 0.175293 0.129150
vt 0.182617 0.124512
vt 0.167725 0.135986
vt 0.298340 0.377686
vt 0.291016 0.392578
vt 0.304932 0.358398
vt 0.295166 0.391113
vt 0.295166 0.394775
vt 0.299561 0.392090
vt 0.294922 0.408203
vt 0.286133 0.393799
vt 0.304932 0.411865
vt 0.304932 0.406006
vt 0.271484 0.401367
vt 0.267578 0.399658
vt 0.395264 0.215576
vt 0.396240 0.208740
vt 0.407959 0.209229
vt 0.385742 0.197998
vt 0.398926 0.200684
vt 0.393311 0.180176
vt 0.404785 0.179932
vt 0.407959 0.180908
vt 0.031982 0.009521
vt 0.026123 0.002197
vt 0.042969 0.002197
vt 0.046631 0.012207
vt 0.025635 0.025146
vt 0.967773 0.750000
vt 0.968750 0.744629
vt 0.970215 0.750488
vt 0.979248 0.750000
vt 0.968506 0.737061
vt 0.959717 0.762695
vt 0.957764 0.775635
vt 0.966553 0.744629
vt 0.951172 0.756592
vt 0.945312 0.763428
vt 0.949463 0.746582
vt 0.945068 0.733154
vt 0.953369 0.781982
vt 0.937500 0.743408
vt 0.935059 0.738525
vt 0.943604 0.727783
vt 0.940918 0.752197
vt 0.931641 0.743652
vt 0.927246 0.735840
vt 0.938232 0.760742
vt 0.947266 0.786621
vt 0.932373 0.763184
vt 0.923340 0.743652
vt 0.919678 0.738037
vt 0.912354 0.728516
vt 0.912354 0.739990
vt 0.898438 0.725342
vt 0.895752 0.734863
vt 0.905762 0.743652
vt 0.887207 0.736572
vt 0.916504 0.745361
vt 0.924805 0.765869
vt 0.917969 0.766602
vt 0.899658 0.747314
vt 0.895996 0.759766
vt 0.882080 0.745361
vt 0.904785 0.762939
vt 0.902344 0.776123
vt 0.913086 0.769775
vt 0.906982 0.779053
vt 0.921875 0.780518
vt 0.914307 0.783447
vt 0.909668 0.796387
vt 0.931641 0.794434
vt 0.921875 0.795410
vt 0.916504 0.798096
vt 0.907471 0.813721
vt 0.920410 0.821289
vt 0.934082 0.824951
vt 0.941406 0.818604
vt 0.952148 0.820312
vt 0.941162 0.791748
vt 0.958008 0.806396
vt 0.960938 0.802490
vt 0.966309 0.811279
vt 0.959229 0.812744
vt 0.974121 0.820557
vt 0.979248 0.831543
vt 0.973145 0.814453
vt 0.189697 0.031250
vt 0.189209 0.015381
vt 0.205566 0.031738
vt 0.206787 0.012939
vt 0.214844 0.023193
vt 0.214355 0.042725
vt 0.221436 0.032959
vt 0.215820 0.016113
vt 0.208252 0.010742
vt 0.213135 0.003174
vt 0.221436 0.009033
vt 0.093506 0.335938
vt 0.112793 0.340576
vt 0.105469 0.345947
vt 0.104004 0.326904
vt 0.091064 0.322266
vt 0.085693 0.337646
vt 0.083740 0.325439
vt 0.068359 0.329346
vt 0.078613 0.319092
vt 0.072754 0.315430
vt 0.053711 0.327637
vt 0.067383 0.340820
vt 0.057373 0.331787
vt 0.055176 0.345947
vt 0.002686 0.147705
vt 0.003906 0.142334
vt 0.009033 0.141846
vt 0.008301 0.131836
vt 0.002686 0.120361
vt 0.013672 0.139648
vt 0.008057 0.033203
vt 0.001953 0.042725
vt 0.003418 0.010010
vt 0.006592 0.040283
vt 0.011963 0.042725
vt 0.008545 0.012695
vt 0.008301 0.011230
vt 0.014893 0.010254
vt 0.021484 0.041992
vt 0.011475 0.002441
vt 0.021484 0.008789
vt 0.020264 0.001953
vt 0.863525 0.385254
vt 0.855225 0.377197
vt 0.869385 0.375000
vt 0.882080 0.376221
vt 0.878906 0.329346
vt 0.842773 0.380127
vt 0.830322 0.385986
vt 0.823486 0.378418
vt 0.822510 0.388672
vt 0.838135 0.367188
vt 0.830811 0.332520
vt 0.838379 0.343262
vt 0.859375 0.354492
vt 0.864014 0.347168
vt 0.868164 0.327881
vt 0.868896 0.312012
vt 0.860107 0.327393
vt 0.855225 0.338867
vt 0.856201 0.318359
vt 0.854248 0.325439
vt 0.850342 0.331299
vt 0.839111 0.328125
vt 0.842041 0.332275
vt 0.834229 0.323486
vt 0.818359 0.321533
vt 0.812500 0.334961
vt 0.820068 0.319336
vt 0.815918 0.353516
vt 0.806641 0.385254
vt 0.801514 0.372070
vt 0.799805 0.342773
vt 0.836182 0.318848
vt 0.822998 0.281006
vt 0.815430 0.281738
vt 0.815430 0.280273
vt 0.827881 0.269287
vt 0.812988 0.271729
vt 0.816895 0.254150
vt 0.854492 0.313721
vt 0.829834 0.280518
vt 0.870117 0.305176
vt 0.838135 0.316162
vt 0.831787 0.280518
vt 0.830566 0.278564
vt 0.843018 0.275635
vt 0.843262 0.266846
vt 0.843506 0.277832
vt 0.844238 0.294678
vt 0.846680 0.279785
vt 0.853760 0.307617
vt 0.850342 0.278809
vt 0.848389 0.273438
vt 0.849609 0.276855
vt 0.851074 0.274414
vt 0.854492 0.270020
vt 0.860107 0.259766
vt 0.863525 0.275635
vt 0.861816 0.269775
vt 0.867188 0.265625
vt 0.863525 0.271729
vt 0.865723 0.276123
vt 0.882080 0.300049
vt 0.875732 0.268555
vt 0.875000 0.266602
vt 0.875732 0.260742
vt 0.878906 0.253418
vt 0.878418 0.262695
vt 0.812988 0.461426
vt 0.810059 0.464844
vt 0.802979 0.442871
vt 0.807861 0.442139
vt 0.786865 0.451172
vt 0.839355 0.473633
vt 0.822266 0.431396
vt 0.822510 0.486328
vt 0.789551 0.461182
vt 0.837158 0.488525
vt 0.797852 0.488037
vt 0.827393 0.496094
vt 0.838867 0.496094
vt 0.826660 0.500732
vt 0.821777 0.497559
vt 0.813965 0.482178
vt 0.791016 0.501709
vt 0.794434 0.515137
vt 0.780029 0.510498
vt 0.803955 0.506592
vt 0.797607 0.516602
vt 0.798828 0.502197
vt 0.802246 0.500977
vt 0.803467 0.494141
vt 0.812012 0.489746
vt 0.817871 0.493408
vt 0.811035 0.510010
vt 0.822510 0.502686
vt 0.834717 0.536621
vt 0.838623 0.535645
vt 0.838379 0.536377
vt 0.822021 0.543945
vt 0.813477 0.547119
vt 0.805908 0.552246
vt 0.807129 0.553467
vt 0.822998 0.544922
vt 0.839355 0.542969
vt 0.824219 0.554443
vt 0.818115 0.548096
vt 0.809570 0.563232
vt 0.816895 0.578857
vt 0.157715 0.736328
vt 0.144775 0.759277
vt 0.131836 0.722656
vt 0.162842 0.741943
vt 0.106934 0.758789
vt 0.151855 0.759766
vt 0.145020 0.708496
vt 0.167725 0.750244
vt 0.169434 0.780518
vt 0.166748 0.723877
vt 0.174561 0.765381
vt 0.184082 0.748535
vt 0.179443 0.776855
vt 0.181396 0.780029
vt 0.170410 0.783936
vt 0.178467 0.719482
vt 0.190430 0.763672
vt 0.187500 0.777588
vt 0.188965 0.779053
vt 0.179443 0.787354
vt 0.190186 0.788818
vt 0.194580 0.774902
vt 0.200684 0.774902
vt 0.199951 0.784912
vt 0.212402 0.768799
vt 0.213623 0.778564
vt 0.204346 0.770996
vt 0.210938 0.766846
vt 0.201904 0.767578
vt 0.210205 0.756592
vt 0.203857 0.741455
vt 0.199463 0.735840
vt 0.208496 0.725586
vt 0.198242 0.720459
vt 0.190918 0.735107
vt 0.185059 0.707275
vt 0.184326 0.695068
vt 0.173340 0.712646
vt 0.174072 0.707031
vt 0.183350 0.692871
vt 0.150146 0.699219
vt 0.153320 0.693604
vt 0.163086 0.677734
vt 0.158936 0.673340
vt 0.148926 0.695312
vt 0.142822 0.705811
vt 0.146729 0.694580
vt 0.156006 0.673096
vt 0.150391 0.654297
vt 0.137451 0.650635
vt 0.127441 0.631836
vt 0.130859 0.721191
vt 0.135986 0.710938
vt 0.128662 0.719971
vt 0.127686 0.696289
vt 0.118896 0.623779
vt 0.120361 0.618408
vt 0.111084 0.605713
vt 0.113770 0.602783
vt 0.096436 0.611084
vt 0.010498 0.714355
vt 0.093262 0.750488
vt 0.001953 0.788818
vt 0.089600 0.767578
vt 0.518066 0.293701
vt 0.501221 0.274414
vt 0.519043 0.285645
vt 0.532227 0.287842
vt 0.532715 0.290283
vt 0.513428 0.264648
vt 0.511475 0.258057
vt 0.496582 0.270752
vt 0.491943 0.242676
vt 0.496338 0.239502
vt 0.533936 0.258545
vt 0.521729 0.251221
vt 0.510742 0.248535
vt 0.491455 0.233154
vt 0.487793 0.236084
vt 0.496094 0.236816
vt 0.506592 0.243896
vt 0.496826 0.230469
vt 0.488037 0.219482
vt 0.502441 0.236328
vt 0.515869 0.247559
vt 0.496582 0.225830
vt 0.489990 0.217285
vt 0.483887 0.210693
vt 0.506104 0.235107
vt 0.503418 0.221680
vt 0.486328 0.204590
vt 0.478271 0.203369
vt 0.518066 0.243164
vt 0.493652 0.211670
vt 0.490234 0.198975
vt 0.483154 0.193359
vt 0.484375 0.185791
vt 0.500488 0.214355
vt 0.496582 0.194824
vt 0.505371 0.206787
vt 0.515137 0.229492
vt 0.525391 0.247314
vt 0.529541 0.249512
vt 0.522949 0.236816
vt 0.511963 0.216309
vt 0.505859 0.193115
vt 0.500488 0.189941
vt 0.495605 0.187988
vt 0.504639 0.182373
vt 0.520020 0.196045
vt 0.516602 0.185547
vt 0.499268 0.179443
vt 0.489502 0.182129
vt 0.485596 0.166504
vt 0.495605 0.167480
vt 0.504639 0.167969
vt 0.509766 0.169922
vt 0.479492 0.168213
vt 0.476318 0.178223
vt 0.492188 0.160156
vt 0.469971 0.171631
vt 0.466064 0.174316
vt 0.469727 0.153564
vt 0.459961 0.155762
vt 0.442139 0.157715
vt 0.442871 0.164795
vt 0.408691 0.138428
vt 0.422607 0.142090
vt 0.437500 0.143555
vt 0.424561 0.127686
vt 0.408447 0.131348
vt 0.398438 0.130615
vt 0.417236 0.117676
vt 0.399414 0.124512
vt 0.395508 0.117676
vt 0.444336 0.144287
vt 0.412354 0.104248
vt 0.414795 0.093506
vt 0.420410 0.113525
vt 0.428711 0.118164
vt 0.416992 0.102051
vt 0.420898 0.092285
vt 0.425781 0.100342
vt 0.435303 0.115723
vt 0.436523 0.098145
vt 0.448730 0.139648
vt 0.443359 0.107910
vt 0.449707 0.129639
vt 0.464844 0.142578
vt 0.481201 0.151123
vt 0.457275 0.127930
vt 0.487061 0.144043
vt 0.451172 0.111328
vt 0.469238 0.128662
vt 0.458984 0.109375
vt 0.489014 0.139160
vt 0.480957 0.127441
vt 0.452148 0.098389
vt 0.502686 0.147705
vt 0.495850 0.137939
vt 0.467041 0.104492
vt 0.484863 0.118164
vt 0.470947 0.096191
vt 0.492676 0.116943
vt 0.453369 0.087646
vt 0.445312 0.079834
vt 0.449463 0.074219
vt 0.438965 0.087646
vt 0.428223 0.083496
vt 0.424561 0.077148
vt 0.433350 0.069092
vt 0.437256 0.064453
vt 0.432861 0.056152
vt 0.437988 0.056641
vt 0.447754 0.063232
vt 0.439697 0.052002
vt 0.438232 0.043945
vt 0.410645 0.030518
vt 0.461670 0.070557
vt 0.448730 0.055908
vt 0.444824 0.048096
vt 0.384521 0.014404
vt 0.386230 0.002197
vt 0.418701 0.024414
vt 0.403076 0.001953
vt 0.421143 0.002930
vt 0.429443 0.008545
vt 0.447266 0.027344
vt 0.449707 0.027344
vt 0.449951 0.033936
vt 0.451904 0.030273
vt 0.456299 0.034424
vt 0.450439 0.042236
vt 0.453857 0.051270
vt 0.461914 0.056396
vt 0.458252 0.048096
vt 0.456299 0.040771
vt 0.464844 0.044189
vt 0.468994 0.051514
vt 0.487793 0.049072
vt 0.487305 0.041016
vt 0.486816 0.055176
vt 0.500000 0.055176
vt 0.471924 0.060547
vt 0.495850 0.059326
vt 0.481689 0.064697
vt 0.505127 0.060547
vt 0.501465 0.069580
vt 0.509033 0.051270
vt 0.483398 0.071777
vt 0.470703 0.073242
vt 0.495605 0.084229
vt 0.486084 0.089844
vt 0.498779 0.075928
vt 0.515869 0.101074
vt 0.483398 0.099365
vt 0.497070 0.101562
vt 0.510010 0.105713
vt 0.514404 0.112305
vt 0.499756 0.114990
vt 0.505615 0.125732
vt 0.513672 0.121582
vt 0.521484 0.107178
vt 0.526611 0.117188
vt 0.522705 0.096924
vt 0.510742 0.075195
vt 0.532715 0.104492
vt 0.514648 0.069092
vt 0.522217 0.084473
vt 0.513428 0.060547
vt 0.523682 0.074219
vt 0.531250 0.087402
vt 0.534180 0.068359
vt 0.539551 0.104492
vt 0.530762 0.056152
vt 0.533447 0.085449
vt 0.539795 0.096680
vt 0.535156 0.077393
vt 0.542480 0.090332
vt 0.545898 0.104736
vt 0.546875 0.098633
vt 0.548096 0.090332
vt 0.547852 0.082764
vt 0.553223 0.089355
vt 0.552490 0.100830
vt 0.553467 0.077393
vt 0.558594 0.090576
vt 0.538574 0.065918
vt 0.556152 0.069580
vt 0.559814 0.079346
vt 0.561768 0.091064
vt 0.548096 0.055420
vt 0.553467 0.058105
vt 0.559814 0.068359
vt 0.562500 0.079102
vt 0.537842 0.046875
vt 0.549805 0.040771
vt 0.533203 0.032715
vt 0.567627 0.089600
vt 0.566406 0.078613
vt 0.581055 0.088867
vt 0.584473 0.090820
vt 0.600098 0.088867
vt 0.608154 0.098145
vt 0.590088 0.099609
vt 0.582275 0.096924
vt 0.567627 0.091064
vt 0.557373 0.109375
vt 0.577148 0.127441
vt 0.552246 0.114502
vt 0.542969 0.127441
vt 0.568115 0.137695
vt 0.540283 0.114746
vt 0.537598 0.110596
vt 0.533691 0.120361
vt 0.530273 0.113281
vt 0.538818 0.122314
vt 0.523193 0.124512
vt 0.533447 0.130859
vt 0.527100 0.132324
vt 0.538574 0.133057
vt 0.528320 0.137939
vt 0.518311 0.134033
vt 0.542236 0.145752
vt 0.520020 0.142090
vt 0.516113 0.143066
vt 0.525879 0.141846
vt 0.517090 0.147217
vt 0.503174 0.132324
vt 0.505615 0.142822
vt 0.511963 0.151123
vt 0.517578 0.151367
vt 0.509521 0.159668
vt 0.502441 0.156738
vt 0.500732 0.164551
vt 0.505859 0.163330
vt 0.516846 0.173584
vt 0.525879 0.171631
vt 0.532227 0.160889
vt 0.540527 0.162842
vt 0.531982 0.185547
vt 0.564941 0.161621
vt 0.593750 0.166992
vt 0.545166 0.191406
vt 0.561768 0.181396
vt 0.577393 0.185059
vt 0.590332 0.191650
vt 0.589355 0.212891
vt 0.580566 0.205322
vt 0.594238 0.240967
vt 0.559814 0.196045
vt 0.567139 0.211426
vt 0.580566 0.252686
vt 0.597168 0.256104
vt 0.598877 0.263916
vt 0.566162 0.235596
vt 0.555664 0.229248
vt 0.572998 0.257324
vt 0.605713 0.289795
vt 0.551514 0.248535
vt 0.560791 0.284912
vt 0.604980 0.298096
vt 0.551025 0.255859
vt 0.551758 0.240967
vt 0.549805 0.241455
vt 0.552979 0.230957
vt 0.550049 0.224121
vt 0.547363 0.287354
vt 0.568604 0.293213
vt 0.549561 0.291748
vt 0.608154 0.315674
vt 0.582520 0.299316
vt 0.605225 0.299072
vt 0.545166 0.215576
vt 0.549072 0.228271
vt 0.535400 0.210693
vt 0.527344 0.214844
vt 0.525635 0.235840
vt 0.526367 0.212402
vt 0.522461 0.224121
vt 0.317139 0.500732
vt 0.307861 0.507080
vt 0.315186 0.495361
vt 0.303223 0.502930
vt 0.325684 0.483398
vt 0.303467 0.483643
vt 0.332275 0.491211
vt 0.320801 0.468994
vt 0.334717 0.475586
vt 0.356201 0.468262
vt 0.332275 0.464355
vt 0.342285 0.450684
vt 0.380371 0.468750
vt 0.330566 0.450928
vt 0.304199 0.468750
vt 0.308594 0.452637
vt 0.318604 0.426758
vt 0.328369 0.425781
vt 0.314209 0.414551
vt 0.312256 0.397461
vt 0.341309 0.423340
vt 0.323730 0.401611
vt 0.320068 0.382080
vt 0.307129 0.380859
vt 0.332520 0.380371
vt 0.370117 0.434570
vt 0.339844 0.394775
vt 0.372314 0.422363
vt 0.366699 0.393555
vt 0.423584 0.412842
vt 0.430176 0.451904
vt 0.405762 0.466064
vt 0.434326 0.463623
vt 0.443115 0.439941
vt 0.450439 0.454834
vt 0.460693 0.457520
vt 0.438232 0.412109
vt 0.447754 0.427979
vt 0.484375 0.428467
vt 0.489502 0.446533
vt 0.444824 0.410889
vt 0.469971 0.405518
vt 0.441650 0.392090
vt 0.433594 0.385742
vt 0.490723 0.427002
vt 0.493896 0.441895
vt 0.496094 0.437988
vt 0.495361 0.425049
vt 0.484131 0.413574
vt 0.479248 0.399902
vt 0.477051 0.365234
vt 0.476562 0.401123
vt 0.468262 0.383301
vt 0.473877 0.378174
vt 0.435303 0.360840
vt 0.466064 0.359131
vt 0.458740 0.356201
vt 0.462158 0.351318
vt 0.506104 0.313721
vt 0.468018 0.309814
vt 0.456787 0.354248
vt 0.460693 0.313721
vt 0.456055 0.329834
vt 0.453857 0.313477
vt 0.424561 0.315918
vt 0.432129 0.351074
vt 0.456543 0.282471
vt 0.429199 0.359863
vt 0.419678 0.319824
vt 0.415527 0.363281
vt 0.418945 0.387939
vt 0.400879 0.366943
vt 0.374512 0.382812
vt 0.357666 0.373535
vt 0.373535 0.372070
vt 0.348145 0.391357
vt 0.346680 0.377197
vt 0.343262 0.363770
vt 0.357910 0.359863
vt 0.327637 0.346924
vt 0.310303 0.352295
vt 0.341309 0.351562
vt 0.352295 0.336182
vt 0.319824 0.324463
vt 0.303223 0.322754
vt 0.319092 0.311768
vt 0.310791 0.311035
vt 0.331543 0.315430
vt 0.325684 0.296875
vt 0.333496 0.295654
vt 0.359619 0.301270
vt 0.365479 0.340576
vt 0.368896 0.270752
vt 0.351074 0.274902
vt 0.371826 0.357422
vt 0.378418 0.360352
vt 0.408203 0.361572
vt 0.404297 0.323975
vt 0.385498 0.324951
vt 0.407471 0.315674
vt 0.415771 0.308838
vt 0.397949 0.313477
vt 0.407471 0.312988
vt 0.385742 0.307129
vt 0.397461 0.310303
vt 0.411621 0.307129
vt 0.404785 0.309814
vt 0.387695 0.304932
vt 0.376221 0.299072
vt 0.387695 0.301025
vt 0.380371 0.297852
vt 0.378662 0.290039
vt 0.380127 0.280762
vt 0.398438 0.280762
vt 0.388184 0.278320
vt 0.390381 0.274414
vt 0.405273 0.279785
vt 0.367432 0.264160
vt 0.417236 0.305176
vt 0.414062 0.278809
vt 0.420898 0.279053
vt 0.392578 0.272461
vt 0.350586 0.264404
vt 0.344971 0.264648
vt 0.345459 0.260498
vt 0.354248 0.259277
vt 0.353516 0.251221
vt 0.344971 0.247803
vt 0.347900 0.240723
vt 0.368896 0.256836
vt 0.364990 0.251221
vt 0.361084 0.237793
vt 0.405762 0.273438
vt 0.385254 0.257080
vt 0.408936 0.272217
vt 0.369141 0.241943
vt 0.373291 0.239502
vt 0.384033 0.249756
vt 0.403564 0.262451
vt 0.414307 0.267090
vt 0.380127 0.245361
vt 0.394531 0.252930
vt 0.406738 0.260498
vt 0.391846 0.248535
vt 0.394287 0.225098
vt 0.399170 0.252197
vt 0.417236 0.255615
vt 0.417480 0.230957
vt 0.418701 0.219238
vt 0.426270 0.220459
vt 0.423096 0.252930
vt 0.426025 0.254395
vt 0.427490 0.233154
vt 0.456543 0.257324
vt 0.429688 0.220459
vt 0.425537 0.212646
vt 0.464844 0.224854
vt 0.460938 0.263672
vt 0.466309 0.230469
vt 0.472656 0.201172
vt 0.463135 0.194824
vt 0.462158 0.179932
vt 0.460205 0.182129
vt 0.694092 0.063965
vt 0.689209 0.075195
vt 0.667236 0.058105
vt 0.706055 0.063232
vt 0.707275 0.077637
vt 0.701172 0.044678
vt 0.705078 0.045898
vt 0.671875 0.033691
vt 0.688232 0.029297
vt 0.663086 0.067627
vt 0.671875 0.021729
vt 0.652100 0.058105
vt 0.632812 0.059082
vt 0.633301 0.077637
vt 0.618652 0.072266
vt 0.636963 0.015137
vt 0.655029 0.015137
vt 0.663330 0.004150
vt 0.653564 0.014160
vt 0.658203 0.005859
vt 0.599854 0.063232
vt 0.596436 0.073242
vt 0.566162 0.067871
vt 0.577637 0.061279
vt 0.567139 0.059082
vt 0.600830 0.054932
vt 0.637939 0.049316
vt 0.598877 0.047607
vt 0.620361 0.046875
vt 0.639648 0.044678
vt 0.640137 0.038330
vt 0.638184 0.024414
vt 0.600098 0.036621
vt 0.619141 0.027588
vt 0.581299 0.038330
vt 0.560303 0.048828
vt 0.559082 0.030518
vt 0.621338 0.018311
vt 0.575195 0.021484
vt 0.589600 0.021240
vt 0.558350 0.023926
vt 0.599121 0.020752
vt 0.588623 0.019043
vt 0.597900 0.018799
vt 0.614502 0.017578
vt 0.628418 0.015381
vt 0.633057 0.012939
vt 0.644043 0.002686
vt 0.621094 0.014648
vt 0.617432 0.005371
vt 0.608398 0.016602
vt 0.597900 0.006592
vt 0.598145 0.018066
vt 0.588379 0.017090
vt 0.583984 0.002686
vt 0.577881 0.018799
vt 0.566895 0.020264
vt 0.571289 0.005371
vt 0.554688 0.008545
vt 0.557129 0.022217
vt 0.541992 0.010742
vt 0.549561 0.023438
vt 0.532471 0.016846
vt 0.524658 0.015381
vt 0.531006 0.837891
vt 0.530273 0.820068
vt 0.540283 0.839600
vt 0.523682 0.792725
vt 0.525146 0.844482
vt 0.532471 0.821533
vt 0.552734 0.837646
vt 0.562988 0.849121
vt 0.574951 0.851074
vt 0.556152 0.830566
vt 0.532959 0.812988
vt 0.554688 0.816895
vt 0.534424 0.796631
vt 0.555908 0.804688
vt 0.567627 0.815674
vt 0.570312 0.830811
vt 0.589111 0.826172
vt 0.592041 0.848145
vt 0.609131 0.839600
vt 0.577148 0.815186
vt 0.594238 0.815430
vt 0.569336 0.804443
vt 0.591553 0.806641
vt 0.611084 0.817871
vt 0.618896 0.834717
vt 0.613525 0.818848
vt 0.621094 0.834473
vt 0.609863 0.806152
vt 0.619141 0.797119
vt 0.613037 0.797852
vt 0.608154 0.790771
vt 0.610840 0.786133
vt 0.613281 0.779541
vt 0.608154 0.776123
vt 0.589600 0.790039
vt 0.609375 0.764648
vt 0.594971 0.762207
vt 0.611572 0.749268
vt 0.578857 0.761475
vt 0.619873 0.760254
vt 0.607422 0.736328
vt 0.621826 0.769531
vt 0.572510 0.753418
vt 0.579346 0.733398
vt 0.561279 0.747314
vt 0.562012 0.730225
vt 0.561279 0.763916
vt 0.565674 0.772461
vt 0.553955 0.757324
vt 0.540771 0.743896
vt 0.555664 0.724854
vt 0.551270 0.767822
vt 0.536621 0.756104
vt 0.533447 0.740479
vt 0.543701 0.728516
vt 0.533936 0.754883
vt 0.532471 0.764160
vt 0.522705 0.754883
vt 0.525146 0.742432
vt 0.496582 0.742432
vt 0.510010 0.749023
vt 0.497070 0.764160
vt 0.491943 0.767578
vt 0.517334 0.769531
vt 0.492920 0.784668
vt 0.489990 0.779053
vt 0.488525 0.817627
vt 0.512939 0.779541
vt 0.491211 0.817627
vt 0.498535 0.851074
vt 0.499756 0.847900
vt 0.511719 0.783447
vt 0.498535 0.815186
vt 0.518066 0.840576
vt 0.519043 0.814209
vt 0.516113 0.786621
vt 0.522949 0.774170
vt 0.529297 0.773926
vt 0.531738 0.775391
vt 0.547119 0.773682
vt 0.551025 0.785156
vt 0.560547 0.797119
vt 0.557617 0.779297
vt 0.563232 0.789307
vt 0.570312 0.792725
vt 0.581299 0.801514
vt 0.568359 0.529053
vt 0.574951 0.520020
vt 0.584717 0.525391
vt 0.563965 0.499023
vt 0.578613 0.531006
vt 0.584961 0.531494
vt 0.592285 0.527832
vt 0.593750 0.532715
vt 0.588623 0.536133
vt 0.577393 0.539307
vt 0.570801 0.539307
vt 0.585938 0.539062
vt 0.588379 0.541748
vt 0.575684 0.547363
vt 0.567139 0.539551
vt 0.565918 0.548828
vt 0.589355 0.551758
vt 0.591553 0.540771
vt 0.594971 0.546143
vt 0.583984 0.554443
vt 0.592529 0.555908
vt 0.606445 0.554932
vt 0.604004 0.573730
vt 0.595459 0.576660
vt 0.571777 0.551270
vt 0.588379 0.572754
vt 0.586914 0.599609
vt 0.597168 0.608887
vt 0.614014 0.599854
vt 0.579590 0.604248
vt 0.594482 0.623779
vt 0.583252 0.622314
vt 0.570557 0.614502
vt 0.571533 0.601318
vt 0.578857 0.595459
vt 0.575195 0.571777
vt 0.572754 0.594238
vt 0.566406 0.571777
vt 0.568115 0.599854
vt 0.557373 0.571045
vt 0.547119 0.609375
vt 0.557617 0.597412
vt 0.553955 0.596680
vt 0.556885 0.592529
vt 0.540527 0.586914
vt 0.556152 0.578857
vt 0.520996 0.610596
vt 0.529297 0.585693
vt 0.530762 0.552246
vt 0.556641 0.555664
vt 0.506104 0.585693
vt 0.504639 0.579590
vt 0.490723 0.596436
vt 0.486328 0.610352
vt 0.489258 0.585205
vt 0.487549 0.600586
vt 0.484375 0.593262
vt 0.459473 0.617188
vt 0.463135 0.585205
vt 0.434570 0.623779
vt 0.442871 0.589111
vt 0.426514 0.563965
vt 0.470459 0.582275
vt 0.490723 0.578857
vt 0.468018 0.540527
vt 0.489258 0.547852
vt 0.491211 0.559082
vt 0.492432 0.543701
vt 0.493164 0.558594
vt 0.510498 0.546143
vt 0.509277 0.537354
vt 0.465820 0.526611
vt 0.458740 0.540283
vt 0.458496 0.534912
vt 0.442627 0.539551
vt 0.441895 0.530762
vt 0.430664 0.536377
vt 0.416992 0.537842
vt 0.407715 0.548340
vt 0.403564 0.540771
vt 0.438232 0.504395
vt 0.409668 0.505615
vt 0.385254 0.524902
vt 0.471436 0.513428
vt 0.429443 0.478516
vt 0.448975 0.467529
vt 0.422607 0.469971
vt 0.406982 0.470459
vt 0.377930 0.480957
vt 0.383789 0.518066
vt 0.373047 0.520508
vt 0.378906 0.518311
vt 0.371094 0.475098
vt 0.474365 0.490234
vt 0.473877 0.467529
vt 0.510498 0.482666
vt 0.502197 0.470459
vt 0.545410 0.480225
vt 0.548340 0.493164
vt 0.502686 0.503174
vt 0.548096 0.505615
vt 0.520508 0.508789
vt 0.554932 0.523438
vt 0.531250 0.523682
vt 0.553955 0.536621
vt 0.557617 0.542725
vt 0.555908 0.545166
vt 0.557617 0.546387
vt 0.647461 0.840332
vt 0.641357 0.827881
vt 0.647217 0.829346
vt 0.640625 0.838623
vt 0.654053 0.836670
vt 0.632568 0.834229
vt 0.653564 0.826904
vt 0.658691 0.828369
vt 0.656494 0.812988
vt 0.651611 0.800537
vt 0.657471 0.792725
vt 0.646973 0.779541
vt 0.646973 0.760254
vt 0.644043 0.794189
vt 0.635986 0.764648
vt 0.629883 0.755615
vt 0.631348 0.744385
vt 0.638916 0.791504
vt 0.630615 0.765381
vt 0.630127 0.774170
vt 0.634521 0.791748
vt 0.636719 0.813965
vt 0.627930 0.800537
vt 0.628662 0.828613
vt 0.165527 0.356201
vt 0.147461 0.352539
vt 0.149658 0.350586
vt 0.190918 0.357178
vt 0.145996 0.344482
vt 0.166016 0.367432
vt 0.174072 0.347168
vt 0.190186 0.361084
vt 0.192871 0.349609
vt 0.220459 0.366699
vt 0.216309 0.357666
vt 0.215332 0.350586
vt 0.192139 0.342773
vt 0.176758 0.341797
vt 0.153564 0.337402
vt 0.175049 0.333496
vt 0.127686 0.338623
vt 0.122559 0.346924
vt 0.144775 0.363281
vt 0.113037 0.358398
vt 0.116455 0.344727
vt 0.109131 0.355713
vt 0.144531 0.365479
vt 0.102295 0.357178
vt 0.076172 0.354492
vt 0.076660 0.354736
vt 0.075684 0.363525
vt 0.101807 0.384277
vt 0.089111 0.375000
vt 0.087646 0.386475
vt 0.066650 0.355713
vt 0.059326 0.358887
vt 0.068848 0.369629
vt 0.046875 0.365234
vt 0.079102 0.381836
vt 0.099365 0.395996
vt 0.067871 0.372803
vt 0.045166 0.385742
vt 0.026367 0.379639
vt 0.074707 0.381836
vt 0.088135 0.397949
vt 0.066895 0.398193
vt 0.064209 0.383057
vt 0.069336 0.405029
vt 0.053467 0.404785
vt 0.051514 0.421387
vt 0.037842 0.410889
vt 0.025391 0.392578
vt 0.027100 0.417480
vt 0.019043 0.395508
vt 0.024902 0.377441
vt 0.074219 0.408447
vt 0.012451 0.402100
vt 0.010742 0.394287
vt 0.001465 0.408691
vt 0.007568 0.426270
vt 0.018555 0.454346
vt 0.037598 0.435791
vt 0.052979 0.429932
vt 0.039795 0.447021
vt 0.030518 0.458496
vt 0.024170 0.464600
vt 0.032471 0.475342
vt 0.054443 0.461914
vt 0.044434 0.473877
vt 0.033691 0.486572
vt 0.069092 0.444092
vt 0.072998 0.447754
vt 0.042236 0.483398
vt 0.057373 0.468018
vt 0.029785 0.508301
vt 0.061279 0.474609
vt 0.045898 0.496582
vt 0.036377 0.508545
vt 0.021973 0.523682
vt 0.056396 0.485107
vt 0.072998 0.489502
vt 0.068604 0.474121
vt 0.073730 0.456787
vt 0.074219 0.470215
vt 0.050293 0.500244
vt 0.081299 0.498779
vt 0.053223 0.507080
vt 0.038574 0.516357
vt 0.035400 0.519043
vt 0.013184 0.533203
vt 0.016113 0.534180
vt 0.008057 0.533936
vt 0.101807 0.482178
vt 0.103516 0.492920
vt 0.103760 0.460938
vt 0.115723 0.480713
vt 0.132812 0.485596
vt 0.130859 0.490967
vt 0.147949 0.497314
vt 0.141602 0.479736
vt 0.157227 0.493164
vt 0.158447 0.497314
vt 0.156494 0.486816
vt 0.172852 0.496826
vt 0.168945 0.500244
vt 0.186523 0.500977
vt 0.179688 0.491943
vt 0.191406 0.498291
vt 0.195801 0.507080
vt 0.171631 0.486572
vt 0.154297 0.482178
vt 0.177002 0.474121
vt 0.145508 0.462402
vt 0.191895 0.493408
vt 0.213135 0.514893
vt 0.209961 0.518066
vt 0.214600 0.519043
vt 0.234375 0.530518
vt 0.197754 0.481689
vt 0.206543 0.499023
vt 0.212158 0.507568
vt 0.225098 0.516113
vt 0.234131 0.518555
vt 0.243164 0.531738
vt 0.214844 0.501465
vt 0.201172 0.473877
vt 0.193604 0.473877
vt 0.225342 0.510742
vt 0.211914 0.482422
vt 0.217285 0.491699
vt 0.223877 0.504883
vt 0.244385 0.498047
vt 0.232910 0.500977
vt 0.226562 0.501709
vt 0.212891 0.476318
vt 0.220703 0.489502
vt 0.235840 0.492188
vt 0.239746 0.490479
vt 0.234863 0.475830
vt 0.216797 0.474121
vt 0.211426 0.466064
vt 0.206787 0.458252
vt 0.212402 0.458984
vt 0.226074 0.460205
vt 0.237793 0.471680
vt 0.216309 0.451416
vt 0.226562 0.455566
vt 0.240234 0.469238
vt 0.216309 0.447510
vt 0.225830 0.447998
vt 0.214111 0.433838
vt 0.241943 0.450439
vt 0.254150 0.481445
vt 0.221924 0.430176
vt 0.198730 0.445801
vt 0.236328 0.438721
vt 0.195557 0.448242
vt 0.203613 0.424805
vt 0.207031 0.420898
vt 0.189453 0.428467
vt 0.182129 0.432861
vt 0.188721 0.414551
vt 0.181152 0.420654
vt 0.175293 0.435547
vt 0.175781 0.406250
vt 0.175049 0.426025
vt 0.190918 0.451904
vt 0.187256 0.406250
vt 0.156738 0.416260
vt 0.156250 0.420166
vt 0.155029 0.397217
vt 0.132568 0.413086
vt 0.177490 0.404053
vt 0.210693 0.411377
vt 0.150635 0.391357
vt 0.132812 0.395020
vt 0.109863 0.416504
vt 0.162109 0.383301
vt 0.183350 0.385742
vt 0.213379 0.397705
vt 0.187256 0.373047
vt 0.214355 0.379639
vt 0.135010 0.392578
vt 0.112549 0.393066
vt 0.111084 0.396729
vt 0.092041 0.401611
vt 0.093994 0.407959
vt 0.086670 0.406982
vt 0.083252 0.413086
vt 0.091797 0.422852
vt 0.085693 0.424561
vt 0.089111 0.430420
vt 0.110596 0.421631
vt 0.130859 0.418945
vt 0.127930 0.427979
vt 0.145996 0.427490
vt 0.161621 0.440186
vt 0.107910 0.429932
vt 0.090820 0.438965
vt 0.099609 0.437744
vt 0.086426 0.450195
vt 0.080078 0.464600
vt 0.127686 0.447754
vt 0.102051 0.448242
vt 0.101562 0.455811
vt 0.127686 0.452881
vt 0.154785 0.460205
vt 0.128418 0.457520
vt 0.127686 0.473389
vt 0.156738 0.466309
vt 0.176270 0.470459
vt 0.189209 0.469238
vt 0.176514 0.466553
vt 0.156738 0.457275
vt 0.179932 0.454590
vt 0.177002 0.450928
vt 0.178955 0.446533
vt 0.189697 0.459473
vt 0.187012 0.462402
vt 0.219727 0.377441
vt 0.227295 0.369873
vt 0.227051 0.383301
vt 0.218750 0.382568
vt 0.230957 0.387939
vt 0.251953 0.393555
vt 0.253418 0.391357
vt 0.233154 0.417725
vt 0.236328 0.416992
vt 0.248047 0.407471
vt 0.243164 0.418701
vt 0.259033 0.413574
vt 0.269287 0.408447
vt 0.271484 0.415039
vt 0.223145 0.428711
vt 0.230713 0.429199
vt 0.252930 0.422607
vt 0.239258 0.430420
vt 0.250244 0.459473
vt 0.261719 0.446777
vt 0.267334 0.430176
vt 0.277588 0.415527
vt 0.282227 0.441162
vt 0.290039 0.430664
vt 0.256592 0.473877
vt 0.281006 0.476074
vt 0.289551 0.450439
vt 0.292480 0.456299
vt 0.289307 0.473145
vt 0.272705 0.480469
vt 0.257568 0.484863
vt 0.266113 0.501465
vt 0.262207 0.501709
vt 0.255371 0.506836
vt 0.247314 0.507080
vt 0.249268 0.508789
vt 0.254150 0.508789
vt 0.240723 0.517090
vt 0.244141 0.515625
vt 0.245850 0.526123
vt 0.249023 0.522705
vt 0.253906 0.513672
vt 0.251221 0.528809
vt 0.248291 0.525391
vt 0.248535 0.529541
vt 0.255127 0.534180
vt 0.809814 0.216064
vt 0.804443 0.224365
vt 0.804443 0.195312
vt 0.825439 0.246826
vt 0.813232 0.183105
vt 0.802246 0.182617
vt 0.817871 0.196777
vt 0.835205 0.187256
vt 0.827148 0.216553
vt 0.842773 0.195557
vt 0.842773 0.186279
vt 0.843506 0.218018
vt 0.900635 0.246826
vt 0.878418 0.194824
vt 0.882324 0.215820
vt 0.893799 0.209717
vt 0.910400 0.195312
vt 0.923828 0.216553
vt 0.924805 0.190918
vt 0.905029 0.182617
vt 0.923828 0.180420
vt 0.881592 0.183350
vt 0.921875 0.173340
vt 0.924805 0.177979
vt 0.910645 0.168945
vt 0.902588 0.173340
vt 0.903076 0.160645
vt 0.870850 0.188477
vt 0.857422 0.174072
vt 0.875488 0.173584
vt 0.898438 0.149170
vt 0.873047 0.165283
vt 0.870361 0.158936
vt 0.855957 0.002930
vt 0.864258 0.009766
vt 0.859619 0.015381
vt 0.856201 0.013672
vt 0.847168 0.003174
vt 0.862793 0.018555
vt 0.860107 0.022949
vt 0.867432 0.014404
vt 0.870605 0.010742
vt 0.870605 0.021973
vt 0.880859 0.020752
vt 0.886475 0.003906
vt 0.867432 0.028809
vt 0.874268 0.025879
vt 0.879639 0.029053
vt 0.869873 0.031738
vt 0.865234 0.029541
vt 0.893799 0.032471
vt 0.890381 0.040283
vt 0.887207 0.052246
vt 0.868408 0.039551
vt 0.855957 0.023438
vt 0.858887 0.048828
vt 0.862061 0.054688
vt 0.866455 0.049561
vt 0.884277 0.065918
vt 0.886475 0.069824
vt 0.852539 0.038818
vt 0.861572 0.068359
vt 0.858887 0.067383
vt 0.844727 0.074463
vt 0.882080 0.079834
vt 0.882812 0.085693
vt 0.837158 0.072998
vt 0.839355 0.041016
vt 0.849854 0.026611
vt 0.850586 0.017334
vt 0.853271 0.017334
vt 0.852051 0.016846
vt 0.846924 0.004883
vt 0.846436 0.082764
vt 0.834717 0.079590
vt 0.833984 0.084473
vt 0.838867 0.088623
vt 0.852539 0.091309
vt 0.854736 0.077393
vt 0.859619 0.085205
vt 0.860596 0.078125
vt 0.880371 0.085693
vt 0.882812 0.090332
vt 0.873535 0.094727
vt 0.882568 0.097168
vt 0.857666 0.092041
vt 0.850098 0.094238
vt 0.855469 0.097900
vt 0.849121 0.098877
vt 0.853271 0.099365
vt 0.872070 0.098877
vt 0.869629 0.104004
vt 0.852295 0.106201
vt 0.869873 0.113770
vt 0.876709 0.106934
vt 0.879639 0.099609
vt 0.882812 0.108398
vt 0.885498 0.105713
vt 0.887695 0.105469
vt 0.890137 0.116699
vt 0.884277 0.113770
vt 0.882080 0.120850
vt 0.870361 0.115234
vt 0.881836 0.125977
vt 0.882568 0.126465
vt 0.890381 0.126709
vt 0.893799 0.125244
vt 0.888428 0.127441
vt 0.890869 0.132080
vt 0.891602 0.129639
vt 0.522217 0.037598
vt 0.526367 0.042725
vt 0.515381 0.043213
vt 0.511475 0.033691
vt 0.517822 0.020996
vt 0.495361 0.033447
vt 0.491455 0.031494
vt 0.496582 0.019043
vt 0.466553 0.029053
vt 0.466064 0.021484
vt 0.483887 0.023438
vt 0.485107 0.017334
vt 0.125000 0.502441
vt 0.153320 0.509521
vt 0.103516 0.534180
vt 0.078125 0.504150
vt 0.074951 0.530029
vt 0.073242 0.544189
vt 0.051514 0.534424
vt 0.137207 0.543945
vt 0.158691 0.550049
vt 0.176025 0.527588
vt 0.178467 0.511475
vt 0.201172 0.519775
vt 0.190918 0.546387
vt 0.215088 0.525879
vt 0.241943 0.539062
vt 0.238281 0.552979
vt 0.220703 0.553955
vt 0.232422 0.571777
vt 0.211182 0.565674
vt 0.185791 0.559082
vt 0.204346 0.572021
vt 0.173340 0.595947
vt 0.209961 0.590332
vt 0.224121 0.612793
vt 0.234375 0.588867
vt 0.228271 0.614014
vt 0.206787 0.609131
vt 0.184570 0.607422
vt 0.170166 0.605469
vt 0.151855 0.591553
vt 0.140869 0.601318
vt 0.137207 0.587891
vt 0.116455 0.600098
vt 0.136719 0.565918
vt 0.102295 0.579590
vt 0.081787 0.592529
vt 0.067627 0.572754
vt 0.062500 0.592773
vt 0.041992 0.600098
vt 0.049316 0.569580
vt 0.037109 0.596191
vt 0.032471 0.603271
vt 0.039307 0.609131
vt 0.045166 0.568115
vt 0.048340 0.532959
vt 0.041260 0.533447
vt 0.033203 0.585205
vt 0.027344 0.597412
vt 0.023682 0.599365
vt 0.022217 0.595459
vt 0.026367 0.582520
vt 0.032959 0.568115
vt 0.013916 0.589111
vt 0.023926 0.565674
vt 0.026611 0.534912
vt 0.013428 0.599365
vt 0.020020 0.607666
vt 0.008545 0.601074
vt 0.015625 0.610352
vt 0.001709 0.595703
vt 0.025879 0.614014
vt 0.026611 0.611572
vt 0.018555 0.564941
vt 0.012451 0.574463
vt 0.021484 0.546387
vt 0.022217 0.534424
vt 0.822266 0.971680
vt 0.812500 0.971680
vt 0.810303 0.964844
vt 0.810547 0.972168
vt 0.809082 0.955566
vt 0.806885 0.955811
vt 0.803955 0.975098
vt 0.821289 0.955811
vt 0.795898 0.956543
vt 0.806152 0.950684
vt 0.778320 0.960938
vt 0.780762 0.978027
vt 0.776367 0.957764
vt 0.806641 0.943848
vt 0.770752 0.966064
vt 0.755127 0.981445
vt 0.766113 0.960205
vt 0.751709 0.963867
vt 0.746338 0.968262
vt 0.747803 0.983154
vt 0.740479 0.973877
vt 0.741211 0.961670
vt 0.747803 0.960449
vt 0.740479 0.960205
vt 0.754395 0.947266
vt 0.746338 0.957764
vt 0.742188 0.938477
vt 0.750488 0.940186
vt 0.754883 0.938232
vt 0.741699 0.936035
vt 0.740234 0.926758
vt 0.765381 0.939941
vt 0.750977 0.925781
vt 0.787354 0.938477
vt 0.741211 0.914795
vt 0.774658 0.937500
vt 0.757080 0.930664
vt 0.781982 0.928223
vt 0.804688 0.940186
vt 0.804688 0.936279
vt 0.806885 0.939453
vt 0.818848 0.942383
vt 0.822510 0.956299
vt 0.823730 0.948975
vt 0.820312 0.942139
vt 0.818848 0.936035
vt 0.807617 0.935547
vt 0.810547 0.922363
vt 0.821289 0.924805
vt 0.821289 0.924072
vt 0.821777 0.920166
vt 0.814209 0.916992
vt 0.821777 0.911865
vt 0.808838 0.921875
vt 0.809326 0.918457
vt 0.814941 0.910156
vt 0.823730 0.902832
vt 0.808105 0.910400
vt 0.804688 0.912354
vt 0.800537 0.922363
vt 0.811035 0.904297
vt 0.816406 0.894531
vt 0.806885 0.898926
vt 0.807861 0.905273
vt 0.782959 0.918701
vt 0.802734 0.907227
vt 0.798828 0.902100
vt 0.785156 0.901367
vt 0.786133 0.899170
vt 0.768311 0.898438
vt 0.766846 0.906494
vt 0.754395 0.895752
vt 0.764160 0.917236
vt 0.756592 0.916260
vt 0.758057 0.905273
vt 0.751953 0.915771
vt 0.753662 0.901367
vt 0.751709 0.895020
vt 0.739014 0.902344
vt 0.743408 0.893311
vt 0.531738 0.718506
vt 0.535400 0.724121
vt 0.519287 0.723633
vt 0.527100 0.712891
vt 0.531006 0.713135
vt 0.530273 0.705811
vt 0.534668 0.711426
vt 0.541504 0.706787
vt 0.526367 0.707764
vt 0.517578 0.708252
vt 0.503906 0.710693
vt 0.508057 0.727539
vt 0.518799 0.701416
vt 0.507568 0.694824
vt 0.499268 0.710693
vt 0.498779 0.729004
vt 0.486084 0.723633
vt 0.483887 0.729980
vt 0.483398 0.719971
vt 0.490723 0.742920
vt 0.479980 0.739014
vt 0.473877 0.741455
vt 0.477783 0.728760
vt 0.474854 0.727783
vt 0.493164 0.708984
vt 0.458984 0.737061
vt 0.473877 0.716064
vt 0.482422 0.717041
vt 0.456543 0.713623
vt 0.471680 0.709229
vt 0.465088 0.701904
vt 0.463135 0.702881
vt 0.475830 0.688721
vt 0.468750 0.694336
vt 0.480469 0.681885
vt 0.477783 0.680908
vt 0.459229 0.687500
vt 0.454102 0.712646
vt 0.452881 0.702148
vt 0.463135 0.669678
vt 0.439697 0.698975
vt 0.456299 0.722900
vt 0.458008 0.730469
vt 0.452393 0.724854
vt 0.445801 0.714844
vt 0.450195 0.725098
vt 0.446289 0.736328
vt 0.450684 0.743164
vt 0.444092 0.716064
vt 0.430664 0.729004
vt 0.443604 0.744873
vt 0.437500 0.723145
vt 0.441406 0.746094
vt 0.428955 0.714844
vt 0.435059 0.708008
vt 0.431152 0.701660
vt 0.422852 0.701660
vt 0.415283 0.709717
vt 0.416504 0.708252
vt 0.411865 0.715088
vt 0.415771 0.698730
vt 0.422852 0.698975
vt 0.420654 0.689209
vt 0.413086 0.695801
vt 0.401855 0.693604
vt 0.394531 0.700439
vt 0.401367 0.711182
vt 0.411865 0.717041
vt 0.392090 0.709961
vt 0.425293 0.734619
vt 0.428223 0.742676
vt 0.425781 0.740479
vt 0.407715 0.722412
vt 0.418213 0.733887
vt 0.421875 0.742920
vt 0.408691 0.727295
vt 0.410889 0.733154
vt 0.407715 0.738281
vt 0.417725 0.746094
vt 0.398926 0.725586
vt 0.398682 0.721924
vt 0.403809 0.742188
vt 0.394531 0.740234
vt 0.396729 0.731445
vt 0.391846 0.740967
vt 0.385010 0.739746
vt 0.388428 0.725830
vt 0.386719 0.732178
vt 0.378174 0.738281
vt 0.375977 0.733887
vt 0.374023 0.738281
vt 0.365479 0.741211
vt 0.375488 0.730225
vt 0.365479 0.735107
vt 0.365234 0.734619
vt 0.355713 0.741211
vt 0.353271 0.738770
vt 0.372559 0.727783
vt 0.362305 0.732666
vt 0.352539 0.738525
vt 0.360352 0.731445
vt 0.348633 0.737305
vt 0.357666 0.730957
vt 0.367432 0.729492
vt 0.368652 0.723145
vt 0.361572 0.722168
vt 0.369629 0.725098
vt 0.372559 0.726807
vt 0.380615 0.723877
vt 0.385010 0.725830
vt 0.386230 0.721924
vt 0.384766 0.719727
vt 0.392822 0.719238
vt 0.387207 0.716797
vt 0.383057 0.717285
vt 0.374756 0.718018
vt 0.381348 0.709229
vt 0.368408 0.717529
vt 0.364990 0.707275
vt 0.379639 0.704834
vt 0.358398 0.717529
vt 0.352783 0.722412
vt 0.351562 0.715332
vt 0.355469 0.706543
vt 0.346436 0.706543
vt 0.342773 0.709229
vt 0.341064 0.703613
vt 0.354980 0.702148
vt 0.356445 0.696289
vt 0.366943 0.699707
vt 0.367188 0.693359
vt 0.375244 0.692139
vt 0.379395 0.697266
vt 0.387451 0.690186
vt 0.397705 0.688965
vt 0.403809 0.692139
vt 0.409424 0.688965
vt 0.403809 0.689209
vt 0.399170 0.674805
vt 0.393066 0.674805
vt 0.387451 0.675049
vt 0.402588 0.676025
vt 0.400879 0.669678
vt 0.388916 0.667969
vt 0.395752 0.664307
vt 0.419922 0.687988
vt 0.412598 0.675537
vt 0.408691 0.663574
vt 0.401855 0.661621
vt 0.409424 0.664062
vt 0.423340 0.673340
vt 0.426758 0.678223
vt 0.436035 0.683838
vt 0.427490 0.675781
vt 0.447998 0.675293
vt 0.443359 0.654785
vt 0.415039 0.665283
vt 0.436523 0.659424
vt 0.418701 0.650879
vt 0.415039 0.647217
vt 0.441895 0.653809
vt 0.433105 0.642578
vt 0.442139 0.653320
vt 0.429443 0.639160
vt 0.421631 0.635986
vt 0.437988 0.644287
vt 0.428711 0.627197
vt 0.450928 0.647705
vt 0.430664 0.627686
vt 0.428467 0.615723
vt 0.444336 0.638672
vt 0.460938 0.631104
vt 0.451172 0.646240
vt 0.468262 0.658203
vt 0.472900 0.662842
vt 0.488037 0.672363
vt 0.481689 0.636963
vt 0.469238 0.618652
vt 0.488037 0.627686
vt 0.470215 0.617432
vt 0.494629 0.661621
vt 0.501221 0.641602
vt 0.507080 0.648193
vt 0.517822 0.675049
vt 0.516846 0.651367
vt 0.504639 0.677246
vt 0.517578 0.685547
vt 0.538574 0.669922
vt 0.541504 0.688965
vt 0.547607 0.702148
vt 0.549805 0.700684
vt 0.534180 0.697998
vt 0.530762 0.702148
vt 0.516602 0.696045
vt 0.510742 0.685791
vt 0.503906 0.693848
vt 0.506348 0.681152
vt 0.497314 0.690186
vt 0.833984 0.506836
vt 0.841797 0.499268
vt 0.852783 0.498779
vt 0.854004 0.501465
vt 0.842773 0.516602
vt 0.855713 0.492432
vt 0.858154 0.513916
vt 0.854736 0.531006
vt 0.862061 0.502441
vt 0.866455 0.497070
vt 0.863770 0.516602
vt 0.862549 0.529053
vt 0.862061 0.533936
vt 0.868652 0.514893
vt 0.877930 0.539307
vt 0.877441 0.542480
vt 0.856445 0.479980
vt 0.887207 0.535156
vt 0.885010 0.548340
vt 0.893311 0.547607
vt 0.881348 0.523438
vt 0.883789 0.513916
vt 0.896973 0.535889
vt 0.896484 0.546143
vt 0.889404 0.519531
vt 0.898193 0.520752
vt 0.906250 0.521973
vt 0.879395 0.504150
vt 0.897461 0.500488
vt 0.894531 0.496826
vt 0.902832 0.501953
vt 0.905029 0.507812
vt 0.900635 0.497070
vt 0.912354 0.507812
vt 0.907959 0.495361
vt 0.881836 0.497803
vt 0.897217 0.488770
vt 0.883545 0.495605
vt 0.875732 0.488770
vt 0.880127 0.478516
vt 0.878174 0.475098
vt 0.875732 0.469971
vt 0.888184 0.473877
vt 0.889160 0.472900
vt 0.895264 0.475342
vt 0.877441 0.456787
vt 0.902832 0.487793
vt 0.906250 0.481201
vt 0.902100 0.472656
vt 0.892578 0.458496
vt 0.901123 0.463379
vt 0.913574 0.482422
vt 0.910645 0.463135
vt 0.900146 0.454834
vt 0.890381 0.450928
vt 0.891846 0.443848
vt 0.882324 0.431641
vt 0.910645 0.449463
vt 0.910400 0.432617
vt 0.913818 0.439697
vt 0.917480 0.439209
vt 0.915771 0.449463
vt 0.940918 0.432861
vt 0.947021 0.437256
vt 0.947998 0.429443
vt 0.939453 0.446289
vt 0.945557 0.458984
vt 0.914307 0.460693
vt 0.915771 0.472656
vt 0.938477 0.458984
vt 0.937256 0.472900
vt 0.946289 0.472412
vt 0.942871 0.485352
vt 0.916260 0.480469
vt 0.934570 0.479736
vt 0.922363 0.481689
vt 0.911133 0.499756
vt 0.934326 0.481934
vt 0.930664 0.495850
vt 0.936768 0.495605
vt 0.936279 0.501465
vt 0.930176 0.501465
vt 0.922852 0.501709
vt 0.926025 0.508057
vt 0.936035 0.510254
vt 0.916504 0.512695
vt 0.923340 0.516846
vt 0.912109 0.518555
vt 0.914307 0.522949
vt 0.910400 0.531250
vt 0.915527 0.527588
vt 0.907959 0.526855
vt 0.907715 0.534180
vt 0.910645 0.539307
vt 0.905029 0.533447
vt 0.905762 0.541992
vt 0.907959 0.550537
vt 0.908936 0.551758
vt 0.862061 0.465332
vt 0.864258 0.460205
vt 0.848633 0.437988
vt 0.855957 0.458984
vt 0.853516 0.469482
vt 0.851562 0.468750
vt 0.850830 0.463135
vt 0.833984 0.447998
vt 0.760742 0.213623
vt 0.765137 0.210693
vt 0.761963 0.214844
vt 0.763428 0.225098
vt 0.759766 0.236572
vt 0.765625 0.229736
vt 0.767090 0.210205
vt 0.770264 0.209961
vt 0.761719 0.234619
vt 0.759277 0.238525
vt 0.769775 0.228027
vt 0.761719 0.245117
vt 0.764160 0.244141
vt 0.760498 0.249756
vt 0.758301 0.245117
vt 0.754395 0.253662
vt 0.762939 0.254883
vt 0.753662 0.254639
vt 0.750977 0.245117
vt 0.764648 0.244873
vt 0.765869 0.242432
vt 0.752686 0.257080
vt 0.749023 0.249268
vt 0.748535 0.244873
vt 0.748047 0.255371
vt 0.744141 0.257324
vt 0.750244 0.261963
vt 0.756592 0.263916
vt 0.768066 0.261719
vt 0.749756 0.268555
vt 0.764404 0.266602
vt 0.760986 0.270020
vt 0.775146 0.271973
vt 0.773438 0.260986
vt 0.776855 0.264893
vt 0.765137 0.254639
vt 0.763428 0.282471
vt 0.774902 0.260742
vt 0.783691 0.269043
vt 0.786621 0.265137
vt 0.785645 0.266113
vt 0.801270 0.275146
vt 0.805176 0.272217
vt 0.808350 0.264160
vt 0.790039 0.275391
vt 0.791016 0.282715
vt 0.802246 0.288574
vt 0.776367 0.281494
vt 0.798584 0.290527
vt 0.803711 0.298096
vt 0.808350 0.313477
vt 0.788574 0.288330
vt 0.790771 0.320312
vt 0.779297 0.287109
vt 0.776855 0.287354
vt 0.773926 0.284912
vt 0.776855 0.303223
vt 0.763672 0.288818
vt 0.775635 0.314941
vt 0.776611 0.322510
vt 0.770264 0.338135
vt 0.797363 0.334717
vt 0.806396 0.330322
vt 0.791260 0.345703
vt 0.788818 0.343994
vt 0.791260 0.346680
vt 0.781982 0.340576
vt 0.772461 0.337891
vt 0.785645 0.344971
vt 0.790283 0.359863
vt 0.773926 0.342529
vt 0.771973 0.350098
vt 0.767334 0.343018
vt 0.781494 0.361816
vt 0.772705 0.359619
vt 0.784424 0.364258
vt 0.789795 0.361816
vt 0.790771 0.371582
vt 0.792725 0.369873
vt 0.797852 0.378906
vt 0.774658 0.368408
vt 0.772461 0.361572
vt 0.772217 0.368896
vt 0.755127 0.369873
vt 0.769043 0.358887
vt 0.755615 0.360840
vt 0.753174 0.360840
vt 0.762207 0.359131
vt 0.759277 0.350586
vt 0.755127 0.358398
vt 0.753906 0.349609
vt 0.748047 0.356201
vt 0.745117 0.365967
vt 0.741455 0.368408
vt 0.752686 0.346924
vt 0.751465 0.346924
vt 0.739502 0.359863
vt 0.733154 0.368164
vt 0.744873 0.349365
vt 0.754639 0.343262
vt 0.750977 0.344727
vt 0.745850 0.344482
vt 0.762939 0.321777
vt 0.750000 0.336670
vt 0.743896 0.341797
vt 0.750244 0.316162
vt 0.740723 0.336182
vt 0.738525 0.324463
vt 0.749756 0.290771
vt 0.730713 0.311768
vt 0.750000 0.282959
vt 0.742432 0.283936
vt 0.737793 0.291260
vt 0.729248 0.278320
vt 0.735352 0.269775
vt 0.726074 0.273682
vt 0.734863 0.282959
vt 0.726074 0.277344
vt 0.715088 0.275635
vt 0.727051 0.284424
vt 0.732178 0.285645
vt 0.725830 0.286133
vt 0.727051 0.286133
vt 0.729248 0.291992
vt 0.728760 0.298828
vt 0.726562 0.291992
vt 0.718506 0.285645
vt 0.709229 0.287598
vt 0.707031 0.278076
vt 0.707764 0.288086
vt 0.708252 0.290039
vt 0.727783 0.306396
vt 0.729248 0.316650
vt 0.711182 0.289062
vt 0.709717 0.295898
vt 0.717773 0.287598
vt 0.717285 0.292969
vt 0.721436 0.316406
vt 0.711670 0.317871
vt 0.713135 0.328613
vt 0.728027 0.319092
vt 0.720215 0.327637
vt 0.716309 0.337402
vt 0.714111 0.337891
vt 0.730225 0.331787
vt 0.731201 0.325684
vt 0.733154 0.334961
vt 0.724365 0.337158
vt 0.733398 0.338623
vt 0.715576 0.340576
vt 0.713135 0.338623
vt 0.724121 0.341064
vt 0.720459 0.346436
vt 0.728271 0.343262
vt 0.738281 0.339111
vt 0.734863 0.341797
vt 0.738770 0.341797
vt 0.739990 0.347656
vt 0.737305 0.350098
vt 0.732422 0.354004
vt 0.728027 0.358398
vt 0.726807 0.364746
vt 0.724609 0.354248
vt 0.711670 0.375488
vt 0.707031 0.364258
vt 0.345703 0.102295
vt 0.341553 0.113281
vt 0.342041 0.100098
vt 0.350098 0.092773
vt 0.343506 0.086914
vt 0.354492 0.092285
vt 0.337646 0.094482
vt 0.352295 0.098877
vt 0.360840 0.101562
vt 0.359619 0.104980
vt 0.343018 0.081055
vt 0.349854 0.071777
vt 0.333008 0.088867
vt 0.329102 0.079346
vt 0.344238 0.073242
vt 0.328369 0.090088
vt 0.332520 0.114014
vt 0.335449 0.103516
vt 0.338135 0.112549
vt 0.342529 0.125732
vt 0.349365 0.123779
vt 0.346191 0.115479
vt 0.346436 0.107178
vt 0.353271 0.102051
vt 0.348877 0.107910
vt 0.350098 0.115234
vt 0.363525 0.111572
vt 0.366455 0.109619
vt 0.366211 0.118896
vt 0.366455 0.126465
vt 0.351074 0.133545
vt 0.363770 0.153320
vt 0.383545 0.132080
vt 0.347168 0.140869
vt 0.328613 0.148926
vt 0.354492 0.150879
vt 0.337891 0.160645
vt 0.327637 0.153076
vt 0.340820 0.169189
vt 0.357666 0.169922
vt 0.362061 0.159424
vt 0.371338 0.171143
vt 0.397705 0.155762
vt 0.374756 0.159668
vt 0.352295 0.175293
vt 0.343262 0.180664
vt 0.364258 0.177734
vt 0.384277 0.165527
vt 0.408936 0.162842
vt 0.392578 0.167969
vt 0.403564 0.166260
vt 0.415771 0.172119
vt 0.406494 0.174561
vt 0.380127 0.173828
vt 0.389160 0.176514
vt 0.378662 0.181885
vt 0.380371 0.192871
vt 0.379883 0.199707
vt 0.375244 0.191406
vt 0.376709 0.200684
vt 0.372559 0.205322
vt 0.378662 0.209229
vt 0.371338 0.220947
vt 0.364014 0.207275
vt 0.370850 0.195557
vt 0.370361 0.189209
vt 0.364990 0.223877
vt 0.365479 0.228516
vt 0.360107 0.206543
vt 0.363770 0.193359
vt 0.370850 0.182617
vt 0.366943 0.184326
vt 0.365723 0.180420
vt 0.358154 0.190430
vt 0.356934 0.195801
vt 0.354736 0.184814
vt 0.345215 0.191162
vt 0.353760 0.207764
vt 0.350586 0.220947
vt 0.345215 0.207520
vt 0.349121 0.196533
vt 0.342285 0.199463
vt 0.338379 0.218994
vt 0.347656 0.225830
vt 0.345703 0.230957
vt 0.353760 0.231201
vt 0.330811 0.226807
vt 0.336426 0.221924
vt 0.327637 0.220947
vt 0.334717 0.217773
vt 0.331299 0.203857
vt 0.342285 0.205566
vt 0.333496 0.207031
vt 0.334229 0.198486
vt 0.333984 0.187988
vt 0.341064 0.191650
vt 0.341309 0.188721
vt 0.342285 0.188232
vt 0.650391 0.389893
vt 0.666992 0.388672
vt 0.675049 0.411621
vt 0.666260 0.376953
vt 0.645508 0.362793
vt 0.651855 0.417969
vt 0.634033 0.366211
vt 0.640381 0.390869
vt 0.639648 0.418945
vt 0.635742 0.394043
vt 0.634277 0.448975
vt 0.635254 0.418945
vt 0.620361 0.377930
vt 0.622070 0.406982
vt 0.616455 0.401123
vt 0.623779 0.418701
vt 0.621582 0.434570
vt 0.618896 0.431885
vt 0.620117 0.442383
vt 0.631836 0.447510
vt 0.611816 0.443359
vt 0.611572 0.416748
vt 0.616943 0.464355
vt 0.624512 0.474121
vt 0.610596 0.472168
vt 0.627441 0.502197
vt 0.615479 0.479980
vt 0.612305 0.497070
vt 0.616699 0.493408
vt 0.617432 0.499268
vt 0.624023 0.502686
vt 0.625000 0.534180
vt 0.632568 0.531250
vt 0.636963 0.506348
vt 0.639893 0.479492
vt 0.639893 0.508545
vt 0.652832 0.514648
vt 0.658936 0.487305
vt 0.645020 0.452393
vt 0.660400 0.458252
vt 0.664795 0.433838
vt 0.660645 0.473633
vt 0.663574 0.468750
vt 0.663086 0.457764
vt 0.664795 0.442139
vt 0.671631 0.422607
vt 0.698242 0.426758
vt 0.670898 0.379883
vt 0.699219 0.381104
vt 0.706299 0.353027
vt 0.661865 0.357422
vt 0.659912 0.361328
vt 0.647705 0.359619
vt 0.660889 0.349365
vt 0.647217 0.346680
vt 0.641602 0.341064
vt 0.652832 0.331543
vt 0.666504 0.342529
vt 0.701660 0.331055
vt 0.628906 0.351074
vt 0.655518 0.329102
vt 0.668945 0.321777
vt 0.698486 0.300781
vt 0.642334 0.321289
vt 0.632812 0.329346
vt 0.630127 0.332764
vt 0.627686 0.327637
vt 0.639160 0.310059
vt 0.621338 0.343018
vt 0.625000 0.326172
vt 0.626953 0.305664
vt 0.616455 0.340332
vt 0.606445 0.333252
vt 0.607178 0.350586
vt 0.612061 0.360107
vt 0.599609 0.349365
vt 0.599854 0.340088
vt 0.599854 0.331787
vt 0.593018 0.334473
vt 0.596680 0.327393
vt 0.577393 0.308105
vt 0.581055 0.321289
vt 0.570312 0.315430
vt 0.582520 0.324707
vt 0.567627 0.322998
vt 0.582275 0.335693
vt 0.577148 0.336914
vt 0.562012 0.322021
vt 0.563721 0.338135
vt 0.554688 0.322021
vt 0.548584 0.324463
vt 0.572754 0.343994
vt 0.592285 0.367432
vt 0.548096 0.348633
vt 0.608398 0.360352
vt 0.616699 0.380615
vt 0.605225 0.389893
vt 0.576416 0.384033
vt 0.587402 0.418701
vt 0.582275 0.393555
vt 0.567871 0.394531
vt 0.575439 0.415039
vt 0.562256 0.367432
vt 0.550537 0.395508
vt 0.538330 0.374756
vt 0.542725 0.388916
vt 0.557373 0.407715
vt 0.529785 0.365234
vt 0.566406 0.421387
vt 0.577637 0.441650
vt 0.572266 0.442871
vt 0.573242 0.467529
vt 0.578369 0.466064
vt 0.589600 0.440674
vt 0.590576 0.465576
vt 0.588623 0.469971
vt 0.602051 0.441406
vt 0.600586 0.468262
vt 0.609131 0.472900
vt 0.534180 0.326416
vt 0.525879 0.306396
vt 0.506592 0.300781
vt 0.513916 0.325928
vt 0.531982 0.346436
vt 0.513916 0.333984
vt 0.519531 0.343750
vt 0.522461 0.355225
vt 0.532227 0.352539
vt 0.774414 0.007324
vt 0.772217 0.016113
vt 0.768311 0.021973
vt 0.787354 0.014160
vt 0.788574 0.002930
vt 0.797119 0.013428
vt 0.761230 0.026123
vt 0.794189 0.023926
vt 0.804932 0.021484
vt 0.782959 0.027100
vt 0.766602 0.025635
vt 0.783203 0.035156
vt 0.803223 0.028809
vt 0.814209 0.026611
vt 0.778076 0.040771
vt 0.763428 0.030273
vt 0.757324 0.029785
vt 0.756348 0.024658
vt 0.740479 0.042969
vt 0.764404 0.036621
vt 0.799316 0.040527
vt 0.751953 0.039307
vt 0.757568 0.033936
vt 0.744141 0.047363
vt 0.734863 0.051270
vt 0.756592 0.050293
vt 0.734863 0.060059
vt 0.730957 0.057861
vt 0.727295 0.072998
vt 0.739502 0.057861
vt 0.730713 0.079834
vt 0.733887 0.080322
vt 0.725098 0.084961
vt 0.726807 0.094238
vt 0.720215 0.093750
vt 0.729736 0.101318
vt 0.716309 0.099365
vt 0.730713 0.093994
vt 0.737061 0.102051
vt 0.740723 0.097168
vt 0.756592 0.107666
vt 0.780029 0.075195
vt 0.750000 0.066162
vt 0.770996 0.058350
vt 0.772949 0.047852
vt 0.787598 0.064941
vt 0.780762 0.088135
vt 0.775635 0.042969
vt 0.790771 0.058350
vt 0.787598 0.051270
vt 0.788086 0.047607
vt 0.797119 0.057617
vt 0.792236 0.048340
vt 0.791504 0.063965
vt 0.784912 0.079346
vt 0.793457 0.072754
vt 0.791992 0.084473
vt 0.788330 0.091553
vt 0.763428 0.109863
vt 0.804199 0.087402
vt 0.800537 0.072998
vt 0.809570 0.075195
vt 0.807617 0.099854
vt 0.822510 0.069824
vt 0.811035 0.061523
vt 0.808594 0.047852
vt 0.824951 0.042480
vt 0.808350 0.044678
vt 0.815186 0.040283
vt 0.820068 0.037354
vt 0.816895 0.037842
vt 0.824951 0.032471
vt 0.830811 0.029541
vt 0.817383 0.030762
vt 0.828613 0.028564
vt 0.834473 0.025879
vt 0.825439 0.019531
vt 0.816406 0.024902
vt 0.805176 0.033203
vt 0.805908 0.043945
vt 0.797607 0.053955
vt 0.814453 0.100098
vt 0.826660 0.103027
vt 0.843262 0.109375
vt 0.813232 0.117920
vt 0.822266 0.125000
vt 0.826904 0.128174
vt 0.804932 0.127686
vt 0.802490 0.114746
vt 0.800781 0.124023
vt 0.800293 0.105469
vt 0.800293 0.122314
vt 0.797607 0.114258
vt 0.794678 0.108643
vt 0.792969 0.118164
vt 0.785400 0.125244
vt 0.791504 0.116943
vt 0.785645 0.116943
vt 0.789795 0.109131
vt 0.786621 0.102295
vt 0.786621 0.104736
vt 0.781250 0.110107
vt 0.775146 0.105713
vt 0.772461 0.118896
vt 0.759766 0.121582
vt 0.772705 0.130371
vt 0.802490 0.127930
vt 0.773193 0.139893
vt 0.816895 0.131592
vt 0.815430 0.142090
vt 0.807129 0.165527
vt 0.824707 0.133057
vt 0.826904 0.146729
vt 0.831787 0.130127
vt 0.830078 0.131836
vt 0.832764 0.139648
vt 0.836182 0.144287
vt 0.841553 0.151855
vt 0.837158 0.149170
vt 0.830811 0.151855
vt 0.836182 0.159180
vt 0.839355 0.164551
vt 0.829102 0.164795
vt 0.837646 0.168457
vt 0.842773 0.174316
vt 0.839111 0.176270
vt 0.843262 0.178711
vt 0.817139 0.154053
vt 0.817627 0.163330
vt 0.818115 0.172852
vt 0.796143 0.174561
vt 0.793701 0.163574
vt 0.773193 0.166016
vt 0.771973 0.155518
vt 0.766113 0.161621
vt 0.195557 0.880127
vt 0.191650 0.850830
vt 0.197021 0.861084
vt 0.208252 0.843506
vt 0.215332 0.841553
vt 0.207520 0.882324
vt 0.201904 0.886719
vt 0.229248 0.854980
vt 0.221436 0.841309
vt 0.232666 0.839600
vt 0.209961 0.874512
vt 0.238770 0.860840
vt 0.243164 0.836914
vt 0.235840 0.882568
vt 0.248535 0.862061
vt 0.251709 0.836914
vt 0.204346 0.899170
vt 0.242432 0.863525
vt 0.257080 0.848877
vt 0.263184 0.838623
vt 0.247314 0.865234
vt 0.231689 0.895264
vt 0.229248 0.901367
vt 0.244873 0.897949
vt 0.246338 0.882080
vt 0.247314 0.866211
vt 0.260986 0.862305
vt 0.255127 0.866211
vt 0.260498 0.871094
vt 0.270996 0.866943
vt 0.267090 0.862549
vt 0.266602 0.879395
vt 0.279053 0.864014
vt 0.282471 0.861328
vt 0.282471 0.868408
vt 0.262695 0.891113
vt 0.279297 0.881592
vt 0.251709 0.898438
vt 0.268555 0.900391
vt 0.250488 0.899414
vt 0.244629 0.902588
vt 0.262695 0.904541
vt 0.276611 0.904541
vt 0.280029 0.901855
vt 0.298584 0.888672
vt 0.296143 0.904785
vt 0.296631 0.876709
vt 0.311035 0.886230
vt 0.307617 0.904785
vt 0.312256 0.871094
vt 0.307129 0.907715
vt 0.294678 0.869873
vt 0.312744 0.867920
vt 0.298340 0.865723
vt 0.308594 0.850586
vt 0.305176 0.845947
vt 0.283203 0.842529
vt 0.298340 0.836914
vt 0.282715 0.838135
vt 0.275879 0.836914
vt 0.266602 0.844482
vt 0.288818 0.908691
vt 0.292725 0.913086
vt 0.305664 0.912109
vt 0.274658 0.910400
vt 0.274414 0.906250
vt 0.258789 0.912842
vt 0.273682 0.928711
vt 0.253662 0.905273
vt 0.243896 0.905029
vt 0.238525 0.925049
vt 0.229736 0.907959
vt 0.206299 0.910400
vt 0.214600 0.924072
vt 0.198730 0.912354
vt 0.196533 0.906738
vt 0.192627 0.912109
vt 0.432373 0.197510
vt 0.416504 0.178711
vt 0.420898 0.177734
vt 0.418213 0.198242
vt 0.435303 0.188721
vt 0.427734 0.176514
vt 0.430420 0.176514
vt 0.425049 0.172852
vt 0.421875 0.175537
vt 0.430908 0.173584
vt 0.422119 0.167480
vt 0.435303 0.167236
vt 0.505371 0.865234
vt 0.494629 0.867676
vt 0.513428 0.852783
vt 0.505371 0.877441
vt 0.514160 0.864502
vt 0.525146 0.859863
vt 0.513672 0.871094
vt 0.528076 0.865967
vt 0.538330 0.866699
vt 0.517334 0.873047
vt 0.513428 0.879150
vt 0.509033 0.888184
vt 0.496582 0.880859
vt 0.537598 0.871582
vt 0.519775 0.886719
vt 0.541748 0.873535
vt 0.540527 0.865234
vt 0.546631 0.866943
vt 0.549072 0.868408
vt 0.530029 0.882080
vt 0.534668 0.874756
vt 0.551514 0.879639
vt 0.554932 0.866699
vt 0.525635 0.901123
vt 0.533447 0.898193
vt 0.515381 0.898682
vt 0.533203 0.911865
vt 0.543457 0.899414
vt 0.556152 0.898682
vt 0.524658 0.920166
vt 0.554199 0.906250
vt 0.537354 0.918701
vt 0.553711 0.914551
vt 0.526855 0.924316
vt 0.561035 0.906738
vt 0.563965 0.918945
vt 0.568359 0.910156
vt 0.509521 0.919434
vt 0.509277 0.926758
vt 0.511475 0.940430
vt 0.498779 0.922607
vt 0.502686 0.916748
vt 0.497314 0.918701
vt 0.500244 0.911377
vt 0.488525 0.914062
vt 0.506592 0.894287
vt 0.504150 0.885742
vt 0.501221 0.894531
vt 0.501221 0.895508
vt 0.495361 0.894043
vt 0.496094 0.901123
vt 0.488525 0.899658
vt 0.482178 0.908447
vt 0.476562 0.914062
vt 0.116455 0.002441
vt 0.116455 0.027100
vt 0.107178 0.002441
vt 0.001953 0.049805
vt 0.009766 0.051758
vt 0.002441 0.059326
vt 0.009766 0.069824
vt 0.575928 0.864014
vt 0.588623 0.852783
vt 0.586426 0.864990
vt 0.578613 0.880127
vt 0.563721 0.865234
vt 0.567871 0.880615
vt 0.574219 0.884766
vt 0.561768 0.872559
vt 0.560547 0.877441
vt 0.569824 0.884277
vt 0.562012 0.888428
vt 0.568359 0.897705
vt 0.579102 0.894531
vt 0.574951 0.902100
vt 0.584961 0.897949
vt 0.576416 0.903076
vt 0.586914 0.899902
vt 0.579102 0.906250
vt 0.582031 0.906738
vt 0.572021 0.912354
vt 0.583252 0.914062
vt 0.575928 0.910645
vt 0.573242 0.913086
vt 0.372803 0.635254
vt 0.375000 0.631836
vt 0.377930 0.643311
vt 0.372559 0.639648
vt 0.370605 0.628662
vt 0.364014 0.643555
vt 0.359375 0.640381
vt 0.374756 0.645264
vt 0.380859 0.646973
vt 0.370605 0.647461
vt 0.375977 0.652344
vt 0.364502 0.648438
vt 0.373047 0.666504
vt 0.360596 0.655518
vt 0.352783 0.656250
vt 0.353271 0.650879
vt 0.347412 0.650635
vt 0.337158 0.655273
vt 0.344971 0.638184
vt 0.350830 0.637695
vt 0.364258 0.634766
vt 0.360596 0.632568
vt 0.354980 0.626953
vt 0.369141 0.619385
vt 0.379639 0.610352
vt 0.368164 0.605225
vt 0.360596 0.620850
vt 0.347168 0.629395
vt 0.360107 0.606445
vt 0.361084 0.594238
vt 0.353760 0.600342
vt 0.341309 0.617188
vt 0.334961 0.634033
vt 0.355957 0.590088
vt 0.348633 0.588867
vt 0.356445 0.576416
vt 0.360840 0.578369
vt 0.343262 0.577148
vt 0.341797 0.588867
vt 0.335205 0.603271
vt 0.333008 0.577393
vt 0.341309 0.573730
vt 0.338867 0.564697
vt 0.330811 0.576416
vt 0.318359 0.568848
vt 0.303467 0.558105
vt 0.299561 0.571289
vt 0.279785 0.585205
vt 0.299072 0.578613
vt 0.314941 0.578125
vt 0.312256 0.583496
vt 0.318848 0.610596
vt 0.300293 0.585449
vt 0.333008 0.620605
vt 0.291260 0.585693
vt 0.296875 0.599365
vt 0.303223 0.607422
vt 0.302490 0.616455
vt 0.284424 0.588867
vt 0.287109 0.597656
vt 0.275146 0.589844
vt 0.260986 0.583984
vt 0.294189 0.607178
vt 0.284912 0.601318
vt 0.272949 0.592773
vt 0.262207 0.590088
vt 0.264648 0.601074
vt 0.246826 0.602783
vt 0.292725 0.609131
vt 0.297119 0.609863
vt 0.293213 0.621582
vt 0.281982 0.622559
vt 0.272461 0.622314
vt 0.277832 0.625732
vt 0.253418 0.610107
vt 0.236328 0.619141
vt 0.237305 0.608887
vt 0.254150 0.627686
vt 0.268066 0.641846
vt 0.227783 0.621338
vt 0.240967 0.627441
vt 0.283447 0.658936
vt 0.254639 0.644287
vt 0.261719 0.649170
vt 0.259277 0.653076
vt 0.248779 0.647949
vt 0.226074 0.627930
vt 0.232178 0.656006
vt 0.224121 0.623047
vt 0.221436 0.630127
vt 0.222656 0.655518
vt 0.206543 0.625732
vt 0.214355 0.637939
vt 0.214844 0.652588
vt 0.218994 0.657715
vt 0.213867 0.655518
vt 0.208984 0.623779
vt 0.202148 0.653564
vt 0.205078 0.657471
vt 0.204102 0.645996
vt 0.185059 0.636719
vt 0.176270 0.648438
vt 0.171143 0.666504
vt 0.158447 0.657471
vt 0.158691 0.660889
vt 0.157227 0.645020
vt 0.156738 0.637451
vt 0.195068 0.623535
vt 0.174316 0.632080
vt 0.156494 0.636475
vt 0.183838 0.629639
vt 0.158936 0.627197
vt 0.174561 0.621582
vt 0.164307 0.621582
vt 0.154785 0.625977
vt 0.153564 0.623047
vt 0.157715 0.620361
vt 0.165527 0.619873
vt 0.157227 0.618896
vt 0.167236 0.618164
vt 0.180420 0.620117
vt 0.194336 0.616943
vt 0.195801 0.621094
vt 0.212158 0.620361
vt 0.219238 0.620850
vt 0.211182 0.614990
vt 0.221191 0.617188
vt 0.319824 0.631836
vt 0.310059 0.624756
vt 0.325684 0.646484
vt 0.315674 0.633057
vt 0.312256 0.643066
vt 0.300293 0.628662
vt 0.302002 0.636719
vt 0.287842 0.636475
vt 0.295410 0.643799
vt 0.300537 0.647949
vt 0.309570 0.650635
vt 0.308838 0.656982
vt 0.307373 0.657227
vt 0.314697 0.653320
vt 0.330078 0.647217
vt 0.317871 0.656006
vt 0.315430 0.658691
vt 0.325928 0.661621
vt 0.770996 0.231689
vt 0.769775 0.227539
vt 0.771729 0.225098
vt 0.768799 0.241699
vt 0.771729 0.236816
vt 0.769775 0.245361
vt 0.772217 0.239990
vt 0.782715 0.239014
vt 0.785400 0.237549
vt 0.771240 0.249023
vt 0.774414 0.246582
vt 0.781738 0.248291
vt 0.775879 0.250488
vt 0.776855 0.251953
vt 0.788330 0.247314
vt 0.794678 0.243408
vt 0.780518 0.252441
vt 0.792480 0.245605
vt 0.776611 0.258057
vt 0.788818 0.257080
vt 0.794434 0.250488
vt 0.802734 0.242432
vt 0.790283 0.256836
vt 0.807129 0.247314
vt 0.791260 0.257080
vt 0.776611 0.683594
vt 0.785156 0.670898
vt 0.808350 0.676025
vt 0.821533 0.687500
vt 0.805176 0.693604
vt 0.800537 0.671631
vt 0.786133 0.668457
vt 0.823975 0.676025
vt 0.822754 0.672607
vt 0.835693 0.674316
vt 0.808350 0.700928
vt 0.820801 0.661621
vt 0.799072 0.713379
vt 0.828369 0.648926
vt 0.805664 0.650146
vt 0.785645 0.650879
vt 0.783691 0.647217
vt 0.789795 0.641113
vt 0.812988 0.629639
vt 0.792725 0.622070
vt 0.787842 0.616699
vt 0.802490 0.621582
vt 0.828125 0.633789
vt 0.824951 0.630615
vt 0.816895 0.611328
vt 0.811035 0.601562
vt 0.835693 0.634766
vt 0.836670 0.626465
vt 0.826904 0.601074
vt 0.822754 0.596680
vt 0.829834 0.597656
vt 0.842041 0.647217
vt 0.840820 0.636719
vt 0.857910 0.637207
vt 0.860596 0.639893
vt 0.867920 0.675293
vt 0.846680 0.694336
vt 0.876221 0.640869
vt 0.874512 0.637207
vt 0.838867 0.707275
vt 0.818848 0.710205
vt 0.860352 0.709717
vt 0.841064 0.709473
vt 0.830078 0.713623
vt 0.842773 0.711914
vt 0.867676 0.707764
vt 0.861084 0.712158
vt 0.804199 0.730713
vt 0.797607 0.732422
vt 0.844482 0.731689
vt 0.819580 0.737061
vt 0.807861 0.743896
vt 0.802246 0.746582
vt 0.812988 0.746094
vt 0.822754 0.748047
vt 0.846924 0.746338
vt 0.868164 0.742676
vt 0.875000 0.713867
vt 0.880615 0.733154
vt 0.871582 0.710205
vt 0.874512 0.708496
vt 0.874023 0.694092
vt 0.876709 0.707764
vt 0.880859 0.715820
vt 0.886719 0.729980
vt 0.885986 0.712646
vt 0.880615 0.711182
vt 0.882080 0.705322
vt 0.895996 0.711426
vt 0.885010 0.695801
vt 0.877197 0.677246
vt 0.896973 0.676025
vt 0.909180 0.695801
vt 0.886475 0.675293
vt 0.909180 0.652588
vt 0.878174 0.675049
vt 0.898926 0.645508
vt 0.881348 0.640869
vt 0.881836 0.630859
vt 0.903320 0.642334
vt 0.891113 0.615234
vt 0.882568 0.617920
vt 0.863281 0.618164
vt 0.850098 0.614746
vt 0.870850 0.604980
vt 0.851074 0.601807
vt 0.850342 0.598877
vt 0.871094 0.603027
vt 0.872559 0.600830
vt 0.883789 0.607910
vt 0.886475 0.610107
vt 0.884521 0.606445
vt 0.887695 0.603516
vt 0.887939 0.607910
vt 0.900635 0.603027
vt 0.892578 0.601562
vt 0.906250 0.254639
vt 0.906006 0.260498
vt 0.894775 0.255859
vt 0.890869 0.252197
vt 0.891846 0.257812
vt 0.894287 0.274414
vt 0.884766 0.281250
vt 0.900146 0.287109
vt 0.906006 0.290039
vt 0.892334 0.302246
vt 0.891846 0.327881
vt 0.901123 0.305420
vt 0.897949 0.323242
vt 0.900146 0.325195
vt 0.914551 0.334961
vt 0.896484 0.343506
vt 0.931885 0.338135
vt 0.909912 0.328613
vt 0.918701 0.317383
vt 0.928711 0.325195
vt 0.941650 0.336182
vt 0.938965 0.343994
vt 0.944336 0.333496
vt 0.915039 0.316650
vt 0.925293 0.313477
vt 0.925537 0.309814
vt 0.947754 0.313477
vt 0.955322 0.328369
vt 0.945312 0.311035
vt 0.958984 0.311523
vt 0.923828 0.291504
vt 0.957031 0.330078
vt 0.958008 0.332764
vt 0.963867 0.319336
vt 0.965332 0.320557
vt 0.968994 0.309570
vt 0.938965 0.292725
vt 0.962646 0.295166
vt 0.925293 0.275391
vt 0.942383 0.286377
vt 0.915039 0.264648
vt 0.916260 0.260010
vt 0.931152 0.235107
vt 0.928955 0.271240
vt 0.942383 0.273682
vt 0.935547 0.259277
vt 0.945557 0.246582
vt 0.953369 0.275391
vt 0.944580 0.251221
vt 0.958008 0.274414
vt 0.963135 0.278564
vt 0.946533 0.248291
vt 0.949219 0.247070
vt 0.961914 0.235596
vt 0.960449 0.257324
vt 0.961914 0.238281
vt 0.972900 0.226807
vt 0.963867 0.269531
vt 0.971680 0.244629
vt 0.971436 0.233887
vt 0.975342 0.229736
vt 0.976318 0.234863
vt 0.981445 0.230713
vt 0.965820 0.259521
vt 0.970215 0.272461
vt 0.975342 0.245850
vt 0.985107 0.240234
vt 0.987061 0.232666
vt 0.982178 0.247559
vt 0.970947 0.259277
vt 0.981934 0.256348
vt 0.980225 0.265137
vt 0.972656 0.271484
vt 0.980469 0.268311
vt 0.973633 0.283447
vt 0.986328 0.285645
vt 0.971191 0.283936
vt 0.984619 0.287598
vt 0.987061 0.291748
vt 0.984375 0.303467
vt 0.982422 0.302002
vt 0.985596 0.313477
vt 0.982422 0.316895
vt 0.983398 0.320557
vt 0.969727 0.298828
vt 0.972168 0.311279
vt 0.967773 0.297363
vt 0.972656 0.329346
vt 0.968018 0.333008
vt 0.965576 0.341797
vt 0.968994 0.337402
vt 0.820068 0.757568
vt 0.837402 0.761963
vt 0.813721 0.772217
vt 0.799316 0.772217
vt 0.805420 0.765137
vt 0.800049 0.766113
vt 0.804688 0.789551
vt 0.832031 0.791504
vt 0.789795 0.773926
vt 0.820068 0.808838
vt 0.798584 0.763184
vt 0.790039 0.766357
vt 0.807861 0.816406
vt 0.793701 0.798340
vt 0.785889 0.786865
vt 0.776611 0.778320
vt 0.781982 0.801514
vt 0.795166 0.819336
vt 0.808105 0.820801
vt 0.770752 0.812988
vt 0.768555 0.845947
vt 0.770020 0.800781
vt 0.770996 0.787598
vt 0.773438 0.780029
vt 0.767090 0.793701
vt 0.764160 0.793213
vt 0.761963 0.779297
vt 0.763428 0.799072
vt 0.767822 0.829834
vt 0.764648 0.837402
vt 0.765625 0.817871
vt 0.765137 0.807129
vt 0.754883 0.799561
vt 0.760986 0.805176
vt 0.762451 0.821777
vt 0.755615 0.811768
vt 0.748779 0.798828
vt 0.754639 0.849365
vt 0.756592 0.844482
vt 0.756592 0.839111
vt 0.761719 0.833984
vt 0.759277 0.824951
vt 0.751465 0.821289
vt 0.756104 0.830078
vt 0.751465 0.843506
vt 0.753662 0.831055
vt 0.752441 0.837646
vt 0.748047 0.847168
vt 0.750732 0.831543
vt 0.750488 0.835205
vt 0.750244 0.825439
vt 0.749268 0.839111
vt 0.749268 0.831299
vt 0.744873 0.832520
vt 0.746582 0.841553
vt 0.740479 0.835693
vt 0.748291 0.820068
vt 0.742920 0.815430
vt 0.749268 0.813477
vt 0.744141 0.807373
vt 0.736572 0.812500
vt 0.731934 0.843506
vt 0.744629 0.849609
vt 0.736328 0.851807
vt 0.745117 0.800781
vt 0.733154 0.822754
vt 0.716064 0.839355
vt 0.717041 0.854980
vt 0.708252 0.841064
vt 0.737061 0.790771
vt 0.717529 0.836426
vt 0.701904 0.832031
vt 0.703857 0.843506
vt 0.698730 0.849365
vt 0.695068 0.836670
vt 0.719482 0.809570
vt 0.704590 0.825439
vt 0.694092 0.827637
vt 0.684570 0.835449
vt 0.696533 0.819336
vt 0.694092 0.822021
vt 0.691406 0.828613
vt 0.687256 0.819580
vt 0.688721 0.815918
vt 0.682617 0.802246
vt 0.699463 0.812256
vt 0.697510 0.811279
vt 0.706055 0.814697
vt 0.702637 0.799561
vt 0.710205 0.796875
vt 0.690430 0.807129
vt 0.698486 0.796143
vt 0.687012 0.800781
vt 0.678955 0.796875
vt 0.675293 0.802246
vt 0.690186 0.796143
vt 0.682373 0.783691
vt 0.689941 0.792236
vt 0.697998 0.790283
vt 0.693115 0.773438
vt 0.688721 0.772949
vt 0.704346 0.781738
vt 0.713379 0.775391
vt 0.709717 0.787109
vt 0.717529 0.778076
vt 0.722656 0.772217
vt 0.714600 0.758789
vt 0.725830 0.785889
vt 0.726318 0.764160
vt 0.725586 0.757568
vt 0.727783 0.774414
vt 0.745605 0.767334
vt 0.741455 0.760986
vt 0.751221 0.770508
vt 0.723389 0.793945
vt 0.715820 0.790771
vt 0.716309 0.796143
vt 0.716064 0.797607
vt 0.721436 0.801270
vt 0.725098 0.806396
vt 0.727539 0.802246
vt 0.731445 0.804932
vt 0.736084 0.799561
vt 0.261230 0.547852
vt 0.265625 0.541992
vt 0.274170 0.539551
vt 0.267090 0.540527
vt 0.266113 0.538818
vt 0.261719 0.524902
vt 0.287354 0.541504
vt 0.267578 0.534424
vt 0.275879 0.533203
vt 0.270264 0.525391
vt 0.267822 0.516357
vt 0.265625 0.510986
vt 0.277588 0.528076
vt 0.284424 0.527100
vt 0.283447 0.524902
vt 0.286865 0.513916
vt 0.293213 0.503418
vt 0.293457 0.517334
vt 0.294434 0.536377
vt 0.304932 0.547852
vt 0.292725 0.521240
vt 0.302979 0.512451
vt 0.304199 0.530762
vt 0.014160 0.906738
vt 0.015869 0.910400
vt 0.012207 0.907471
vt 0.019287 0.908447
vt 0.023438 0.903809
vt 0.026123 0.915283
vt 0.019531 0.901123
vt 0.010254 0.899658
vt 0.010986 0.895996
vt 0.024902 0.902832
vt 0.025879 0.897949
vt 0.023926 0.896973
vt 0.012939 0.894775
vt 0.031494 0.888672
vt 0.038574 0.904053
vt 0.025635 0.886963
vt 0.016357 0.888184
vt 0.039062 0.902832
vt 0.032227 0.887695
vt 0.021973 0.880615
vt 0.039551 0.892334
vt 0.036133 0.885498
vt 0.026367 0.876465
vt 0.041504 0.883057
vt 0.040039 0.885254
vt 0.047363 0.888184
vt 0.046631 0.889648
vt 0.056396 0.890381
vt 0.061035 0.893066
vt 0.049072 0.892090
vt 0.067383 0.891846
vt 0.045898 0.895508
vt 0.061523 0.896240
vt 0.063965 0.898438
vt 0.054199 0.896240
vt 0.047607 0.896484
vt 0.047607 0.905518
vt 0.059326 0.899170
vt 0.060791 0.898926
vt 0.057861 0.907959
vt 0.051758 0.907959
vt 0.061523 0.900635
vt 0.060303 0.907227
vt 0.048828 0.926025
vt 0.036865 0.923828
vt 0.033936 0.913818
vt 0.061523 0.908936
vt 0.054443 0.930176
vt 0.051025 0.928711
vt 0.067383 0.914062
vt 0.059814 0.938965
vt 0.065674 0.901611
vt 0.065918 0.911621
vt 0.077393 0.919189
vt 0.074219 0.940186
vt 0.077393 0.916260
vt 0.078369 0.909424
vt 0.078857 0.907471
vt 0.083008 0.931885
vt 0.085449 0.951904
vt 0.089355 0.920410
vt 0.098633 0.948242
vt 0.100342 0.937500
vt 0.111084 0.942139
vt 0.114014 0.950928
vt 0.101318 0.925537
vt 0.119873 0.948486
vt 0.120117 0.935547
vt 0.130127 0.942383
vt 0.124268 0.921631
vt 0.119385 0.923096
vt 0.101807 0.923340
vt 0.117188 0.912598
vt 0.118652 0.910645
vt 0.114990 0.913086
vt 0.111572 0.909180
vt 0.105713 0.914795
vt 0.114746 0.905762
vt 0.101074 0.915771
vt 0.086182 0.910645
vt 0.100586 0.914307
vt 0.099365 0.910645
vt 0.090332 0.910645
vt 0.090576 0.906006
vt 0.078125 0.902832
vt 0.091553 0.901611
vt 0.071533 0.894043
vt 0.075195 0.886475
vt 0.080566 0.898193
vt 0.085693 0.889893
vt 0.076172 0.885010
vt 0.094238 0.895020
vt 0.099854 0.905762
vt 0.099609 0.902832
vt 0.111572 0.904785
vt 0.114502 0.899414
vt 0.117920 0.895752
vt 0.116211 0.894287
vt 0.120850 0.886963
vt 0.120117 0.882568
vt 0.124512 0.879150
vt 0.130127 0.865723
vt 0.097168 0.889893
vt 0.110596 0.864258
vt 0.102295 0.881104
vt 0.091553 0.885498
vt 0.084717 0.882812
vt 0.090576 0.883789
vt 0.081787 0.880371
vt 0.079834 0.879883
vt 0.087158 0.871582
vt 0.091064 0.862061
vt 0.101562 0.855225
vt 0.109375 0.847656
vt 0.099365 0.854248
vt 0.105225 0.847168
vt 0.042480 0.826660
vt 0.047607 0.814209
vt 0.044922 0.826660
vt 0.048096 0.802979
vt 0.051270 0.801270
vt 0.038086 0.837646
vt 0.035156 0.839111
vt 0.028076 0.846436
vt 0.054688 0.841797
vt 0.047852 0.851074
vt 0.062988 0.853027
vt 0.067871 0.850098
vt 0.062988 0.827881
vt 0.068604 0.813477
vt 0.072998 0.801270
vt 0.073975 0.842773
vt 0.082764 0.858643
vt 0.098145 0.843994
vt 0.080078 0.832031
vt 0.104980 0.831543
vt 0.124023 0.844482
vt 0.086670 0.818115
vt 0.125488 0.835938
vt 0.084717 0.804932
vt 0.093750 0.807861
vt 0.113525 0.820557
vt 0.075928 0.793457
vt 0.071045 0.791748
vt 0.072510 0.780029
vt 0.085205 0.793945
vt 0.096680 0.782227
vt 0.098145 0.779053
vt 0.093506 0.794189
vt 0.114258 0.810791
vt 0.106445 0.803711
vt 0.104004 0.798828
vt 0.117432 0.809082
vt 0.118408 0.797363
vt 0.129150 0.815430
vt 0.134277 0.821289
vt 0.141846 0.809082
vt 0.140869 0.831055
vt 0.140137 0.844482
vt 0.120850 0.794678
vt 0.124023 0.786621
vt 0.092529 0.769775
vt 0.122559 0.764648
vt 0.134277 0.777344
vt 0.144531 0.807861
vt 0.147461 0.800781
vt 0.156494 0.791504
vt 0.153076 0.822510
vt 0.150391 0.800537
vt 0.159668 0.792725
vt 0.156738 0.809570
vt 0.163330 0.821777
vt 0.154785 0.799805
vt 0.166992 0.801025
vt 0.166260 0.816162
vt 0.174072 0.816162
vt 0.171143 0.826416
vt 0.181641 0.829590
vt 0.184570 0.808594
vt 0.173096 0.832275
vt 0.184082 0.845215
vt 0.157227 0.836182
vt 0.170654 0.838135
vt 0.175049 0.858643
vt 0.145996 0.837402
vt 0.158691 0.841553
vt 0.145752 0.842285
vt 0.146973 0.848389
vt 0.151855 0.853760
vt 0.901367 0.792969
vt 0.893311 0.812744
vt 0.896240 0.801025
vt 0.883545 0.812988
vt 0.885010 0.809326
vt 0.865479 0.818115
vt 0.864746 0.815674
vt 0.864502 0.824463
vt 0.878662 0.822021
vt 0.889404 0.823242
vt 0.865967 0.829590
vt 0.849609 0.828857
vt 0.842773 0.823975
vt 0.816650 0.831055
vt 0.814697 0.826660
vt 0.793701 0.828857
vt 0.848145 0.849854
vt 0.803711 0.850830
vt 0.784912 0.835449
vt 0.785400 0.849365
vt 0.816406 0.853027
vt 0.792480 0.857178
vt 0.789795 0.857910
vt 0.814453 0.856201
vt 0.828125 0.859131
vt 0.814209 0.859619
vt 0.828369 0.861572
vt 0.814941 0.861816
vt 0.794678 0.873535
vt 0.776611 0.877930
vt 0.780029 0.892090
vt 0.771484 0.892578
vt 0.804199 0.885010
vt 0.803711 0.895996
vt 0.807129 0.885010
vt 0.826660 0.886719
vt 0.831543 0.864990
vt 0.846924 0.865479
vt 0.845947 0.863525
vt 0.846924 0.890381
vt 0.846436 0.902588
vt 0.866943 0.892090
vt 0.846680 0.860840
vt 0.857422 0.865723
vt 0.860107 0.867920
vt 0.875000 0.889404
vt 0.868896 0.867188
vt 0.879639 0.902100
vt 0.872803 0.864014
vt 0.871094 0.862305
vt 0.848145 0.857178
vt 0.879395 0.894531
vt 0.883789 0.903076
vt 0.889160 0.904541
vt 0.885010 0.887939
vt 0.895752 0.890869
vt 0.901367 0.905273
vt 0.883057 0.873047
vt 0.891846 0.867188
vt 0.891602 0.864258
vt 0.888916 0.859619
vt 0.871338 0.858398
vt 0.879883 0.850586
vt 0.864014 0.849121
vt 0.879639 0.833008
vt 0.891357 0.824951
vt 0.882812 0.839111
vt 0.883545 0.845703
vt 0.885742 0.833496
vt 0.893555 0.829834
vt 0.897217 0.837402
vt 0.702393 0.863770
vt 0.703369 0.858154
vt 0.706787 0.867920
vt 0.698975 0.856934
vt 0.706787 0.881592
vt 0.696777 0.861084
vt 0.686523 0.851807
vt 0.700684 0.881104
vt 0.703369 0.891357
vt 0.711182 0.895752
vt 0.705566 0.900635
vt 0.710938 0.922363
vt 0.705078 0.928955
vt 0.701904 0.897705
vt 0.687500 0.899902
vt 0.697266 0.936523
vt 0.682861 0.927734
vt 0.673584 0.918457
vt 0.677734 0.936279
vt 0.665283 0.932617
vt 0.658203 0.928955
vt 0.665527 0.893311
vt 0.671143 0.891602
vt 0.679199 0.885742
vt 0.658203 0.882568
vt 0.655518 0.909424
vt 0.652100 0.926025
vt 0.654785 0.928711
vt 0.634277 0.923828
vt 0.656982 0.893311
vt 0.655762 0.894043
vt 0.628418 0.921387
vt 0.621094 0.921387
vt 0.638672 0.906250
vt 0.640869 0.889160
vt 0.658203 0.891602
vt 0.644775 0.881348
vt 0.653809 0.873047
vt 0.625732 0.889893
vt 0.631104 0.880127
vt 0.609619 0.901855
vt 0.615723 0.885742
vt 0.621582 0.886719
vt 0.617920 0.876465
vt 0.610596 0.920166
vt 0.607422 0.920654
vt 0.604004 0.895264
vt 0.583984 0.926270
vt 0.609863 0.920898
vt 0.604248 0.931641
vt 0.597656 0.927246
vt 0.586670 0.934326
vt 0.597656 0.928711
vt 0.587891 0.936523
vt 0.619873 0.871826
vt 0.609375 0.868408
vt 0.615479 0.865967
vt 0.603271 0.860596
vt 0.606445 0.859863
vt 0.606201 0.858643
vt 0.617676 0.867188
vt 0.623047 0.867676
vt 0.633789 0.871338
vt 0.641357 0.871338
vt 0.641846 0.859131
vt 0.631836 0.860352
vt 0.640137 0.854248
vt 0.632568 0.852783
vt 0.644043 0.852539
vt 0.647217 0.860596
vt 0.649414 0.865234
vt 0.654053 0.855957
vt 0.660645 0.859375
vt 0.662842 0.847900
vt 0.665771 0.862549
vt 0.661621 0.844727
vt 0.655273 0.848633
vt 0.659424 0.833740
vt 0.663818 0.831787
vt 0.665283 0.839355
vt 0.664551 0.859375
vt 0.666016 0.845215
vt 0.673584 0.823730
vt 0.674805 0.818848
vt 0.677734 0.825928
vt 0.678711 0.837158
vt 0.680420 0.844971
vt 0.673096 0.851074
vt 0.677979 0.855469
vt 0.676514 0.858887
vt 0.669678 0.867432
vt 0.682373 0.861084
vt 0.681641 0.867188
vt 0.674316 0.875488
vt 0.693604 0.871094
vt 0.678711 0.874023
vt 0.680176 0.882812
vt 0.686768 0.870605
vt 0.686279 0.873291
vt 0.680176 0.876465
vt 0.686035 0.875244
vt 0.689697 0.878662
vt 0.692139 0.879395
vt 0.687500 0.884277
vt 0.152588 0.882568
vt 0.150635 0.871338
vt 0.163818 0.879639
vt 0.155762 0.864014
vt 0.166260 0.864990
vt 0.166504 0.872559
vt 0.177002 0.869873
vt 0.140137 0.877930
vt 0.177734 0.881348
vt 0.188477 0.870850
vt 0.178223 0.866943
vt 0.180176 0.862549
vt 0.165283 0.888916
vt 0.179688 0.889404
vt 0.142334 0.891846
vt 0.134521 0.885254
vt 0.131836 0.899902
vt 0.150146 0.894043
vt 0.144775 0.905273
vt 0.128906 0.906006
vt 0.158936 0.900391
vt 0.173828 0.897949
vt 0.184570 0.901611
vt 0.140381 0.917969
vt 0.134277 0.923828
vt 0.144287 0.936279
vt 0.150391 0.911133
vt 0.147949 0.924072
vt 0.156250 0.936523
vt 0.164307 0.908691
vt 0.155029 0.923584
vt 0.164795 0.920654
vt 0.168701 0.929443
vt 0.176758 0.933594
vt 0.172119 0.915771
vt 0.176514 0.907715
vt 0.176758 0.923828
vt 0.187012 0.921631
vt 0.179932 0.914795
vt 0.188477 0.910400
vt 0.156494 0.204590
vt 0.162354 0.217041
vt 0.159180 0.217773
vt 0.163086 0.220947
vt 0.156738 0.221436
vt 0.149658 0.201416
vt 0.157227 0.196533
vt 0.163086 0.182861
vt 0.149170 0.191650
vt 0.142334 0.195801
vt 0.686523 0.712402
vt 0.694336 0.720703
vt 0.672852 0.714355
vt 0.701904 0.714355
vt 0.687988 0.710205
vt 0.681885 0.701660
vt 0.685547 0.693604
vt 0.668213 0.673096
vt 0.676514 0.682617
vt 0.677490 0.677734
vt 0.670410 0.660400
vt 0.675781 0.660889
vt 0.672852 0.659912
vt 0.708252 0.639160
vt 0.683105 0.642334
vt 0.682129 0.635254
vt 0.688965 0.612305
vt 0.680176 0.628662
vt 0.684570 0.610352
vt 0.665527 0.656982
vt 0.679688 0.609131
vt 0.664307 0.608398
vt 0.651611 0.665771
vt 0.683350 0.607422
vt 0.694336 0.604980
vt 0.708008 0.600830
vt 0.697998 0.597900
vt 0.704590 0.598389
vt 0.669922 0.591064
vt 0.703613 0.591553
vt 0.722412 0.592529
vt 0.733154 0.594482
vt 0.774658 0.590576
vt 0.749023 0.588379
vt 0.776123 0.675781
vt 0.776123 0.587158
vt 0.726074 0.707275
vt 0.736816 0.583252
vt 0.726074 0.565674
vt 0.751465 0.721436
vt 0.714355 0.714600
vt 0.706299 0.569580
vt 0.718506 0.564209
vt 0.725586 0.559082
vt 0.721191 0.557373
vt 0.681396 0.568604
vt 0.714844 0.718506
vt 0.686523 0.571533
vt 0.666992 0.580322
vt 0.668701 0.576416
vt 0.657715 0.577148
vt 0.649902 0.593262
vt 0.646484 0.585938
vt 0.637451 0.601562
vt 0.645752 0.607666
vt 0.645508 0.634033
vt 0.643066 0.628174
vt 0.639404 0.626221
vt 0.638184 0.632324
vt 0.646484 0.662842
vt 0.628418 0.631592
vt 0.627686 0.604492
vt 0.623779 0.606201
vt 0.600586 0.613037
vt 0.591553 0.677734
vt 0.637207 0.671387
vt 0.611572 0.671387
vt 0.595459 0.694580
vt 0.556641 0.689209
vt 0.626709 0.690186
vt 0.652588 0.688477
vt 0.653564 0.725586
vt 0.656738 0.686035
vt 0.662842 0.723877
vt 0.635742 0.725098
vt 0.680908 0.771240
vt 0.612549 0.710693
vt 0.616455 0.724609
vt 0.605713 0.709473
vt 0.600342 0.727783
vt 0.578613 0.705078
vt 0.560303 0.710449
vt 0.583008 0.711670
vt 0.586426 0.724609
vt 0.575195 0.720459
vt 0.559814 0.722168
vt 0.680176 0.744385
vt 0.697266 0.751709
vt 0.707520 0.751465
vt 0.704346 0.745850
vt 0.667480 0.722656
vt 0.660645 0.704590
vt 0.684814 0.738770
vt 0.714844 0.745361
vt 0.738281 0.750244
vt 0.725830 0.719727
vt 0.741455 0.746826
vt 0.763672 0.759521
vt 0.745361 0.737793
vt 0.774170 0.739502
vt 0.738281 0.721191
vt 0.729980 0.716064
vt 0.741699 0.463867
vt 0.750732 0.468994
vt 0.742676 0.468018
vt 0.770264 0.439209
vt 0.762695 0.436523
vt 0.742188 0.427734
vt 0.769531 0.417236
vt 0.778809 0.420654
vt 0.772949 0.471436
vt 0.768066 0.484131
vt 0.781738 0.451660
vt 0.755859 0.503662
vt 0.767334 0.513184
vt 0.799316 0.407959
vt 0.796631 0.431152
vt 0.786865 0.404297
vt 0.804443 0.393311
vt 0.787598 0.398193
vt 0.776611 0.405273
vt 0.779297 0.402100
vt 0.779053 0.392090
vt 0.768555 0.389404
vt 0.775146 0.383789
vt 0.762939 0.396729
vt 0.753662 0.393555
vt 0.758301 0.402344
vt 0.748291 0.394531
vt 0.750244 0.376221
vt 0.729492 0.420654
vt 0.734131 0.410645
vt 0.709961 0.407715
vt 0.725098 0.423096
vt 0.721191 0.439941
vt 0.720459 0.458984
vt 0.695557 0.449463
vt 0.715576 0.457031
vt 0.717285 0.458008
vt 0.711914 0.468750
vt 0.711914 0.479004
vt 0.689453 0.481201
vt 0.678711 0.464111
vt 0.682861 0.451416
vt 0.679443 0.489746
vt 0.688721 0.493652
vt 0.671143 0.510254
vt 0.682129 0.516602
vt 0.706787 0.497559
vt 0.704102 0.517822
vt 0.708984 0.497070
vt 0.670898 0.533936
vt 0.680420 0.540039
vt 0.701660 0.540771
vt 0.704102 0.532227
vt 0.704346 0.541992
vt 0.706299 0.540527
vt 0.717529 0.518311
vt 0.729736 0.543945
vt 0.725342 0.504639
vt 0.741943 0.541504
vt 0.739014 0.504883
vt 0.744873 0.505127
vt 0.746582 0.541504
vt 0.748047 0.487549
vt 0.759033 0.535645
vt 0.761475 0.551025
vt 0.780273 0.539795
vt 0.777588 0.562744
vt 0.793213 0.557861
vt 0.804443 0.575195
vt 0.139648 0.084717
vt 0.114258 0.062012
vt 0.125732 0.062256
vt 0.115967 0.035645
vt 0.109131 0.047119
vt 0.103760 0.020264
vt 0.088379 0.080078
vt 0.084473 0.067871
vt 0.097168 0.035156
vt 0.087646 0.026855
vt 0.085205 0.051270
vt 0.075684 0.047363
vt 0.084473 0.020996
vt 0.078369 0.053223
vt 0.082031 0.073975
vt 0.069580 0.056641
vt 0.065918 0.022705
vt 0.081299 0.008789
vt 0.077148 0.001465
vt 0.035156 0.026611
vt 0.045410 0.052490
vt 0.034668 0.047852
vt 0.039551 0.059326
vt 0.034912 0.062500
vt 0.032227 0.049072
vt 0.055664 0.072510
vt 0.041016 0.081299
vt 0.049316 0.087402
vt 0.037109 0.083740
vt 0.027832 0.057861
vt 0.001465 0.082031
vt 0.009033 0.103516
vt 0.013916 0.120605
vt 0.082520 0.091797
vt 0.049805 0.114502
vt 0.044189 0.113770
vt 0.050781 0.157959
vt 0.021240 0.166504
vt 0.051514 0.132080
vt 0.088867 0.122070
vt 0.053223 0.178955
vt 0.057373 0.170410
vt 0.060791 0.210693
vt 0.048828 0.230713
vt 0.091797 0.118896
vt 0.079834 0.151855
vt 0.096191 0.147949
vt 0.119385 0.104492
vt 0.103027 0.143799
vt 0.101807 0.162842
vt 0.077637 0.168457
vt 0.104736 0.185059
vt 0.133545 0.138428
vt 0.134277 0.109375
vt 0.138184 0.103027
vt 0.137207 0.134521
vt 0.139160 0.158447
vt 0.123047 0.211914
vt 0.138916 0.199219
vt 0.105469 0.207031
vt 0.071777 0.218506
vt 0.072266 0.237793
vt 0.099365 0.226562
vt 0.119141 0.218262
vt 0.114990 0.221924
vt 0.130859 0.231201
vt 0.116943 0.223877
vt 0.107666 0.229004
vt 0.133545 0.232910
vt 0.123047 0.236572
vt 0.098389 0.238770
vt 0.128662 0.240234
vt 0.085449 0.237061
vt 0.101318 0.245361
vt 0.076416 0.254639
vt 0.067871 0.243164
vt 0.066650 0.240479
vt 0.061523 0.237061
vt 0.056152 0.250244
vt 0.083496 0.261963
vt 0.113525 0.254639
vt 0.135498 0.245117
vt 0.150879 0.231689
vt 0.075195 0.260742
vt 0.159180 0.249023
vt 0.163818 0.247070
vt 0.115967 0.264648
vt 0.094727 0.269287
vt 0.136230 0.252686
vt 0.123779 0.278564
vt 0.090088 0.271729
vt 0.097412 0.280273
vt 0.144043 0.263428
vt 0.106689 0.287842
vt 0.086426 0.289307
vt 0.133789 0.296875
vt 0.093994 0.298584
vt 0.155273 0.265381
vt 0.146240 0.282227
vt 0.149658 0.293701
vt 0.153076 0.279785
vt 0.161621 0.255859
vt 0.174072 0.251953
vt 0.172852 0.262939
vt 0.165039 0.277344
vt 0.181885 0.258545
vt 0.179199 0.266846
vt 0.183594 0.265137
vt 0.093750 0.300781
vt 0.083496 0.292236
vt 0.068848 0.285889
vt 0.087646 0.301514
vt 0.076172 0.298828
vt 0.066650 0.295654
vt 0.066895 0.290039
vt 0.057129 0.294189
vt 0.060791 0.297119
vt 0.075195 0.277344
vt 0.071289 0.276855
vt 0.066406 0.266602
vt 0.061279 0.280029
vt 0.057617 0.266846
vt 0.054932 0.278076
vt 0.039551 0.284912
vt 0.022949 0.298828
vt 0.053223 0.285645
vt 0.027100 0.308594
vt 0.012451 0.314209
vt 0.034180 0.318848
vt 0.006348 0.330078
vt 0.002686 0.329590
vt 0.001465 0.334961
vt 0.005859 0.338867
vt 0.012451 0.342041
vt 0.010254 0.350830
vt 0.011475 0.351807
vt 0.024658 0.336670
vt 0.048828 0.314453
vt 0.060059 0.301270
vt 0.050537 0.323730
vt 0.036133 0.328369
vt 0.035889 0.330811
vt 0.015869 0.348633
vt 0.011963 0.354980
vt 0.021729 0.349854
vt 0.030273 0.354492
vt 0.027832 0.360596
vt 0.007324 0.372070
vt 0.481445 0.873047
vt 0.483887 0.896484
vt 0.449707 0.877197
vt 0.452393 0.893555
vt 0.482178 0.853760
vt 0.446045 0.893311
vt 0.444336 0.846924
vt 0.480713 0.836670
vt 0.444336 0.875244
vt 0.428223 0.876465
vt 0.413086 0.897705
vt 0.404053 0.879395
vt 0.440430 0.848633
vt 0.404053 0.871826
vt 0.395752 0.876465
vt 0.392578 0.895996
vt 0.366455 0.884033
vt 0.365234 0.864990
vt 0.404541 0.849854
vt 0.400635 0.858887
vt 0.402344 0.839355
vt 0.441406 0.836426
vt 0.449219 0.833496
vt 0.440186 0.822998
vt 0.389404 0.813477
vt 0.357666 0.850098
vt 0.358398 0.810791
vt 0.464600 0.816895
vt 0.480957 0.808105
vt 0.377197 0.751709
vt 0.356201 0.745117
vt 0.408447 0.756104
vt 0.453125 0.756592
vt 0.483887 0.788330
vt 0.477783 0.752197
vt 0.443115 0.785156
vt 0.440918 0.756836
vt 0.435059 0.791260
vt 0.403809 0.790527
vt 0.401123 0.826904
vt 0.248535 0.033447
vt 0.240723 0.042969
vt 0.236328 0.029785
vt 0.246094 0.024902
vt 0.226807 0.040283
vt 0.259766 0.009766
vt 0.265137 0.012451
vt 0.271240 0.001953
vt 0.251709 0.038330
vt 0.265869 0.032959
vt 0.285645 0.037109
vt 0.248047 0.057617
vt 0.231201 0.070312
vt 0.219482 0.044922
vt 0.206299 0.048340
vt 0.252686 0.064941
vt 0.275879 0.048828
vt 0.291260 0.038330
vt 0.216309 0.075684
vt 0.235352 0.095703
vt 0.208984 0.083008
vt 0.198242 0.042725
vt 0.220947 0.101074
vt 0.208740 0.103027
vt 0.192383 0.103271
vt 0.218750 0.108643
vt 0.226807 0.108154
vt 0.207764 0.107910
vt 0.190430 0.108398
vt 0.194824 0.114746
vt 0.213135 0.114014
vt 0.202148 0.119873
vt 0.217773 0.123047
vt 0.208984 0.118408
vt 0.225342 0.114258
vt 0.232422 0.109375
vt 0.223633 0.127197
vt 0.207031 0.126709
vt 0.214111 0.131836
vt 0.230225 0.127441
vt 0.223633 0.135986
vt 0.231445 0.135010
vt 0.235840 0.126709
vt 0.239014 0.154785
vt 0.222656 0.151855
vt 0.232178 0.152832
vt 0.242432 0.125488
vt 0.236572 0.175049
vt 0.212891 0.135986
vt 0.244141 0.181641
vt 0.203369 0.141357
vt 0.217285 0.166504
vt 0.230225 0.179688
vt 0.237793 0.188477
vt 0.227539 0.190918
vt 0.192139 0.162598
vt 0.201904 0.164062
vt 0.198730 0.137207
vt 0.190430 0.137451
vt 0.200684 0.128418
vt 0.187012 0.156494
vt 0.193848 0.130615
vt 0.181396 0.155762
vt 0.182861 0.133789
vt 0.191895 0.123779
vt 0.177002 0.144775
vt 0.189453 0.115967
vt 0.197021 0.119873
vt 0.175781 0.165771
vt 0.168945 0.146484
vt 0.183838 0.163086
vt 0.167480 0.165039
vt 0.164795 0.152100
vt 0.159424 0.165283
vt 0.151855 0.150879
vt 0.158936 0.178223
vt 0.174072 0.179443
vt 0.180664 0.175781
vt 0.187500 0.169434
vt 0.181885 0.188965
vt 0.171143 0.190430
vt 0.187744 0.181641
vt 0.191162 0.177002
vt 0.186523 0.193848
vt 0.179199 0.200195
vt 0.202148 0.180420
vt 0.198486 0.198730
vt 0.204590 0.177734
vt 0.209473 0.191895
vt 0.208252 0.199951
vt 0.188965 0.189941
vt 0.195557 0.202637
vt 0.214844 0.193115
vt 0.219971 0.180664
vt 0.218018 0.199219
vt 0.219727 0.212158
vt 0.208496 0.213867
vt 0.227295 0.204346
vt 0.236816 0.202148
vt 0.224854 0.223877
vt 0.201660 0.220947
vt 0.209961 0.221191
vt 0.216797 0.225098
vt 0.231201 0.211426
vt 0.235352 0.220459
vt 0.234375 0.212891
vt 0.228516 0.229004
vt 0.238770 0.225098
vt 0.204834 0.228516
vt 0.232178 0.241455
vt 0.216064 0.234619
vt 0.247559 0.216553
vt 0.246094 0.199951
vt 0.255127 0.208252
vt 0.252686 0.199219
vt 0.250732 0.223145
vt 0.260010 0.241699
vt 0.247803 0.243408
vt 0.249023 0.269287
vt 0.260254 0.219238
vt 0.269775 0.235107
vt 0.281494 0.249756
vt 0.270996 0.225342
vt 0.224854 0.265625
vt 0.287598 0.227295
vt 0.265869 0.216064
vt 0.212402 0.258789
vt 0.272461 0.220215
vt 0.264893 0.198975
vt 0.273193 0.207275
vt 0.202881 0.257080
vt 0.278809 0.204590
vt 0.258545 0.194824
vt 0.277344 0.186523
vt 0.271729 0.187744
vt 0.269531 0.176025
vt 0.251953 0.191162
vt 0.247070 0.168213
vt 0.256104 0.187012
vt 0.261963 0.170410
vt 0.257080 0.163818
vt 0.244873 0.142334
vt 0.252930 0.138672
vt 0.254639 0.134766
vt 0.250244 0.133057
vt 0.265381 0.164551
vt 0.254639 0.129639
vt 0.250977 0.125244
vt 0.243652 0.112549
vt 0.254150 0.114990
vt 0.243896 0.106445
vt 0.257080 0.112305
vt 0.259277 0.114502
vt 0.246826 0.094238
vt 0.265381 0.103027
vt 0.271484 0.076416
vt 0.266113 0.106934
vt 0.287109 0.057129
vt 0.269287 0.112305
vt 0.272705 0.108398
vt 0.286621 0.102295
vt 0.290527 0.067139
vt 0.277344 0.118164
vt 0.297852 0.074463
vt 0.288818 0.058105
vt 0.306396 0.074463
vt 0.291260 0.048340
vt 0.291016 0.060547
vt 0.292969 0.050049
vt 0.293457 0.039551
vt 0.299072 0.034668
vt 0.305176 0.051514
vt 0.298096 0.038330
vt 0.304443 0.029053
vt 0.323486 0.051758
vt 0.324463 0.057129
vt 0.333252 0.059082
vt 0.319580 0.063232
vt 0.324707 0.061523
vt 0.329102 0.065186
vt 0.319580 0.080078
vt 0.324463 0.084229
vt 0.315674 0.073730
vt 0.309814 0.088623
vt 0.318359 0.102783
vt 0.309326 0.104980
vt 0.305176 0.102539
vt 0.303711 0.107666
vt 0.314697 0.113770
vt 0.318359 0.117920
vt 0.311768 0.121826
vt 0.321289 0.127197
vt 0.312988 0.134277
vt 0.305420 0.115967
vt 0.307861 0.125977
vt 0.297852 0.116211
vt 0.291260 0.105225
vt 0.296631 0.109863
vt 0.276855 0.124268
vt 0.302490 0.131592
vt 0.294922 0.123535
vt 0.308594 0.151123
vt 0.317627 0.166260
vt 0.320557 0.145264
vt 0.300293 0.145020
vt 0.322510 0.167480
vt 0.317627 0.195557
vt 0.323242 0.190186
vt 0.308350 0.168701
vt 0.312012 0.195801
vt 0.315186 0.201660
vt 0.300781 0.165527
vt 0.305908 0.204590
vt 0.305420 0.195557
vt 0.310059 0.210205
vt 0.318359 0.210693
vt 0.300049 0.181641
vt 0.295654 0.170410
vt 0.293213 0.153564
vt 0.291016 0.134521
vt 0.289795 0.172607
vt 0.296631 0.188965
vt 0.282715 0.145996
vt 0.278564 0.132080
vt 0.299561 0.192871
vt 0.298340 0.206299
vt 0.296631 0.200195
vt 0.284424 0.199707
vt 0.301025 0.213135
vt 0.312012 0.217285
vt 0.315918 0.223633
vt 0.323730 0.219727
vt 0.325439 0.229492
vt 0.328613 0.236816
vt 0.297607 0.215576
vt 0.303223 0.220215
vt 0.311279 0.225586
vt 0.319092 0.240234
vt 0.324463 0.252441
vt 0.333252 0.260498
vt 0.293945 0.226562
vt 0.315186 0.250244
vt 0.330322 0.270752
vt 0.333252 0.271729
vt 0.299072 0.238281
vt 0.323975 0.268799
vt 0.326660 0.281006
vt 0.315918 0.260498
vt 0.286377 0.221924
vt 0.288574 0.207764
vt 0.284424 0.190186
vt 0.281738 0.169434
vt 0.276123 0.165039
vt 0.277100 0.142578
vt 0.274658 0.132324
vt 0.269287 0.145264
vt 0.269775 0.162354
vt 0.267822 0.132080
vt 0.265625 0.121826
vt 0.261475 0.128662
vt 0.261475 0.137695
vt 0.186523 0.211182
vt 0.181641 0.216797
vt 0.193359 0.211182
vt 0.197021 0.212891
vt 0.188477 0.215820
vt 0.193848 0.217773
vt 0.193604 0.222412
vt 0.178467 0.222900
vt 0.186279 0.226074
vt 0.187500 0.228516
vt 0.192627 0.242676
vt 0.202393 0.244141
vt 0.199951 0.257568
vt 0.186035 0.261963
vt 0.196777 0.274902
vt 0.189209 0.274170
vt 0.197754 0.275879
vt 0.191162 0.289307
vt 0.200684 0.286621
vt 0.208740 0.270264
vt 0.205566 0.279053
vt 0.249023 0.275879
vt 0.213623 0.294189
vt 0.238525 0.306885
vt 0.207275 0.315186
vt 0.196777 0.303467
vt 0.187988 0.304443
vt 0.189941 0.324219
vt 0.213379 0.343994
vt 0.255615 0.315918
vt 0.254639 0.301514
vt 0.275879 0.330811
vt 0.294678 0.320068
vt 0.280273 0.333740
vt 0.290283 0.340576
vt 0.297363 0.327148
vt 0.302490 0.316406
vt 0.265869 0.290039
vt 0.269287 0.270752
vt 0.291504 0.304688
vt 0.310547 0.292725
vt 0.314453 0.299316
vt 0.314453 0.289551
vt 0.302734 0.292969
vt 0.292969 0.264404
vt 0.289795 0.278076
vt 0.294678 0.285400
vt 0.302246 0.290039
vt 0.292480 0.278564
vt 0.292725 0.271729
vt 0.295898 0.283203
vt 0.294189 0.269775
vt 0.304688 0.289062
vt 0.299316 0.264648
vt 0.301025 0.261719
vt 0.309082 0.264648
vt 0.310791 0.263428
vt 0.321045 0.271729
vt 0.322754 0.891602
vt 0.314209 0.891357
vt 0.318359 0.884766
vt 0.322998 0.880127
vt 0.319824 0.907227
vt 0.315918 0.905762
vt 0.332031 0.886963
vt 0.335205 0.877197
vt 0.325684 0.906982
vt 0.330322 0.900146
vt 0.343262 0.887207
vt 0.342041 0.874756
vt 0.353271 0.885254
vt 0.335938 0.901367
vt 0.345703 0.895508
vt 0.355469 0.899170
vt 0.365723 0.892578
vt 0.347656 0.903809
vt 0.330566 0.912598
vt 0.338379 0.914307
vt 0.353516 0.911865
vt 0.365723 0.906250
vt 0.375977 0.897461
vt 0.378906 0.918213
vt 0.363770 0.918213
vt 0.369141 0.923096
vt 0.375244 0.933838
vt 0.351074 0.920898
vt 0.359863 0.928223
vt 0.347412 0.926758
vt 0.359131 0.938477
vt 0.375488 0.944336
vt 0.356689 0.942871
vt 0.347168 0.932861
vt 0.346680 0.943604
vt 0.338867 0.937012
vt 0.329834 0.919922
vt 0.333252 0.927490
vt 0.336914 0.931396
vt 0.336426 0.936279
vt 0.331299 0.933594
vt 0.333252 0.930908
vt 0.330078 0.932617
vt 0.326660 0.925049
vt 0.314941 0.927002
vt 0.317627 0.930908
vt 0.324219 0.919189
vt 0.320068 0.915527
vt 0.301270 0.930908
vt 0.301025 0.936035
vt 0.308350 0.937256
vt 0.283203 0.944336
vt 0.281738 0.940186
vt 0.282715 0.936279
vt 0.320312 0.911865
vt 0.313232 0.913818
vt 0.318115 0.908203
vt 0.691895 0.234619
vt 0.710938 0.243896
vt 0.677734 0.262451
vt 0.712891 0.238770
vt 0.666504 0.250488
vt 0.724854 0.244141
vt 0.735840 0.253662
vt 0.731934 0.246094
vt 0.728516 0.229736
vt 0.723877 0.226074
vt 0.736572 0.237549
vt 0.741699 0.240479
vt 0.746094 0.217285
vt 0.729736 0.217529
vt 0.738281 0.205322
vt 0.741699 0.201172
vt 0.737549 0.185059
vt 0.726562 0.218994
vt 0.725098 0.216309
vt 0.730713 0.198975
vt 0.726074 0.185547
vt 0.726074 0.208496
vt 0.727295 0.198242
vt 0.723145 0.197754
vt 0.712402 0.212891
vt 0.731445 0.175781
vt 0.695557 0.211914
vt 0.695801 0.202881
vt 0.710693 0.177002
vt 0.697266 0.178711
vt 0.723633 0.174316
vt 0.723389 0.165527
vt 0.681152 0.201660
vt 0.684814 0.190186
vt 0.669922 0.204834
vt 0.670410 0.190430
vt 0.680176 0.182373
vt 0.703857 0.151367
vt 0.687500 0.173340
vt 0.670166 0.174316
vt 0.679443 0.169678
vt 0.681396 0.155029
vt 0.672852 0.155518
vt 0.691162 0.147217
vt 0.681396 0.141846
vt 0.701904 0.145020
vt 0.695312 0.136230
vt 0.708740 0.143066
vt 0.723145 0.156982
vt 0.706787 0.128906
vt 0.686279 0.127197
vt 0.723633 0.143311
vt 0.725586 0.148438
vt 0.728516 0.165771
vt 0.726318 0.138916
vt 0.732422 0.141357
vt 0.725586 0.129395
vt 0.743896 0.164307
vt 0.741211 0.173340
vt 0.737061 0.157471
vt 0.746094 0.143555
vt 0.731201 0.111816
vt 0.738525 0.142090
vt 0.745850 0.123047
vt 0.741699 0.120361
vt 0.736816 0.112061
vt 0.726807 0.108154
vt 0.714111 0.115967
vt 0.710449 0.100586
vt 0.699707 0.114502
vt 0.689209 0.094727
vt 0.679443 0.101562
vt 0.685791 0.119141
vt 0.671875 0.093262
vt 0.674805 0.114502
vt 0.664551 0.099365
vt 0.649170 0.094238
vt 0.645264 0.103027
vt 0.664795 0.105713
vt 0.664062 0.113525
vt 0.644531 0.114502
vt 0.640869 0.110596
vt 0.635498 0.108154
vt 0.664551 0.124023
vt 0.642090 0.132568
vt 0.645996 0.136963
vt 0.672607 0.133057
vt 0.662354 0.150879
vt 0.648682 0.163818
vt 0.666748 0.164062
vt 0.636719 0.133057
vt 0.630615 0.108154
vt 0.654053 0.179688
vt 0.658447 0.188477
vt 0.634033 0.154053
vt 0.640137 0.162109
vt 0.649170 0.171631
vt 0.654297 0.187256
vt 0.658203 0.195068
vt 0.646484 0.182129
vt 0.647217 0.194336
vt 0.651611 0.198975
vt 0.642090 0.176758
vt 0.637451 0.166992
vt 0.631104 0.200439
vt 0.633057 0.202393
vt 0.615479 0.177246
vt 0.620605 0.203613
vt 0.652832 0.211670
vt 0.631104 0.218018
vt 0.666016 0.209961
vt 0.674561 0.224365
vt 0.685791 0.219727
vt 0.680908 0.223389
vt 0.651611 0.238525
vt 0.655273 0.243896
vt 0.644287 0.238525
vt 0.666016 0.254150
vt 0.656250 0.248291
vt 0.675293 0.266602
vt 0.701416 0.289551
vt 0.645020 0.257324
vt 0.651123 0.306885
vt 0.593994 0.195068
vt 0.628906 0.221436
vt 0.618896 0.204590
vt 0.601807 0.191406
vt 0.598633 0.164062
vt 0.610107 0.193848
vt 0.604492 0.172607
vt 0.607178 0.171631
vt 0.611328 0.150635
vt 0.606445 0.150635
vt 0.602295 0.145508
vt 0.599854 0.120361
vt 0.603271 0.123047
vt 0.611084 0.122070
vt 0.974121 0.111816
vt 0.970215 0.112793
vt 0.970459 0.081299
vt 0.955811 0.110352
vt 0.975342 0.079102
vt 0.979980 0.112061
vt 0.991455 0.109375
vt 0.988037 0.087402
vt 0.968506 0.079346
vt 0.961914 0.079346
vt 0.972168 0.075684
vt 0.984375 0.076416
vt 0.987305 0.077637
vt 0.951172 0.079590
vt 0.996582 0.075439
vt 0.998535 0.077881
vt 0.987305 0.075439
vt 0.995117 0.073730
vt 0.986084 0.073975
vt 0.985840 0.066162
vt 0.995117 0.056885
vt 0.993408 0.033936
vt 0.984619 0.067627
vt 0.983643 0.033447
vt 0.996826 0.030029
vt 0.981201 0.032959
vt 0.984619 0.030518
vt 0.998535 0.024170
vt 0.990967 0.017822
vt 0.972656 0.024902
vt 0.986572 0.017090
vt 0.966064 0.034912
vt 0.967773 0.041504
vt 0.966797 0.050781
vt 0.968750 0.075195
vt 0.952637 0.075928
vt 0.961914 0.043213
vt 0.951416 0.040771
vt 0.949463 0.061035
vt 0.949951 0.037109
vt 0.951904 0.031006
vt 0.938721 0.077148
vt 0.936279 0.035645
vt 0.947266 0.079834
vt 0.948975 0.032227
vt 0.950928 0.096924
vt 0.955322 0.111084
vt 0.946289 0.111816
vt 0.938232 0.109863
vt 0.936279 0.080322
vt 0.937500 0.097900
vt 0.920410 0.090088
vt 0.918701 0.109619
vt 0.936035 0.076416
vt 0.921631 0.077393
vt 0.916016 0.101562
vt 0.911377 0.112061
vt 0.901611 0.112305
vt 0.901855 0.103271
vt 0.905273 0.084229
vt 0.916992 0.077637
vt 0.905029 0.081299
vt 0.918945 0.057617
vt 0.905518 0.078125
vt 0.903564 0.080322
vt 0.902100 0.054199
vt 0.915771 0.038818
vt 0.904785 0.034180
vt 0.919434 0.038086
vt 0.910156 0.033447
vt 0.933838 0.032715
vt 0.903809 0.030518
vt 0.919922 0.032959
vt 0.889404 0.020264
vt 0.896973 0.031006
vt 0.903076 0.027344
vt 0.901855 0.024170
vt 0.905762 0.016602
vt 0.911865 0.027344
vt 0.907715 0.023438
vt 0.914307 0.028076
vt 0.913574 0.021484
vt 0.915283 0.022949
vt 0.916504 0.023193
vt 0.925537 0.022461
vt 0.923096 0.010498
vt 0.930176 0.020508
vt 0.942871 0.022217
vt 0.931396 0.006592
vt 0.947998 0.022461
vt 0.944824 0.001709
vt 0.952148 0.025146
vt 0.948730 0.012939
vt 0.954834 0.021240
vt 0.965576 0.020996
vt 0.972900 0.017578
vt 0.964844 0.027588
vt 0.980225 0.007812
vt 0.967041 0.031738
vt 0.553955 0.665527
vt 0.538086 0.664551
vt 0.548828 0.648438
vt 0.541992 0.647705
vt 0.539062 0.651611
vt 0.536621 0.664062
vt 0.523926 0.668457
vt 0.520020 0.644775
vt 0.539551 0.645752
vt 0.532715 0.635986
vt 0.542480 0.645996
vt 0.540771 0.643311
vt 0.557129 0.647949
vt 0.544678 0.641357
vt 0.535889 0.635742
vt 0.541748 0.635742
vt 0.532471 0.629395
vt 0.531738 0.630859
vt 0.537842 0.632080
vt 0.547852 0.635010
vt 0.536377 0.624756
vt 0.542480 0.632324
vt 0.531006 0.624023
vt 0.547852 0.626709
vt 0.552979 0.621094
vt 0.531738 0.613770
vt 0.552734 0.631836
vt 0.561768 0.631104
vt 0.566162 0.621338
vt 0.566650 0.631348
vt 0.555908 0.635254
vt 0.564697 0.636475
vt 0.570801 0.631104
vt 0.555664 0.640381
vt 0.561523 0.639160
vt 0.562012 0.645264
vt 0.570801 0.641602
vt 0.568359 0.643799
vt 0.559570 0.649414
vt 0.571289 0.656738
vt 0.557129 0.649658
vt 0.558350 0.656250
vt 0.562012 0.668457
vt 0.556885 0.665527
vt 0.347656 0.831543
vt 0.199951 0.831543
vt 0.276367 0.789551
vt 0.347168 0.803711
vt 0.222168 0.766846
vt 0.317871 0.771729
vt 0.335205 0.771240
vt 0.317627 0.767578
vt 0.339111 0.766357
vt 0.286133 0.772705
vt 0.258057 0.773926
vt 0.314453 0.769043
vt 0.325684 0.763428
vt 0.245850 0.765869
vt 0.226074 0.760498
vt 0.273193 0.770996
vt 0.287842 0.767578
vt 0.255859 0.764648
vt 0.236328 0.734619
vt 0.214600 0.729980
vt 0.311035 0.766113
vt 0.285889 0.740967
vt 0.254150 0.735352
vt 0.236572 0.728760
vt 0.222168 0.723145
vt 0.315430 0.739746
vt 0.305908 0.739014
vt 0.230469 0.721436
vt 0.228027 0.714844
vt 0.326172 0.740479
vt 0.335205 0.741943
vt 0.333496 0.739502
vt 0.318848 0.737305
vt 0.324951 0.732666
vt 0.316895 0.730469
vt 0.308105 0.730957
vt 0.318604 0.708740
vt 0.308350 0.710205
vt 0.308105 0.698242
vt 0.293457 0.711182
vt 0.286865 0.731934
vt 0.286377 0.738037
vt 0.273193 0.730713
vt 0.281006 0.713867
vt 0.249023 0.730225
vt 0.262939 0.728760
vt 0.243164 0.727539
vt 0.240234 0.713135
vt 0.249268 0.704834
vt 0.236816 0.711426
vt 0.245361 0.696045
vt 0.269043 0.702393
vt 0.255615 0.694824
vt 0.250244 0.688477
vt 0.260498 0.696045
vt 0.281494 0.698975
vt 0.260742 0.682861
vt 0.268799 0.689697
vt 0.283203 0.690430
vt 0.297852 0.685303
vt 0.279297 0.680664
vt 0.284180 0.675049
vt 0.280762 0.674316
vt 0.274170 0.669922
vt 0.263428 0.672363
vt 0.268066 0.665283
vt 0.269043 0.660156
vt 0.274902 0.663330
vt 0.271484 0.656006
vt 0.124756 0.022705
vt 0.121826 0.001465
vt 0.129639 0.024658
vt 0.132812 0.005615
vt 0.130371 0.036133
vt 0.138184 0.021973
vt 0.136719 0.008545
vt 0.154785 0.039551
vt 0.150879 0.002686
vt 0.143066 0.040283
vt 0.158691 0.020020
vt 0.132568 0.041016
vt 0.124023 0.036377
vt 0.121826 0.040039
vt 0.133301 0.046875
vt 0.142090 0.046387
vt 0.140869 0.049072
vt 0.147949 0.050781
vt 0.153564 0.044922
vt 0.162109 0.053223
vt 0.161377 0.047119
vt 0.145996 0.059326
vt 0.161377 0.038574
vt 0.180908 0.009521
vt 0.168457 0.008789
vt 0.172119 0.038818
vt 0.181152 0.023926
vt 0.184814 0.002197
vt 0.173828 0.043213
vt 0.172852 0.038086
vt 0.182861 0.043701
vt 0.184570 0.048584
vt 0.184326 0.055420
vt 0.168457 0.056641
vt 0.186279 0.061523
vt 0.161865 0.058350
vt 0.167969 0.063477
vt 0.179688 0.070312
vt 0.186523 0.067383
vt 0.163574 0.063477
vt 0.165283 0.068604
vt 0.170410 0.074707
vt 0.152344 0.063965
vt 0.158691 0.072021
vt 0.147217 0.064453
vt 0.139648 0.064697
vt 0.148193 0.068848
vt 0.142822 0.071045
vt 0.149658 0.075195
vt 0.141602 0.075195
vt 0.144043 0.080811
vt 0.161865 0.075928
vt 0.156006 0.078613
vt 0.151367 0.085449
vt 0.160400 0.085449
vt 0.161621 0.084717
vt 0.163574 0.100098
vt 0.164307 0.084717
vt 0.167236 0.083008
vt 0.167236 0.101074
vt 0.177979 0.087891
vt 0.172363 0.093506
vt 0.178223 0.096191
vt 0.260742 0.369385
vt 0.259277 0.380859
vt 0.258545 0.379639
vt 0.263184 0.364990
vt 0.271973 0.369385
vt 0.256592 0.364746
vt 0.251465 0.375000
vt 0.260254 0.359375
vt 0.252686 0.347412
vt 0.241455 0.374268
vt 0.258545 0.348145
vt 0.260010 0.348145
vt 0.266846 0.340332
vt 0.252686 0.343750
vt 0.247803 0.343750
vt 0.248779 0.338135
vt 0.242676 0.354004
vt 0.236816 0.353516
vt 0.232178 0.373535
vt 0.268311 0.347412
vt 0.271729 0.342285
vt 0.270996 0.353027
vt 0.272217 0.346680
vt 0.274170 0.366699
vt 0.276855 0.373779
vt 0.280518 0.344482
vt 0.277832 0.338135
vt 0.293457 0.371338
vt 0.290039 0.353271
vt 0.281250 0.343018
vt 0.411377 0.053955
vt 0.406494 0.051514
vt 0.415771 0.046387
vt 0.411133 0.043213
vt 0.403564 0.062012
vt 0.402832 0.047852
vt 0.405273 0.042236
vt 0.398926 0.060059
vt 0.400635 0.039307
vt 0.393555 0.077881
vt 0.396973 0.048340
vt 0.381836 0.081055
vt 0.387939 0.084473
vt 0.395264 0.058105
vt 0.379639 0.076904
vt 0.393799 0.038574
vt 0.391357 0.055176
vt 0.387695 0.059082
vt 0.387695 0.052734
vt 0.369629 0.084961
vt 0.370361 0.090576
vt 0.364502 0.089844
vt 0.366455 0.095703
vt 0.361328 0.097168
vt 0.366211 0.081299
vt 0.375977 0.072998
vt 0.365967 0.076904
vt 0.381592 0.057129
vt 0.372803 0.070068
vt 0.366211 0.071533
vt 0.369385 0.064941
vt 0.382324 0.047363
vt 0.377930 0.055664
vt 0.370850 0.054688
vt 0.364014 0.062500
vt 0.371826 0.048340
vt 0.364746 0.049316
vt 0.384766 0.039795
vt 0.375000 0.041504
vt 0.361328 0.038086
vt 0.390381 0.034912
vt 0.364502 0.032959
vt 0.386475 0.033936
vt 0.388184 0.028809
vt 0.374756 0.036621
vt 0.379883 0.026855
vt 0.379639 0.021484
vt 0.377197 0.031250
vt 0.368408 0.028320
vt 0.368896 0.023682
vt 0.364014 0.022461
vt 0.367432 0.017822
vt 0.375000 0.019287
vt 0.374756 0.012451
vt 0.365479 0.006348
vt 0.372070 0.017090
vt 0.364746 0.007324
vt 0.020752 0.199951
vt 0.028564 0.195557
vt 0.028809 0.201904
vt 0.019775 0.194092
vt 0.002197 0.181641
vt 0.015381 0.180420
vt 0.005127 0.195312
vt 0.006348 0.200439
vt 0.005371 0.207520
vt 0.020996 0.203613
vt 0.009033 0.214111
vt 0.028320 0.209473
vt 0.010498 0.218262
vt 0.020752 0.216064
vt 0.031982 0.222168
vt 0.020996 0.231201
vt 0.012207 0.227051
vt 0.035400 0.241211
vt 0.044678 0.231689
vt 0.017578 0.233154
vt 0.011475 0.229248
vt 0.009033 0.227539
vt 0.022461 0.238281
vt 0.011719 0.240479
vt 0.002197 0.250732
vt 0.004883 0.249756
vt 0.006104 0.255127
vt 0.016602 0.246338
vt 0.007812 0.256348
vt 0.010986 0.256104
vt 0.019043 0.245361
vt 0.028564 0.244141
vt 0.032227 0.244873
vt 0.040039 0.250732
vt 0.041504 0.245117
vt 0.153076 0.123047
vt 0.142822 0.132080
vt 0.149658 0.111816
vt 0.160400 0.114990
vt 0.163086 0.109131
vt 0.153320 0.106201
vt 0.142822 0.093018
vt 0.323486 0.028564
vt 0.327393 0.030518
vt 0.317871 0.037842
vt 0.322754 0.023438
vt 0.340088 0.023682
vt 0.342285 0.025635
vt 0.331543 0.038086
vt 0.345947 0.031006
vt 0.338623 0.038818
vt 0.337158 0.019043
vt 0.327881 0.020020
vt 0.332275 0.016357
vt 0.330078 0.012207
vt 0.320068 0.016846
vt 0.317871 0.017334
vt 0.333984 0.001465
vt 0.336182 0.010010
vt 0.340332 0.004639
vt 0.339111 0.005615
vt 0.097168 0.008545
vt 0.095459 0.015625
vt 0.086426 0.009033
vt 0.096436 0.001953
vt 0.085938 0.001953
vt 0.372070 0.117676
vt 0.373047 0.098877
vt 0.375244 0.114014
vt 0.385010 0.122314
vt 0.380615 0.113037
vt 0.388672 0.107910
vt 0.376953 0.106201
vt 0.381104 0.107178
vt 0.381104 0.099609
vt 0.385742 0.090088
vt 0.382080 0.087402
vt 0.372070 0.095459
vt 0.003174 0.261963
vt 0.014404 0.270752
vt 0.002197 0.264648
vt 0.013916 0.283447
vt 0.022705 0.271484
vt 0.025146 0.270020
vt 0.022217 0.287842
vt 0.018555 0.296387
vt 0.011475 0.290771
vt 0.010498 0.294434
vt 0.002197 0.299316
vt 0.007080 0.290771
vt 0.011719 0.615967
vt 0.007080 0.624268
vt 0.006592 0.612793
vt 0.018555 0.619873
vt 0.019531 0.616699
vt 0.031250 0.622070
vt 0.030273 0.620361
vt 0.015869 0.626953
vt 0.015137 0.629639
vt 0.010010 0.640137
vt 0.003174 0.634766
vt 0.009766 0.649170
vt 0.024414 0.647949
vt 0.024658 0.653320
vt 0.027344 0.646973
vt 0.010010 0.650635
vt 0.025879 0.644287
vt 0.028564 0.636719
vt 0.029297 0.645264
vt 0.031738 0.655029
vt 0.036133 0.648926
vt 0.023682 0.654785
vt 0.031738 0.659424
vt 0.012939 0.663574
vt 0.004150 0.661377
vt 0.011475 0.672119
vt 0.014648 0.671631
vt 0.041992 0.649414
vt 0.038330 0.660400
vt 0.040283 0.661377
vt 0.047363 0.662598
vt 0.047607 0.656738
vt 0.043945 0.653076
vt 0.045898 0.649902
vt 0.050049 0.653809
vt 0.052734 0.641357
vt 0.046387 0.644287
vt 0.045166 0.637695
vt 0.046631 0.642334
vt 0.051025 0.640137
vt 0.051270 0.633301
vt 0.062256 0.617188
vt 0.048584 0.633301
vt 0.046387 0.625977
vt 0.051758 0.612793
vt 0.045410 0.620361
vt 0.042236 0.622314
vt 0.041504 0.629395
vt 0.036377 0.630371
vt 0.040283 0.637695
vt 0.032715 0.633545
vt 0.031738 0.635498
vt 0.039795 0.639404
vt 0.032471 0.638428
vt 0.036865 0.646484
vt 0.390625 0.590576
vt 0.383545 0.581787
vt 0.387939 0.583496
vt 0.384277 0.571533
vt 0.377441 0.571045
vt 0.371826 0.572266
vt 0.374023 0.583496
vt 0.370361 0.586914
vt 0.364258 0.560059
vt 0.364258 0.585205
vt 0.374268 0.565430
vt 0.381348 0.562256
vt 0.384766 0.567139
vt 0.386230 0.572266
vt 0.385742 0.564697
vt 0.386719 0.568115
vt 0.389404 0.564209
s 1
usemtl tripo_mat_325ac52a-0211-4f5c-94fe-bf90d80b8d59
f 383/1 289/2 2037/3
f 289/2 383/1 300/4
f 289/2 300/4 2037/3
f 2037/3 300/4 2068/5
f 296/6 300/4 388/7
f 300/4 296/6 2068/5
f 2037/3 2068/5 2084/8
f 2037/3 2084/8 2052/9
f 2052/9 2084/8 2149/10
f 2084/8 2068/5 2098/11
f 2068/5 296/6 2103/12
f 2068/5 2103/12 2098/11
f 2084/8 2098/11 2150/13
f 2084/8 2150/13 2149/10
f 2150/13 2098/11 2103/12
f 2149/10 2150/13 2484/14
f 2149/10 2484/14 2400/15
f 2484/14 2150/13 2449/16
f 2449/16 2150/13 2103/12
f 2484/14 2449/16 2522/17
f 2484/14 2522/17 2474/18
f 2522/17 2449/16 2468/19
f 2522/17 2468/19 2525/20
f 2522/17 2525/20 2870/21
f 2870/21 2525/20 2801/22
f 2525/20 2468/19 2476/23
f 2476/23 2468/19 2449/16
f 2525/20 2476/23 2801/22
f 2476/23 2449/16 2103/12
f 2801/22 2476/23 2157/24
f 2157/24 2476/23 2103/12
f 2801/22 2157/24 2691/25
f 2691/25 2157/24 70/26
f 2157/24 2103/12 319/27
f 2157/24 319/27 70/26
f 319/27 2103/12 296/6
f 319/27 296/6 408/28
f 408/28 296/6 401/29
f 408/28 401/29 460/30
f 408/28 460/30 818/31
f 408/28 818/31 319/27
f 818/31 460/30 828/32
f 818/31 828/32 864/33
f 818/31 864/33 833/34
f 319/27 818/31 760/35
f 760/35 818/31 833/34
f 319/27 760/35 70/26
f 760/35 833/34 856/36
f 70/26 760/35 684/37
f 684/37 760/35 856/36
f 2052/38 383/39 2037/40
f 2149/41 2400/42 2052/38
f 383/39 2052/38 9/43
f 383/39 9/43 388/44
f 383/39 388/44 300/45
f 9/43 2052/38 2357/46
f 2357/46 2052/38 2400/42
f 388/44 9/43 37/47
f 37/47 9/43 2357/46
f 348/48 296/49 388/44
f 348/48 388/44 403/50
f 348/48 403/50 387/51
f 387/51 403/50 393/52
f 393/52 403/50 332/53
f 332/53 403/50 39/54
f 403/50 388/44 373/55
f 373/55 388/44 37/47
f 39/54 403/50 25/56
f 25/56 403/50 373/55
f 25/56 373/55 37/47
f 39/54 25/56 2047/57
f 25/56 37/47 2054/58
f 2054/58 37/47 2361/59
f 2361/59 37/47 2357/46
f 25/56 2054/58 2363/60
f 2363/60 2054/58 2361/59
f 2047/57 25/56 2375/61
f 2375/61 25/56 2363/60
f 2047/57 2375/61 2339/62
f 2363/60 2361/59 2408/63
f 2408/63 2361/59 2357/46
f 2375/61 2363/60 2403/64
f 2403/64 2363/60 2408/63
f 2339/62 2375/61 2420/65
f 2420/65 2375/61 2403/64
f 2339/62 2420/65 2472/66
f 2472/66 2420/65 2403/64
f 2339/62 2472/66 2897/67
f 2403/64 2408/63 2439/68
f 2403/64 2439/68 2472/66
f 2472/66 2439/68 2762/69
f 2472/66 2762/69 2897/67
f 2439/68 2408/63 2717/70
f 2439/68 2717/70 2762/69
f 2717/70 2408/63 2443/71
f 2443/71 2408/63 2357/46
f 2762/69 2717/70 2738/72
f 2738/72 2717/70 2443/71
f 2762/69 2738/72 2778/73
f 2798/74 2897/67 2762/69
f 2798/74 2762/69 2778/73
f 2897/67 2798/74 3059/75
f 2778/73 2738/72 2865/76
f 2865/76 2738/72 2443/71
f 2778/73 2865/76 2798/74
f 2798/74 2865/76 2801/77
f 2798/74 2801/77 2691/78
f 2801/77 2865/76 2870/79
f 2865/76 2443/71 2474/80
f 2865/76 2474/80 2870/79
f 2474/80 2443/71 2357/46
f 2870/79 2474/80 2522/81
f 2474/80 2357/46 2400/42
f 2474/80 2400/42 2484/82
f 909/83 542/84 565/85
f 542/84 909/83 839/86
f 565/85 542/84 435/87
f 435/87 542/84 839/86
f 435/87 839/86 348/88
f 565/85 435/87 442/89
f 435/87 348/88 387/90
f 435/87 387/90 442/89
f 442/89 387/90 393/91
f 950/92 909/93 565/94
f 909/93 950/92 839/95
f 950/92 565/94 851/96
f 950/92 851/96 839/95
f 839/95 851/96 837/97
f 851/96 565/94 442/98
f 851/96 442/98 332/99
f 332/99 442/98 393/100
f 851/96 332/99 891/101
f 851/96 891/101 1022/102
f 1022/102 891/101 429/103
f 429/103 891/101 332/99
f 429/103 332/99 2166/104
f 2166/104 332/99 2339/105
f 2339/105 332/99 39/106
f 2339/105 39/106 2047/107
f 864/108 828/109 814/110
f 814/110 828/109 401/111
f 401/111 828/109 460/112
f 814/110 401/111 711/113
f 711/113 401/111 454/114
f 454/114 401/111 348/115
f 454/114 348/115 711/113
f 348/115 401/111 296/116
f 711/113 348/115 839/117
f 814/118 833/119 864/120
f 833/119 814/118 711/121
f 833/119 711/121 837/122
f 837/122 711/121 839/123
f 833/119 837/122 1261/124
f 833/119 1261/124 856/125
f 1261/124 837/122 1022/126
f 1022/126 837/122 851/127
f 856/125 1261/124 761/128
f 856/125 761/128 684/129
f 3087/130 3252/131 3284/132
f 3252/131 3087/130 3059/133
f 3252/131 3059/133 3426/134
f 3252/131 3426/134 3284/132
f 3426/134 3059/133 3086/135
f 3426/134 3086/135 2969/136
f 3426/134 2969/136 3284/132
f 3284/132 2969/136 2903/137
f 2897/138 3059/139 3087/140
f 2897/138 3087/140 3284/141
f 2897/138 3284/141 2903/142
f 1328/143 1448/144 1209/145
f 1209/145 1448/144 1022/146
f 1022/146 1448/144 1261/147
f 1209/145 1022/146 961/148
f 1209/145 961/148 1328/143
f 961/148 1022/146 429/149
f 1448/144 1328/143 1497/150
f 1448/144 1497/150 1261/147
f 1328/143 961/148 1090/151
f 1328/143 1090/151 1497/150
f 961/148 429/149 812/152
f 961/148 812/152 1090/151
f 1261/147 1497/150 1174/153
f 1174/153 1497/150 1090/151
f 1174/153 1090/151 812/152
f 1261/147 1174/153 761/154
f 812/152 429/149 27/155
f 761/154 1174/153 585/156
f 761/154 585/156 485/157
f 761/154 485/157 684/158
f 585/156 1174/153 861/159
f 861/159 1174/153 812/152
f 485/157 585/156 725/160
f 725/160 585/156 861/159
f 485/157 725/160 608/161
f 861/159 812/152 1161/162
f 861/159 1161/162 725/160
f 1161/162 812/152 2085/163
f 2085/163 812/152 27/155
f 725/160 1161/162 1216/164
f 1216/164 1161/162 2085/163
f 608/161 725/160 733/165
f 733/165 725/160 1216/164
f 608/161 733/165 651/166
f 608/161 651/166 2081/167
f 2081/167 651/166 535/168
f 535/168 651/166 733/165
f 2081/167 535/168 2521/169
f 2521/169 535/168 2190/170
f 2190/170 535/168 594/171
f 2190/170 594/171 2258/172
f 535/168 733/165 618/173
f 535/168 618/173 594/171
f 618/173 733/165 1070/174
f 1070/174 733/165 1216/164
f 594/171 618/173 1226/175
f 1226/175 618/173 1070/174
f 2258/172 594/171 536/176
f 2258/172 536/176 588/177
f 2258/172 588/177 2280/178
f 536/176 594/171 915/179
f 536/176 915/179 588/177
f 915/179 594/171 1226/175
f 588/177 915/179 670/180
f 670/180 915/179 1160/181
f 1160/181 915/179 1226/175
f 670/180 1160/181 570/182
f 1160/181 1226/175 640/183
f 640/183 1226/175 1070/174
f 570/182 1160/181 458/184
f 458/184 1160/181 640/183
f 570/182 458/184 2117/185
f 640/183 1070/174 2040/186
f 2040/186 1070/174 1216/164
f 458/184 640/183 2043/187
f 2043/187 640/183 2040/186
f 2117/185 458/184 2063/188
f 2063/188 458/184 2043/187
f 2117/185 2063/188 2654/189
f 2654/189 2063/188 3090/190
f 3090/190 2063/188 2043/187
f 3090/190 2043/187 3166/191
f 3166/191 2043/187 2040/186
f 3166/191 2040/186 2992/192
f 2992/192 2040/186 3159/193
f 2044/194 2040/186 1216/164
f 2040/186 2044/194 3159/193
f 2044/194 1216/164 2085/163
f 2044/194 2085/163 2899/195
f 2044/194 2899/195 3159/193
f 2899/195 2085/163 27/155
f 2899/195 27/155 2754/196
f 2899/195 2754/196 2812/197
f 3159/193 2899/195 3093/198
f 3093/198 2899/195 2812/197
f 3159/193 3093/198 2645/199
f 2645/199 3093/198 2812/197
f 3159/193 2645/199 2585/200
f 2645/199 2812/197 2602/201
f 2339/202 2897/203 2166/204
f 2166/204 2897/203 2903/205
f 2166/204 2903/205 2498/206
f 2166/204 2498/206 429/207
f 429/207 2498/206 27/208
f 27/208 2498/206 2754/209
f 2754/209 2498/206 2903/205
f 2754/209 2903/205 2969/210
f 2754/209 2969/210 3086/211
f 2754/209 3086/211 2812/212
f 2743/213 3059/214 2798/215
f 3059/214 2743/213 3086/216
f 3086/216 2743/213 2812/217
f 2743/213 2798/215 2691/218
f 2812/217 2743/213 2602/219
f 2602/219 2743/213 2691/218
f 2602/219 2691/218 8/220
f 2602/219 8/220 2645/221
f 2645/221 8/220 2588/222
f 2588/222 8/220 608/223
f 8/220 2691/218 70/224
f 608/223 8/220 485/225
f 485/225 8/220 70/224
f 485/225 70/224 684/226
f 2645/227 2588/228 2585/229
f 2585/229 2588/228 2081/230
f 2081/230 2588/228 608/231
f 2585/229 2081/230 2521/232
f 2939/233 3159/234 2585/235
f 3159/234 2939/233 2992/236
f 2992/236 2939/233 3166/237
f 2939/233 2585/235 2568/238
f 2568/238 2585/235 2521/239
f 3166/237 2939/233 2616/240
f 2616/240 2939/233 2568/238
f 2616/240 2568/238 2521/239
f 3166/237 2616/240 3090/241
f 2616/240 2521/239 2190/242
f 3090/241 2616/240 2605/243
f 2605/243 2616/240 2190/242
f 2605/243 2190/242 2258/244
f 3090/245 2759/246 2654/247
f 2117/248 2654/247 2061/249
f 2759/246 3090/245 2698/250
f 2698/250 3090/245 2605/251
f 2698/250 2605/251 2280/252
f 2280/252 2605/251 2258/253
f 2759/246 2698/250 2735/254
f 2735/254 2698/250 2280/252
f 2735/254 2280/252 2881/255
f 2759/246 2735/254 2817/256
f 2817/256 2735/254 2881/255
f 2789/257 2654/247 2759/246
f 2789/257 2759/246 2817/256
f 2654/247 2789/257 2749/258
f 2654/247 2749/258 2061/249
f 2061/249 2749/258 2567/259
f 2061/249 2567/259 2112/260
f 2749/258 2789/257 2887/261
f 2749/258 2887/261 2567/259
f 2887/261 2789/257 2819/262
f 2819/262 2789/257 2817/256
f 2567/259 2887/261 2821/263
f 2567/259 2821/263 2112/260
f 2887/261 2819/262 2795/264
f 2887/261 2795/264 2821/263
f 2795/264 2819/262 2571/265
f 2571/265 2819/262 2817/256
f 2795/264 2571/265 2769/266
f 2795/264 2769/266 2821/263
f 2571/265 2817/256 2527/267
f 2571/265 2527/267 2769/266
f 2769/266 2527/267 2817/256
f 2769/266 2817/256 2791/268
f 2769/266 2791/268 2821/263
f 2791/268 2817/256 2881/255
f 2791/268 2881/255 2231/269
f 2231/269 2881/255 2214/270
f 2791/268 2231/269 2287/271
f 2214/270 2881/255 2206/272
f 2206/272 2881/255 2280/252
f 2206/272 2280/252 588/273
f 2206/272 588/273 580/274
f 2206/272 580/274 2214/270
f 2214/270 580/274 678/275
f 2791/268 2287/271 2695/276
f 2791/268 2695/276 2821/263
f 2695/276 2287/271 2601/277
f 2601/277 2287/271 2338/278
f 2601/277 2338/278 2348/279
f 2601/277 2348/279 2839/280
f 2839/280 2348/279 2360/281
f 2839/280 2360/281 2693/282
f 2821/263 2695/276 2665/283
f 2821/263 2665/283 2112/260
f 2695/276 2601/277 2777/284
f 2112/260 2665/283 2132/285
f 2665/283 2695/276 2716/286
f 2695/276 2777/284 2814/287
f 2695/276 2814/287 2716/286
f 2777/284 2601/277 2810/288
f 2810/288 2601/277 2839/280
f 2777/284 2810/288 2814/287
f 2810/288 2839/280 2742/289
f 2742/289 2839/280 2747/290
f 2814/287 2810/288 2737/291
f 2737/291 2810/288 2742/289
f 2722/292 2716/286 2814/287
f 2716/286 2722/292 2665/283
f 2722/292 2814/287 2720/293
f 2720/293 2814/287 2737/291
f 2665/283 2722/292 2668/294
f 2668/294 2722/292 2720/293
f 2665/283 2668/294 2132/285
f 2668/294 2720/293 2653/295
f 2669/296 2737/291 2742/289
f 2669/296 2742/289 2747/290
f 2720/293 2737/291 2670/297
f 2720/293 2670/297 2653/295
f 2737/291 2669/296 2679/298
f 2737/291 2679/298 2670/297
f 2669/296 2747/290 2394/299
f 2669/296 2394/299 2679/298
f 2394/299 2747/290 2128/300
f 2172/301 2668/294 2653/295
f 2172/301 2653/295 2670/297
f 2172/301 2670/297 2679/298
f 2668/294 2172/301 2132/285
f 2394/299 2128/300 2114/302
f 2394/299 2114/302 2679/298
f 2114/302 2128/300 184/303
f 2679/298 2114/302 2129/304
f 2679/298 2129/304 2172/301
f 2129/304 2114/302 184/303
f 2132/285 2172/301 2062/305
f 2132/285 2062/305 347/306
f 347/306 2062/305 334/307
f 334/307 2062/305 367/308
f 367/308 2062/305 2172/301
f 367/308 2172/301 2129/304
f 367/308 2129/304 184/303
f 367/308 184/303 369/309
f 369/309 184/303 399/310
f 367/308 369/309 433/311
f 433/311 369/309 399/310
f 630/312 673/313 670/314
f 630/312 670/314 570/315
f 670/314 673/313 588/316
f 630/312 570/315 2061/317
f 2061/317 570/315 2117/318
f 630/312 2061/317 712/319
f 630/312 712/319 673/313
f 588/316 673/313 580/320
f 712/319 2061/317 2112/321
f 580/320 673/313 577/322
f 712/319 2112/321 378/323
f 378/323 2112/321 2132/324
f 378/323 2132/324 347/325
f 712/319 378/323 593/326
f 593/326 378/323 347/325
f 638/327 673/313 712/319
f 673/313 638/327 577/322
f 638/327 712/319 593/326
f 678/328 580/320 577/322
f 2231/329 2214/330 678/328
f 2231/329 678/328 539/331
f 2231/329 539/331 2287/332
f 678/328 577/322 650/333
f 678/328 650/333 539/331
f 650/333 577/322 461/334
f 650/333 461/334 539/331
f 461/334 577/322 179/335
f 179/335 577/322 208/336
f 179/335 208/336 461/334
f 208/336 577/322 638/327
f 461/334 208/336 526/337
f 526/337 208/336 638/327
f 461/334 526/337 539/331
f 526/337 638/327 593/326
f 526/337 593/326 539/331
f 539/331 593/326 374/338
f 539/331 374/338 2287/332
f 374/338 593/326 409/339
f 409/339 593/326 347/325
f 409/339 347/325 404/340
f 409/339 404/340 374/338
f 404/340 347/325 334/341
f 404/340 334/341 367/342
f 374/338 404/340 350/343
f 65/344 2287/332 374/338
f 65/344 374/338 350/343
f 2287/332 65/344 2338/345
f 2338/345 65/344 2348/346
f 404/340 367/342 365/347
f 404/340 365/347 350/343
f 350/343 365/347 65/344
f 365/347 367/342 433/348
f 365/347 433/348 333/349
f 65/344 365/347 245/350
f 65/344 245/350 2348/346
f 245/350 365/347 333/349
f 2348/346 245/350 2360/351
f 2360/351 245/350 333/349
f 2360/351 333/349 2366/352
f 1814/353 1428/354 1827/355
f 1428/354 1814/353 1792/356
f 1827/355 1428/354 1010/357
f 1428/354 1792/356 1498/358
f 1814/353 1827/355 1944/359
f 1498/358 1792/356 1754/360
f 1498/358 1754/360 1294/361
f 1792/356 1814/353 1926/362
f 1926/362 1814/353 1944/359
f 1294/361 1754/360 1574/363
f 1754/360 1792/356 1837/364
f 1754/360 1837/364 1574/363
f 1294/361 1574/363 1432/365
f 1432/365 1574/363 1837/364
f 1294/361 1432/365 1390/366
f 1294/361 1390/366 1196/367
f 1952/368 1792/356 1926/362
f 1792/356 1952/368 1837/364
f 1432/365 1837/364 1660/369
f 1390/366 1432/365 1459/370
f 1459/370 1432/365 1660/369
f 1390/366 1459/370 1442/371
f 1390/366 1442/371 1279/372
f 1279/372 1442/371 1271/373
f 1442/371 1459/370 1536/374
f 1536/374 1459/370 1660/369
f 1271/373 1442/371 1568/375
f 1568/375 1442/371 1536/374
f 1271/373 1568/375 1407/376
f 1407/376 1568/375 1680/377
f 1407/376 1680/377 1526/378
f 1680/377 1568/375 1633/379
f 1633/379 1568/375 1536/374
f 1680/377 1633/379 1704/380
f 1633/379 1536/374 1657/381
f 1633/379 1657/381 1704/380
f 1657/381 1536/374 1660/369
f 1704/380 1657/381 1809/382
f 1809/382 1657/381 1908/383
f 1908/383 1657/381 1660/369
f 1908/383 1660/369 1940/384
f 1908/383 1940/384 1975/385
f 1940/384 1660/369 1837/364
f 1975/385 1940/384 1974/386
f 1940/384 1837/364 1925/387
f 1940/384 1925/387 1974/386
f 1925/387 1837/364 1952/368
f 1925/387 1952/368 1974/386
f 1974/386 1952/368 1988/388
f 1988/388 1952/368 2016/389
f 2016/389 1952/368 1971/390
f 1971/390 1952/368 1926/362
f 2016/389 1971/390 1987/391
f 2016/389 1987/391 2022/392
f 1971/390 1926/362 1978/393
f 1971/390 1978/393 1987/391
f 1978/393 1926/362 1944/359
f 2022/392 1987/391 1991/394
f 1991/394 1987/391 1978/393
f 2022/392 1991/394 2035/395
f 2035/395 1991/394 2033/396
f 1991/394 1978/393 1984/397
f 1991/394 1984/397 2033/396
f 1978/393 1944/359 1948/398
f 1978/393 1948/398 1984/397
f 2033/396 1984/397 1983/399
f 1983/399 1984/397 1948/398
f 2033/396 1983/399 2028/400
f 2033/396 2028/400 2032/401
f 2032/401 2028/400 2021/402
f 2021/402 2028/400 1983/399
f 2032/401 2021/402 2027/403
f 1829/404 1948/398 1944/359
f 1829/404 1944/359 1827/355
f 1904/405 1983/399 1948/398
f 1904/405 1948/398 1829/404
f 1829/404 1827/355 1010/357
f 1904/405 1829/404 1834/406
f 1834/406 1829/404 1010/357
f 1983/399 1904/405 1953/407
f 1953/407 1904/405 1834/406
f 1953/407 1834/406 1010/357
f 1983/399 1953/407 2021/402
f 2013/408 2027/403 2021/402
f 2013/408 2021/402 1953/407
f 2027/403 2013/408 2025/409
f 2025/409 2013/408 2010/410
f 2025/409 2010/410 2015/411
f 2010/410 2013/408 1943/412
f 1943/412 2013/408 2051/413
f 2051/413 2013/408 1953/407
s 0
f 2051/413 1953/407 952/414
s 1
f 952/414 1953/407 1010/357
f 2051/413 952/414 3402/415
f 952/414 1010/357 530/416
f 952/414 530/416 3402/415
f 1010/417 1428/418 977/419
f 1010/417 977/419 528/420
f 1010/417 528/420 530/421
f 977/419 1428/418 1019/422
f 1019/422 1428/418 981/423
f 981/423 1428/418 1498/424
f 981/423 1498/424 1294/425
f 981/423 1294/425 1196/426
f 528/420 977/419 260/427
f 260/427 977/419 1019/422
f 1019/422 981/423 629/428
f 1019/422 629/428 260/427
f 981/423 1196/426 860/429
f 981/423 860/429 629/428
f 1279/430 1196/426 1390/431
f 1196/426 1279/430 1200/432
f 860/429 1196/426 948/433
f 948/433 1196/426 1200/432
f 1200/432 1279/430 1120/434
f 1120/434 1279/430 1271/435
f 948/433 1200/432 1006/436
f 1006/436 1200/432 1120/434
f 860/429 948/433 691/437
f 691/437 948/433 1006/436
f 860/429 691/437 629/428
f 1120/434 1271/435 1099/438
f 1120/434 1099/438 1006/436
f 1099/438 1271/435 1235/439
f 1235/439 1271/435 1407/440
f 1006/436 1099/438 898/441
f 1006/436 898/441 691/437
f 1099/438 1235/439 1021/442
f 1099/438 1021/442 898/441
f 1235/439 1407/440 1402/443
f 1402/443 1407/440 1526/444
f 691/437 898/441 677/445
f 691/437 677/445 629/428
f 677/445 898/441 1021/442
f 1235/439 1402/443 1222/446
f 1235/439 1222/446 1021/442
f 1222/446 1402/443 1255/447
f 1255/447 1402/443 1352/448
f 1255/447 1352/448 1288/449
f 1222/446 1255/447 1067/450
f 1222/446 1067/450 1021/442
f 1067/450 1255/447 1100/451
f 1100/451 1255/447 1288/449
f 1021/442 1067/450 918/452
f 918/452 1067/450 1100/451
f 710/453 677/445 1021/442
f 710/453 1021/442 918/452
f 677/445 710/453 452/454
f 677/445 452/454 629/428
f 629/428 452/454 371/455
f 452/454 710/453 525/456
f 452/454 525/456 371/455
f 710/453 918/452 782/457
f 710/453 782/457 525/456
f 629/428 371/455 260/427
f 782/457 918/452 929/458
f 1012/459 918/452 1100/451
f 918/452 1012/459 929/458
f 1012/459 1100/451 1148/460
f 1148/460 1100/451 1288/449
f 929/458 1012/459 913/461
f 913/461 1012/459 1148/460
f 782/457 929/458 553/462
f 929/458 913/461 623/463
f 929/458 623/463 553/462
f 913/461 1148/460 1024/464
f 1148/460 1288/449 1241/465
f 1148/460 1241/465 1024/464
f 1241/465 1288/449 1154/466
f 1024/464 1241/465 1001/467
f 1001/467 1241/465 1154/466
f 913/461 1024/464 836/468
f 836/468 1024/464 1001/467
f 913/461 836/468 748/469
f 913/461 748/469 623/463
f 1154/466 1288/449 1195/470
f 1195/470 1288/449 1230/471
f 1001/467 1154/466 1051/472
f 1195/470 1230/471 1336/473
f 1336/473 1230/471 1344/474
f 1154/466 1195/470 1346/475
f 1154/466 1346/475 1051/472
f 1195/470 1336/473 1362/476
f 1195/470 1362/476 1346/475
f 1336/473 1344/474 1489/477
f 1336/473 1489/477 1362/476
f 1489/477 1344/474 1419/478
f 1489/477 1419/478 1399/479
f 1489/477 1399/479 1456/480
f 1362/476 1489/477 1401/481
f 1401/481 1489/477 1456/480
f 1456/480 1399/479 1316/482
f 1456/480 1316/482 1401/481
f 1316/482 1399/479 1308/483
f 1308/483 1399/479 1295/484
f 1308/483 1295/484 1163/485
f 1308/483 1163/485 1316/482
f 1163/485 1295/484 1192/486
f 1163/485 1192/486 1091/487
f 1351/488 1362/476 1401/481
f 1163/485 1091/487 912/489
f 912/489 1091/487 676/490
f 1316/482 1163/485 1095/491
f 1095/491 1163/485 912/489
f 1149/492 1401/481 1316/482
f 1149/492 1316/482 1095/491
f 1401/481 1149/492 1351/488
f 912/489 676/490 908/493
f 912/489 908/493 1095/491
f 908/493 676/490 704/494
f 1095/491 908/493 885/495
f 1095/491 885/495 1149/492
f 885/495 908/493 704/494
f 1362/476 1351/488 1346/475
f 1149/492 885/495 1156/496
f 1149/492 1156/496 1351/488
f 885/495 704/494 872/497
f 1351/488 1156/496 1365/498
f 1351/488 1365/498 1346/475
f 1156/496 885/495 994/499
f 994/499 885/495 872/497
f 1365/498 1156/496 1240/500
f 1240/500 1156/496 994/499
f 1346/475 1365/498 1266/501
f 1266/501 1365/498 1240/500
f 1346/475 1266/501 1191/502
f 1346/475 1191/502 1051/472
f 1266/501 1240/500 1114/503
f 1114/503 1240/500 994/499
f 1191/502 1266/501 1056/504
f 1191/502 1056/504 1051/472
f 1056/504 1266/501 1114/503
f 1114/503 994/499 979/505
f 979/505 994/499 872/497
f 1114/503 979/505 1052/506
f 1114/503 1052/506 1056/504
f 1052/506 979/505 947/507
f 947/507 979/505 872/497
f 1056/504 1052/506 960/508
f 1052/506 947/507 923/509
f 1052/506 923/509 960/508
f 947/507 872/497 1009/510
f 1056/504 960/508 784/511
f 960/508 923/509 943/512
f 960/508 943/512 784/511
f 923/509 947/507 1025/513
f 1025/513 947/507 1009/510
f 923/509 1025/513 1092/514
f 923/509 1092/514 943/512
f 1092/514 1025/513 1066/515
f 943/512 1092/514 1094/516
f 1094/516 1092/514 1066/515
f 1025/513 1009/510 862/517
f 1025/513 862/517 1066/515
f 862/517 1009/510 819/518
f 1066/515 862/517 775/519
f 775/519 862/517 819/518
f 819/518 1009/510 892/520
f 892/520 1009/510 872/497
f 892/520 872/497 607/521
f 607/521 872/497 704/494
f 607/521 704/494 386/522
f 607/521 386/522 516/523
f 607/521 516/523 892/520
f 892/520 516/523 819/518
f 819/518 516/523 437/524
f 819/518 437/524 775/519
f 437/524 516/523 211/525
f 437/524 211/525 356/526
f 775/519 437/524 656/527
f 656/527 437/524 356/526
f 356/526 211/525 407/528
f 356/526 407/528 656/527
f 407/528 211/525 362/529
f 362/529 211/525 2495/530
f 775/519 656/527 795/531
f 775/519 795/531 1066/515
f 656/527 407/528 696/532
f 656/527 696/532 795/531
f 696/532 407/528 551/533
f 551/533 407/528 362/529
f 3045/534 3152/535 2495/530
f 2495/530 3152/535 2393/536
f 2495/530 2393/536 362/529
f 2393/536 3152/535 2836/537
f 2393/536 2836/537 2503/538
f 2393/536 2503/538 2273/539
f 2393/536 2273/539 397/540
f 2393/536 397/540 362/529
f 397/540 2273/539 398/541
f 362/529 397/540 561/542
f 561/542 397/540 398/541
f 362/529 561/542 551/533
f 561/542 398/541 531/543
f 561/542 531/543 747/544
f 551/533 561/542 624/545
f 624/545 561/542 747/544
f 551/533 624/545 732/546
f 551/533 732/546 696/532
f 696/532 732/546 821/547
f 732/546 624/545 847/548
f 732/546 847/548 821/547
f 847/548 624/545 752/549
f 752/549 624/545 747/544
f 847/548 752/549 940/550
f 940/550 752/549 747/544
f 847/548 940/550 1005/551
f 847/548 1005/551 821/547
f 696/532 821/547 795/531
f 1005/551 940/550 1125/552
f 940/550 747/544 1059/553
f 940/550 1059/553 1125/552
f 1005/551 1125/552 1068/554
f 1005/551 1068/554 821/547
f 1068/554 1125/552 1225/555
f 1225/555 1125/552 1059/553
f 821/547 1068/554 968/556
f 821/547 968/556 795/531
f 1068/554 1225/555 1153/557
f 1068/554 1153/557 968/556
f 968/556 1153/557 1008/558
f 968/556 1008/558 795/531
f 1153/557 1225/555 1270/559
f 1008/558 1153/557 1042/560
f 1042/560 1153/557 1270/559
f 1270/559 1225/555 1243/561
f 1243/561 1225/555 1059/553
f 795/531 1008/558 842/562
f 842/562 1008/558 1042/560
f 795/531 842/562 756/563
f 756/563 842/562 848/564
f 795/531 756/563 853/565
f 853/565 756/563 848/564
f 848/564 842/562 905/566
f 905/566 842/562 1042/560
f 848/564 905/566 708/567
f 708/567 905/566 1042/560
f 795/531 853/565 1027/568
f 795/531 1027/568 1066/515
f 1066/515 1027/568 1094/516
f 1027/568 853/565 830/569
f 830/569 853/565 848/564
f 830/569 848/564 717/570
f 717/570 848/564 708/567
f 830/569 717/570 778/571
f 778/571 717/570 708/567
f 1027/568 830/569 959/572
f 1027/568 959/572 1094/516
f 959/572 830/569 778/571
f 1094/516 959/572 906/573
f 959/572 778/571 841/574
f 959/572 841/574 906/573
f 778/571 708/567 754/575
f 841/574 778/571 598/576
f 598/576 778/571 754/575
f 754/575 708/567 901/577
f 901/577 708/567 1083/578
f 1083/578 708/567 1042/560
f 754/575 901/577 763/579
f 1083/578 1042/560 1176/580
f 1176/580 1042/560 1270/559
f 901/577 1083/578 1062/581
f 1062/581 1083/578 1176/580
f 901/577 1062/581 763/579
f 1176/580 1270/559 1297/582
f 1062/581 1176/580 1077/583
f 1077/583 1176/580 1297/582
f 1297/582 1270/559 1243/561
f 1062/581 1077/583 931/584
f 1062/581 931/584 763/579
f 1077/583 1297/582 1076/585
f 763/579 931/584 694/586
f 1076/585 1297/582 1121/587
f 1121/587 1297/582 1243/561
f 931/584 1077/583 989/588
f 694/586 931/584 723/589
f 723/589 931/584 989/588
f 989/588 1077/583 1093/590
f 1093/590 1077/583 1076/585
f 723/589 989/588 890/591
f 890/591 989/588 1093/590
f 694/586 723/589 583/592
f 723/589 890/591 703/593
f 723/589 703/593 583/592
f 703/593 890/591 849/594
f 890/591 1093/590 982/595
f 890/591 982/595 849/594
f 982/595 1093/590 1076/585
f 703/593 849/594 794/596
f 794/596 849/594 982/595
f 703/593 794/596 558/597
f 703/593 558/597 583/592
f 794/596 982/595 797/598
f 797/598 982/595 1076/585
f 558/597 794/596 652/599
f 652/599 794/596 797/598
f 797/598 1076/585 1035/600
f 1035/600 1076/585 1121/587
f 797/598 1035/600 715/601
f 715/601 1035/600 1121/587
f 652/599 797/598 625/602
f 625/602 797/598 715/601
f 558/597 652/599 555/603
f 555/603 652/599 625/602
f 715/601 1121/587 831/604
f 715/601 831/604 741/605
f 715/601 741/605 658/606
f 715/601 658/606 625/602
f 625/602 658/606 647/607
f 625/602 647/607 555/603
f 831/604 1121/587 941/608
f 831/604 941/608 983/609
f 941/608 1121/587 1243/561
f 983/609 941/608 1043/610
f 555/603 647/607 467/611
f 467/611 647/607 512/612
f 467/611 512/612 75/613
f 467/611 75/613 2048/614
f 2048/614 75/613 2418/615
f 2048/614 2418/615 2808/616
f 2048/614 2808/616 2453/617
f 2048/614 2453/617 2164/618
f 467/611 2048/614 468/619
f 468/619 2048/614 2164/618
f 467/611 468/619 555/603
f 2164/618 2453/617 366/620
f 2164/618 366/620 468/619
f 468/619 366/620 555/603
f 555/603 366/620 558/597
f 366/620 2453/617 2454/621
f 558/597 366/620 583/592
f 366/620 2454/621 310/622
f 366/620 310/622 583/592
f 310/622 2454/621 205/623
f 205/623 2454/621 2480/624
f 583/592 310/622 497/625
f 497/625 310/622 205/623
f 583/592 497/625 646/626
f 583/592 646/626 694/586
f 694/586 646/626 763/579
f 646/626 497/625 447/627
f 763/579 646/626 662/628
f 662/628 646/626 447/627
f 763/579 662/628 754/575
f 754/575 662/628 598/576
f 598/576 662/628 447/627
f 447/627 497/625 328/629
f 328/629 497/625 205/623
f 598/576 447/627 657/630
f 598/576 657/630 841/574
f 447/627 328/629 335/631
f 447/627 335/631 657/630
f 841/574 657/630 489/632
f 489/632 657/630 335/631
f 841/574 489/632 906/573
f 328/629 205/623 227/633
f 328/629 227/633 335/631
f 489/632 335/631 363/634
f 363/634 335/631 227/633
f 906/573 489/632 605/635
f 605/635 489/632 363/634
f 227/633 205/623 67/636
f 227/633 67/636 363/634
f 67/636 205/623 2480/624
f 605/635 363/634 532/637
f 906/573 605/635 628/638
f 628/638 605/635 532/637
f 532/637 363/634 410/639
f 410/639 363/634 67/636
f 532/637 410/639 571/640
f 532/637 571/640 628/638
f 906/573 628/638 928/641
f 906/573 928/641 1094/516
f 1094/516 928/641 943/512
f 943/512 928/641 822/642
f 822/642 928/641 628/638
f 943/512 822/642 784/511
f 822/642 628/638 666/643
f 822/642 666/643 784/511
f 666/643 628/638 571/640
f 666/643 571/640 527/644
f 527/644 571/640 410/639
f 784/511 666/643 724/645
f 724/645 666/643 527/644
f 784/511 724/645 834/646
f 784/511 834/646 1056/504
f 1056/504 834/646 1051/472
f 1051/472 834/646 921/647
f 1051/472 921/647 1001/467
f 1001/467 921/647 836/468
f 921/647 834/646 790/648
f 921/647 790/648 836/468
f 790/648 834/646 724/645
f 836/468 790/648 748/469
f 748/469 790/648 724/645
f 748/469 724/645 527/644
f 748/469 527/644 575/649
f 748/469 575/649 623/463
f 575/649 527/644 295/650
f 575/649 295/650 623/463
f 295/650 527/644 183/651
f 183/651 527/644 410/639
f 183/651 410/639 67/636
f 295/650 183/651 26/652
f 26/652 183/651 67/636
f 623/463 295/650 172/653
f 172/653 295/650 26/652
f 623/463 172/653 553/462
f 26/652 67/636 2543/654
f 2543/654 67/636 2480/624
f 2543/654 2480/624 3051/655
f 172/653 26/652 2178/656
f 172/653 2178/656 553/462
f 26/652 2543/654 2530/657
f 26/652 2530/657 2178/656
f 2543/654 3051/655 2846/658
f 2543/654 2846/658 2530/657
f 2846/658 3051/655 3092/659
f 2846/658 3092/659 3111/660
f 2846/658 3111/660 2942/661
f 2846/658 2942/661 2530/657
f 2942/661 3111/660 3125/662
f 2502/663 2178/656 2530/657
f 2502/663 2530/657 2942/661
f 2502/663 2942/661 2630/664
f 2942/661 3125/662 2854/665
f 2854/665 3125/662 3199/666
f 2854/665 3199/666 3272/667
f 2942/661 2854/665 2600/668
f 2942/661 2600/668 2630/664
f 2502/663 2630/664 2313/669
f 2313/669 2630/664 2600/668
f 2502/663 2313/669 2178/656
f 2854/665 3272/667 2688/670
f 2688/670 3272/667 3326/671
f 2600/668 2854/665 2202/672
f 2202/672 2854/665 2688/670
f 2688/670 3326/671 2319/673
f 2319/673 3326/671 3316/674
f 2202/672 2688/670 2188/675
f 2188/675 2688/670 2319/673
f 2600/668 2202/672 2238/676
f 2600/668 2238/676 2313/669
f 2188/675 2319/673 260/427
f 2202/672 2188/675 371/455
f 371/455 2188/675 260/427
f 2238/676 2202/672 2195/677
f 2195/677 2202/672 371/455
f 2313/669 2238/676 2284/678
f 2284/678 2238/676 2195/677
f 2313/669 2284/678 2250/679
f 91/680 260/427 2319/673
f 260/427 91/680 528/420
f 528/420 91/680 530/421
f 91/680 2319/673 2536/681
f 2536/681 2319/673 3316/674
f 530/421 91/680 30/682
f 30/682 91/680 2536/681
f 530/421 30/682 3402/683
f 2536/681 3316/674 2871/684
f 2536/681 2871/684 30/682
f 30/682 2871/684 3402/683
f 2871/684 3316/674 3305/685
f 2871/684 3305/685 3402/683
f 2123/686 2313/669 2250/679
f 2313/669 2123/686 2178/656
f 2123/686 2250/679 2243/687
f 2243/687 2250/679 2284/678
f 2243/687 2284/678 2195/677
f 2178/656 2123/686 134/688
f 2178/656 134/688 553/462
f 2123/686 2243/687 341/689
f 2123/686 341/689 134/688
f 2243/687 2195/677 445/690
f 2243/687 445/690 341/689
f 445/690 2195/677 371/455
f 445/690 371/455 525/456
f 553/462 134/688 364/691
f 364/691 134/688 341/689
f 341/689 445/690 503/692
f 503/692 445/690 525/456
f 341/689 503/692 364/691
f 364/691 503/692 553/462
f 503/692 525/456 782/457
f 503/692 782/457 553/462
f 2454/693 2453/694 2690/695
f 2690/695 2453/694 2838/696
f 2454/693 2690/695 2796/697
f 2796/697 2690/695 3141/698
f 2454/693 2796/697 2480/699
f 2796/697 3141/698 3142/700
f 2480/699 2796/697 2818/701
f 2818/701 2796/697 3142/700
f 2480/699 2818/701 3051/702
f 3051/702 2818/701 3032/703
f 3032/703 2818/701 3142/700
f 3051/702 3032/703 3169/704
f 3051/702 3169/704 3092/705
f 3032/703 3142/700 3145/706
f 3032/703 3145/706 3169/704
f 3207/707 3320/708 3142/700
f 3142/700 3320/708 3519/709
f 3145/706 3142/700 3349/710
f 3349/710 3142/700 3519/709
f 3145/706 3349/710 3169/704
f 3349/710 3519/709 3399/711
f 3349/710 3399/711 3295/712
f 3169/704 3349/710 3362/713
f 3349/710 3295/712 3183/714
f 3349/710 3183/714 3362/713
f 3183/714 3295/712 3045/715
f 3045/715 3295/712 3152/716
f 3183/714 3045/715 3038/717
f 3169/704 3362/713 3329/718
f 3169/704 3329/718 3092/705
f 3362/713 3183/714 3147/719
f 3147/719 3183/714 3038/717
f 3329/718 3362/713 3395/720
f 3362/713 3147/719 3196/721
f 3362/713 3196/721 3395/720
f 3329/718 3395/720 3465/722
f 3465/722 3395/720 3196/721
f 3227/723 3092/705 3329/718
f 3227/723 3329/718 3465/722
f 3092/705 3227/723 3111/724
f 3111/724 3227/723 3125/725
f 3125/725 3227/723 3322/726
f 3322/726 3227/723 3465/722
f 3125/725 3322/726 3199/727
f 3199/727 3322/726 3272/728
f 3322/726 3465/722 3539/729
f 3272/728 3322/726 3523/730
f 3523/730 3322/726 3539/729
f 3272/728 3523/730 3471/731
f 3272/728 3471/731 3326/732
f 3523/730 3539/729 3606/733
f 3471/731 3523/730 3630/734
f 3630/734 3523/730 3606/733
f 3606/733 3539/729 3480/735
f 3606/733 3480/735 3630/734
f 3332/736 3539/729 3465/722
f 3539/729 3332/736 3480/735
f 3438/737 3326/732 3471/731
f 3326/732 3438/737 3316/738
f 3316/738 3438/737 3305/739
f 3305/739 3438/737 3402/740
f 3438/737 3471/731 3558/741
f 3438/737 3558/741 3402/740
f 3558/741 3471/731 3630/734
f 3402/740 3558/741 3593/742
f 3402/740 3593/742 3423/743
f 3558/741 3630/734 3618/744
f 3558/741 3618/744 3593/742
f 3618/744 3630/734 3501/745
f 3501/745 3630/734 3480/735
f 3593/742 3618/744 3502/746
f 3502/746 3618/744 3501/745
f 3593/742 3502/746 3423/743
f 3501/745 3480/735 3221/747
f 3502/746 3501/745 3325/748
f 3502/746 3325/748 3423/743
f 3325/748 3501/745 3276/749
f 3276/749 3501/745 3221/747
f 3423/743 3325/748 3245/750
f 3245/750 3325/748 3276/749
f 2051/751 3402/740 3423/743
f 3332/736 3221/747 3480/735
f 2051/751 3423/743 2247/752
f 2247/752 3423/743 3245/750
f 3245/750 3276/749 3249/753
f 3249/753 3276/749 3221/747
f 2247/752 3245/750 2323/754
f 3245/750 3249/753 2740/755
f 3245/750 2740/755 2323/754
f 2323/754 2740/755 2333/756
f 2740/755 3249/753 2318/757
f 2740/755 2318/757 2333/756
f 3249/753 3221/747 3012/758
f 3249/753 3012/758 2318/757
f 2323/754 2333/756 469/759
f 2323/754 469/759 2247/752
f 469/759 2333/756 2318/757
f 3012/758 3221/747 3140/760
f 3140/760 3221/747 3332/736
f 3012/758 3140/760 2350/761
f 3012/758 2350/761 2318/757
f 3140/760 3332/736 3099/762
f 3140/760 3099/762 2350/761
f 3099/762 3332/736 3289/763
f 3289/763 3332/736 3465/722
f 3289/763 3465/722 3196/721
f 3099/762 3289/763 3080/764
f 3289/763 3196/721 3123/765
f 3289/763 3123/765 3080/764
f 3123/765 3196/721 3109/766
f 3080/764 3123/765 3052/767
f 3052/767 3123/765 3109/766
f 3109/766 3196/721 3156/768
f 3156/768 3196/721 3147/719
f 3156/768 3147/719 3072/769
f 3156/768 3072/769 3109/766
f 3072/769 3147/719 3038/717
f 3109/766 3072/769 2858/770
f 2858/770 3072/769 3038/717
f 3052/767 3109/766 2863/771
f 2863/771 3109/766 2858/770
f 2858/770 3038/717 2482/772
f 2482/772 3038/717 3045/715
f 2482/772 3045/715 2495/773
f 2858/770 2482/772 2619/774
f 2858/770 2619/774 2863/771
f 2619/774 2482/772 2330/775
f 2619/774 2330/775 2863/771
f 2482/772 2495/773 102/776
f 102/776 2495/773 211/777
f 102/776 211/777 386/778
f 386/778 211/777 516/779
f 2482/772 102/776 212/780
f 212/780 102/776 386/778
f 2482/772 212/780 2330/775
f 212/780 386/778 704/781
f 212/780 704/781 676/782
f 2330/775 212/780 320/783
f 320/783 212/780 676/782
f 2512/784 2863/771 2330/775
f 320/783 676/782 1061/785
f 1061/785 676/782 1091/786
f 2863/771 2512/784 2828/787
f 2863/771 2828/787 3052/767
f 3052/767 2828/787 2895/788
f 2895/788 2828/787 2512/784
f 3052/767 2895/788 3080/764
f 3080/764 2895/788 3031/789
f 3031/789 2895/788 2512/784
f 3080/764 3031/789 3099/762
f 3099/762 3031/789 2369/790
f 2369/790 3031/789 2512/784
f 3099/762 2369/790 2350/761
f 2310/791 2512/784 2330/775
f 2512/784 2310/791 2369/790
f 2310/791 2330/775 320/783
f 2350/761 2369/790 2218/792
f 2218/792 2369/790 2310/791
f 2350/761 2218/792 2127/793
f 2350/761 2127/793 2318/757
f 2218/792 2310/791 2137/794
f 2127/793 2218/792 2199/795
f 2199/795 2218/792 2137/794
f 2137/794 2310/791 104/796
f 104/796 2310/791 320/783
f 2199/795 2137/794 2094/797
f 2094/797 2137/794 104/796
f 2127/793 2199/795 2165/798
f 2199/795 2094/797 2176/799
f 2199/795 2176/799 2165/798
f 2094/797 104/796 119/800
f 2094/797 119/800 2176/799
f 104/796 320/783 275/801
f 2176/799 119/800 185/802
f 2176/799 185/802 2165/798
f 119/800 104/796 314/803
f 314/803 104/796 275/801
f 119/800 314/803 185/802
f 314/803 275/801 568/804
f 314/803 568/804 185/802
f 568/804 275/801 320/783
f 185/802 568/804 2165/798
f 568/804 320/783 735/805
f 2165/798 568/804 665/806
f 665/806 568/804 735/805
f 735/805 320/783 1061/785
f 665/806 735/805 730/807
f 735/805 1061/785 767/808
f 735/805 767/808 730/807
f 665/806 730/807 668/809
f 665/806 668/809 2165/798
f 668/809 730/807 767/808
f 767/808 1061/785 1146/810
f 2165/798 668/809 2077/811
f 2165/798 2077/811 2127/793
f 2127/793 2077/811 2318/757
f 2077/811 668/809 641/812
f 2077/811 641/812 2318/757
f 2318/757 641/812 606/813
f 767/808 1146/810 786/814
f 1231/815 1146/810 1061/785
f 1231/815 1061/785 1091/786
f 1231/815 1091/786 1192/816
f 1231/815 1192/816 1295/817
f 1146/810 1231/815 1286/818
f 1231/815 1295/817 1431/819
f 1231/815 1431/819 1286/818
f 1431/819 1295/817 1472/820
f 1431/819 1472/820 1577/821
f 1146/810 1286/818 1281/822
f 1281/822 1286/818 1431/819
f 1146/810 1281/822 786/814
f 1431/819 1577/821 1393/823
f 1431/819 1393/823 1281/822
f 1393/823 1577/821 1615/824
f 786/814 1281/822 751/825
f 786/814 751/825 767/808
f 767/808 751/825 668/809
f 751/825 1281/822 1219/826
f 1219/826 1281/822 1393/823
f 668/809 751/825 772/827
f 772/827 751/825 1219/826
f 668/809 772/827 641/812
f 1523/828 1393/823 1615/824
f 1523/828 1615/824 1522/829
f 1219/826 1393/823 1359/830
f 1359/830 1393/823 1523/828
f 772/827 1219/826 1041/831
f 1041/831 1219/826 1359/830
f 641/812 772/827 919/832
f 919/832 772/827 1041/831
f 641/812 919/832 606/813
f 1359/830 1523/828 1437/833
f 1437/833 1523/828 1522/829
f 1041/831 1359/830 1273/834
f 1273/834 1359/830 1437/833
f 919/832 1041/831 1079/835
f 1079/835 1041/831 1273/834
f 1437/833 1522/829 1369/836
f 1437/833 1369/836 1273/834
f 1369/836 1522/829 1736/837
f 1273/834 1369/836 1272/838
f 1273/834 1272/838 1079/835
f 1272/838 1369/836 1736/837
f 919/832 1079/835 1152/839
f 1152/839 1079/835 1272/838
f 919/832 1152/839 606/813
f 1272/838 1736/837 1609/840
f 1272/838 1609/840 1152/839
f 1609/840 1736/837 1784/841
f 1609/840 1784/841 1775/842
f 1152/839 1609/840 1171/843
f 1152/839 1171/843 606/813
f 1171/843 1609/840 1775/842
f 606/813 1171/843 1155/844
f 1171/843 1775/842 1570/845
f 1171/843 1570/845 1155/844
f 606/813 1155/844 469/759
f 606/813 469/759 2318/757
f 1155/844 1570/845 1115/846
f 1155/844 1115/846 469/759
f 1570/845 1775/842 1776/847
f 1776/847 1775/842 1878/848
f 1115/846 1570/845 1748/849
f 1748/849 1570/845 1776/847
f 469/759 1115/846 1002/850
f 469/759 1002/850 2247/752
f 2247/752 1002/850 2051/751
f 1002/850 1115/846 1698/851
f 1002/850 1698/851 2051/751
f 1698/851 1115/846 1748/849
f 2051/751 1698/851 1943/852
f 1943/852 1698/851 1748/849
f 1979/853 1748/849 1776/847
f 1748/849 1979/853 1943/852
f 1979/853 1776/847 1878/848
f 1943/852 1979/853 2010/854
f 1979/853 1878/848 2015/855
f 1979/853 2015/855 2010/854
f 471/856 255/857 2411/858
f 255/857 471/856 867/859
f 255/857 867/859 897/860
f 867/859 471/856 512/861
f 867/859 512/861 647/862
f 512/861 471/856 2409/863
f 2409/863 471/856 2411/858
f 512/861 2409/863 75/864
f 2410/865 2411/858 255/857
f 75/864 2409/863 2418/866
f 2411/858 2410/865 2775/867
f 2775/867 2410/865 3108/868
f 3108/868 2410/865 2764/869
f 3108/868 2764/869 3010/870
f 2418/866 2409/863 3141/871
f 2418/866 3141/871 2808/872
f 2453/873 2808/872 2838/874
f 2838/874 2808/872 3141/871
f 2838/874 3141/871 2690/875
f 3108/868 3010/870 3317/876
f 3317/876 3010/870 3101/877
f 3317/876 3101/877 3175/878
f 3317/876 3175/878 3288/879
f 3288/879 3175/878 3228/880
f 3108/868 3317/876 3439/881
f 3439/881 3317/876 3288/879
f 3108/868 3439/881 3180/882
f 3108/868 3180/882 2775/867
f 3439/881 3288/879 3481/883
f 3481/883 3288/879 3228/880
f 3180/882 3439/881 3330/884
f 3330/884 3439/881 3481/883
f 2775/867 3180/882 3197/885
f 3197/885 3180/882 3330/884
f 2775/867 3197/885 2411/858
f 2411/858 3197/885 3209/886
f 3209/886 3197/885 3330/884
f 2411/858 3209/886 2409/863
f 2409/863 3209/886 3167/887
f 2409/863 3167/887 3141/871
f 3209/886 3330/884 3485/888
f 3485/888 3330/884 3481/883
f 3167/887 3209/886 3335/889
f 3335/889 3209/886 3485/888
f 3167/887 3335/889 3141/871
f 3366/890 3481/883 3228/880
f 3481/883 3366/890 3485/888
f 3366/890 3228/880 3216/891
f 3366/890 3216/891 3172/892
f 3141/871 3335/889 3293/893
f 3293/893 3335/889 3485/888
f 3366/890 3172/892 3280/894
f 3485/888 3366/890 3389/895
f 3389/895 3366/890 3280/894
f 3280/894 3172/892 3138/896
f 3485/888 3389/895 3461/897
f 3485/888 3461/897 3293/893
f 3389/895 3280/894 3377/898
f 3461/897 3389/895 3433/899
f 3433/899 3389/895 3377/898
f 3293/893 3461/897 3334/900
f 3334/900 3461/897 3433/899
f 3293/893 3334/900 3229/901
f 3293/893 3229/901 3141/871
f 3141/871 3229/901 3207/902
f 3141/871 3207/902 3142/903
f 3207/902 3229/901 3294/904
f 3294/904 3229/901 3334/900
f 3207/902 3294/904 3320/905
f 3294/904 3334/900 3383/906
f 3294/904 3383/906 3320/905
f 3383/906 3334/900 3433/899
f 3320/905 3383/906 3519/907
f 3383/906 3433/899 3464/908
f 3383/906 3464/908 3519/907
f 3464/908 3433/899 3380/909
f 3464/908 3380/909 3519/907
f 3380/909 3433/899 3377/898
f 3519/907 3380/909 3399/910
f 3380/909 3377/898 3285/911
f 3380/909 3285/911 3399/910
f 3285/911 3377/898 3280/894
f 3285/911 3280/894 3138/896
f 3399/910 3285/911 3225/912
f 3225/912 3285/911 3138/896
f 3399/910 3225/912 3295/913
f 3295/913 3225/912 3152/914
f 3225/912 3138/896 3153/915
f 3225/912 3153/915 3152/914
f 3152/914 3153/915 2836/916
f 3153/915 3138/896 2928/917
f 2836/916 3153/915 2503/918
f 2503/918 3153/915 2928/917
f 2503/918 2928/917 2273/919
f 2016/920 2011/921 1988/922
f 2011/921 2016/920 2018/923
f 2018/923 2016/920 2022/924
f 1988/922 2011/921 2000/925
f 1988/922 2000/925 1994/926
f 1988/922 1994/926 1974/927
f 1974/927 1994/926 1975/928
f 1994/926 2000/925 1999/929
f 1994/926 1999/929 1975/928
f 2000/925 2011/921 2003/930
f 1999/929 2000/925 2006/931
f 2006/931 2000/925 2003/930
f 2003/930 2011/921 2008/932
f 2008/932 2011/921 2018/923
f 2006/931 2003/930 2009/933
f 2009/933 2003/930 2008/932
f 1999/929 2006/931 1993/934
f 1993/934 2006/931 2009/933
f 1999/929 1993/934 1989/935
f 1999/929 1989/935 1975/928
f 1975/928 1989/935 1933/936
f 1975/928 1933/936 1908/937
f 1908/937 1933/936 1809/938
f 1933/936 1989/935 1972/939
f 1972/939 1989/935 1993/934
f 1809/938 1933/936 1912/940
f 1972/939 1993/934 1992/941
f 1992/941 1993/934 2009/933
f 1933/936 1972/939 1928/942
f 1933/936 1928/942 1912/940
f 1809/938 1912/940 1769/943
f 1769/943 1912/940 1928/942
f 1809/938 1769/943 1704/944
f 1704/944 1769/943 1753/945
f 1704/944 1753/945 1680/946
f 1753/945 1769/943 1781/947
f 1781/947 1769/943 1928/942
f 1680/946 1753/945 1720/948
f 1753/945 1781/947 1774/949
f 1753/945 1774/949 1720/948
f 1781/947 1928/942 1797/950
f 1774/949 1781/947 1772/951
f 1772/951 1781/947 1797/950
f 1774/949 1772/951 1746/952
f 1774/949 1746/952 1720/948
f 1772/951 1797/950 1768/953
f 1797/950 1928/942 1929/954
f 1797/950 1929/954 1768/953
f 1772/951 1768/953 1713/955
f 1772/951 1713/955 1746/952
f 1713/955 1768/953 1852/956
f 1852/956 1768/953 1929/954
f 1713/955 1852/956 1615/957
f 1615/957 1852/956 1937/958
f 1937/958 1852/956 1929/954
f 1713/955 1615/957 1577/959
f 1713/955 1577/959 1746/952
f 1615/957 1937/958 1522/960
f 1746/952 1577/959 1603/961
f 1746/952 1603/961 1720/948
f 1522/960 1937/958 1918/962
f 1522/960 1918/962 1736/963
f 1736/963 1918/962 1915/964
f 1736/963 1915/964 1784/965
f 1918/962 1937/958 1976/966
f 1976/966 1937/958 1981/967
f 1981/967 1937/958 1929/954
f 1918/962 1976/966 1970/968
f 1918/962 1970/968 1915/964
f 1784/965 1915/964 1949/969
f 1949/969 1915/964 1970/968
f 1784/965 1949/969 1775/970
f 1970/968 1976/966 1990/971
f 1990/971 1976/966 1981/967
f 1949/969 1970/968 1982/972
f 1982/972 1970/968 1990/971
f 1775/970 1949/969 1959/973
f 1775/970 1959/973 1878/974
f 1949/969 1982/972 1985/975
f 1982/972 1990/971 1995/976
f 1982/972 1995/976 1985/975
f 1949/969 1985/975 2005/977
f 1949/969 2005/977 1959/973
f 2005/977 1985/975 1995/976
f 1878/974 1959/973 1973/978
f 1973/978 1959/973 2005/977
f 1878/974 1973/978 2015/979
f 2015/979 1973/978 2012/980
f 2012/980 1973/978 2005/977
f 2015/979 2012/980 2024/981
f 2015/979 2024/981 2025/982
f 2012/980 2005/977 2014/983
f 2012/980 2014/983 2024/981
f 2025/982 2024/981 2031/984
f 2025/982 2031/984 2027/985
f 2027/985 2031/984 2032/986
f 2031/984 2024/981 2019/987
f 2019/987 2024/981 2014/983
f 2032/986 2031/984 2034/988
f 2032/986 2034/988 2033/989
f 2033/989 2034/988 2035/990
f 2034/988 2031/984 2023/991
f 2023/991 2031/984 2019/987
f 2035/990 2034/988 2030/992
f 2030/992 2034/988 2023/991
f 2035/990 2030/992 2029/993
f 2035/990 2029/993 2022/924
f 2029/993 2030/992 2026/994
f 2029/993 2026/994 2022/924
f 2026/994 2030/992 2023/991
f 2022/924 2026/994 2018/923
f 2026/994 2023/991 2020/995
f 2020/995 2023/991 2019/987
f 2026/994 2020/995 2018/923
f 2020/995 2019/987 2017/996
f 2020/995 2017/996 2018/923
f 2017/996 2019/987 2014/983
f 2017/996 2014/983 2005/977
f 2018/923 2017/996 2007/997
f 2007/997 2017/996 2005/977
f 2018/923 2007/997 2008/932
f 2007/997 2005/977 1995/976
f 2008/932 2007/997 2001/998
f 2001/998 2007/997 1995/976
f 2008/932 2001/998 2009/933
f 2001/998 1995/976 1998/999
f 1998/999 1995/976 1990/971
f 2009/933 2001/998 2004/1000
f 2004/1000 2001/998 1998/999
f 2009/933 2004/1000 2002/1001
f 1998/999 1990/971 1997/1002
f 1998/999 1997/1002 2004/1000
f 1997/1002 1990/971 1981/967
f 2009/933 2002/1001 1992/941
f 2004/1000 1997/1002 1996/1003
f 2004/1000 1996/1003 2002/1001
f 1996/1003 1997/1002 1981/967
f 2002/1001 1996/1003 1992/941
f 1996/1003 1981/967 1986/1004
f 1996/1003 1986/1004 1992/941
f 1986/1004 1981/967 1929/954
f 1992/941 1986/1004 1964/1005
f 1964/1005 1986/1004 1929/954
f 1992/941 1964/1005 1972/939
f 1964/1005 1929/954 1928/942
f 1964/1005 1928/942 1972/939
f 322/1006 255/1007 897/1008
f 255/1007 322/1006 2410/1009
f 322/1006 897/1008 825/1010
f 825/1010 897/1008 899/1011
f 899/1011 897/1008 867/1012
f 899/1011 867/1012 647/1013
f 899/1011 647/1013 658/1014
f 825/1010 899/1011 612/1015
f 612/1015 899/1011 658/1014
f 322/1006 825/1010 549/1016
f 549/1016 825/1010 612/1015
f 612/1015 658/1014 508/1017
f 508/1017 658/1014 741/1018
f 508/1017 741/1018 612/1015
f 549/1016 612/1015 774/1019
f 774/1019 612/1015 741/1018
f 322/1006 549/1016 439/1020
f 549/1016 774/1019 499/1021
f 549/1016 499/1021 439/1020
f 774/1019 741/1018 1030/1022
f 1030/1022 741/1018 831/1023
f 1030/1022 831/1023 983/1024
f 774/1019 1030/1022 1058/1025
f 1030/1022 983/1024 1087/1026
f 1030/1022 1087/1026 1058/1025
f 1087/1026 983/1024 1043/1027
f 1087/1026 1043/1027 1145/1028
f 1087/1026 1145/1028 1138/1029
f 1087/1026 1138/1029 1058/1025
f 774/1019 1058/1025 685/1030
f 774/1019 685/1030 499/1021
f 1058/1025 1138/1029 1089/1031
f 1138/1029 1145/1028 1026/1032
f 1138/1029 1026/1032 1089/1031
f 1026/1032 1145/1028 1028/1033
f 1028/1033 1145/1028 966/1034
f 1026/1032 1028/1033 765/1035
f 765/1035 1028/1033 873/1036
f 765/1035 873/1036 648/1037
f 765/1035 648/1037 563/1038
f 765/1035 563/1038 495/1039
f 1026/1032 765/1035 728/1040
f 728/1040 765/1035 495/1039
f 1026/1032 728/1040 1089/1031
f 758/1041 1058/1025 1089/1031
f 758/1041 1089/1031 728/1040
f 1058/1025 758/1041 685/1030
f 728/1040 495/1039 490/1042
f 728/1040 490/1042 758/1041
f 685/1030 758/1041 478/1043
f 478/1043 758/1041 490/1042
f 685/1030 478/1043 499/1021
f 490/1042 495/1039 359/1044
f 478/1043 490/1042 317/1045
f 478/1043 317/1045 499/1021
f 317/1045 490/1042 359/1044
f 359/1044 495/1039 10/1046
f 359/1044 10/1046 259/1047
f 259/1047 10/1046 156/1048
f 359/1044 259/1047 264/1049
f 264/1049 259/1047 156/1048
f 156/1048 10/1046 266/1050
f 156/1048 266/1050 264/1049
f 359/1044 264/1049 307/1051
f 307/1051 264/1049 266/1050
f 359/1044 307/1051 317/1045
f 317/1045 307/1051 266/1050
f 266/1050 10/1046 2136/1052
f 317/1045 266/1050 270/1053
f 270/1053 266/1050 2136/1052
f 317/1045 270/1053 419/1054
f 344/1055 499/1021 317/1045
f 344/1055 317/1045 419/1054
f 499/1021 344/1055 439/1020
f 270/1053 2136/1052 276/1056
f 270/1053 276/1056 360/1057
f 270/1053 360/1057 419/1054
f 276/1056 2136/1052 182/1058
f 182/1058 2136/1052 2116/1059
f 276/1056 182/1058 384/1060
f 276/1056 384/1060 360/1057
f 182/1058 2116/1059 87/1061
f 182/1058 87/1061 384/1060
f 87/1061 2116/1059 234/1062
f 87/1061 234/1062 384/1060
f 234/1062 2116/1059 2209/1063
f 384/1060 234/1062 418/1064
f 418/1064 234/1062 2209/1063
f 2233/1065 426/1066 2209/1063
f 2209/1063 426/1066 418/1064
f 418/1064 426/1066 541/1067
f 384/1060 418/1064 436/1068
f 384/1060 436/1068 430/1069
f 384/1060 430/1069 360/1057
f 436/1068 418/1064 550/1070
f 430/1069 436/1068 504/1071
f 504/1071 436/1068 550/1070
f 430/1069 504/1071 443/1072
f 443/1072 504/1071 486/1073
f 486/1073 504/1071 550/1070
f 430/1069 443/1072 472/1074
f 430/1069 472/1074 360/1057
f 472/1074 443/1072 486/1073
f 360/1057 472/1074 464/1075
f 464/1075 472/1074 486/1073
f 360/1057 464/1075 419/1054
f 464/1075 486/1073 253/1076
f 464/1075 253/1076 419/1054
f 196/1077 486/1073 550/1070
f 486/1073 196/1077 253/1076
f 544/1078 550/1070 418/1064
f 544/1078 418/1064 541/1067
f 550/1070 544/1078 473/1079
f 550/1070 473/1079 196/1077
f 544/1078 541/1067 564/1080
f 473/1079 544/1078 459/1081
f 459/1081 544/1078 564/1080
f 473/1079 459/1081 196/1077
f 564/1080 541/1067 567/1082
f 564/1080 567/1082 459/1081
f 567/1082 541/1067 572/1083
f 572/1083 541/1067 604/1084
f 572/1083 604/1084 626/1085
f 459/1081 567/1082 2235/1086
f 2235/1086 567/1082 572/1083
f 459/1081 2235/1086 196/1077
f 572/1083 626/1085 2274/1087
f 572/1083 2274/1087 2235/1086
f 2274/1087 626/1085 192/1088
f 196/1077 2235/1086 2189/1089
f 2235/1086 2274/1087 2816/1090
f 2235/1086 2816/1090 3041/1091
f 3041/1091 2816/1090 2988/1092
f 2988/1092 2816/1090 2274/1087
f 2988/1092 2274/1087 2938/1093
f 2938/1093 2274/1087 2804/1094
f 2274/1087 192/1088 92/1095
f 2274/1087 92/1095 2804/1094
f 92/1095 192/1088 62/1096
f 92/1095 62/1096 48/1097
f 92/1095 48/1097 2804/1094
f 2804/1094 48/1097 2844/1098
f 2664/1099 2235/1086 3041/1091
f 2235/1086 2664/1099 2189/1089
f 2664/1099 3041/1091 3085/1100
f 2664/1099 3085/1100 2845/1101
f 2845/1101 3085/1100 3058/1102
f 2845/1101 3058/1102 3010/1103
f 2845/1101 3010/1103 2764/1104
f 2664/1099 2845/1101 2405/1105
f 2664/1099 2405/1105 2189/1089
f 2845/1101 2764/1104 2478/1106
f 2478/1106 2764/1104 2410/1009
f 2405/1105 2845/1101 2292/1107
f 2292/1107 2845/1101 2478/1106
f 2405/1105 2292/1107 2189/1089
f 2478/1106 2410/1009 61/1108
f 61/1108 2410/1009 322/1006
f 2292/1107 2478/1106 42/1109
f 2292/1107 42/1109 2189/1089
f 42/1109 2478/1106 61/1108
f 61/1108 322/1006 439/1020
f 2189/1089 42/1109 253/1076
f 253/1076 42/1109 61/1108
f 2189/1089 253/1076 196/1077
f 61/1108 439/1020 132/1110
f 61/1108 132/1110 253/1076
f 132/1110 439/1020 274/1111
f 253/1076 132/1110 242/1112
f 242/1112 132/1110 274/1111
f 253/1076 242/1112 419/1054
f 274/1111 439/1020 301/1113
f 274/1111 301/1113 242/1112
f 301/1113 439/1020 344/1055
f 419/1054 242/1112 344/1055
f 344/1055 242/1112 301/1113
f 1352/1114 1495/1115 1435/1116
f 1495/1115 1352/1114 1402/1117
f 1352/1114 1435/1116 1288/1118
f 1495/1115 1402/1117 1526/1119
f 1288/1118 1435/1116 1331/1120
f 1288/1118 1331/1120 1230/1121
f 1230/1121 1331/1120 1344/1122
f 1344/1122 1331/1120 1479/1123
f 1479/1123 1331/1120 1435/1116
f 1344/1122 1479/1123 1419/1124
f 1419/1124 1479/1123 1486/1125
f 1419/1124 1486/1125 1399/1126
f 1479/1123 1435/1116 1541/1127
f 1479/1123 1541/1127 1486/1125
f 1541/1127 1435/1116 1495/1115
f 1399/1126 1486/1125 1504/1128
f 1504/1128 1486/1125 1541/1127
f 1399/1126 1504/1128 1472/1129
f 1399/1126 1472/1129 1295/1130
f 1504/1128 1541/1127 1553/1131
f 1553/1131 1541/1127 1495/1115
f 1472/1129 1504/1128 1519/1132
f 1519/1132 1504/1128 1553/1131
f 1472/1129 1519/1132 1577/959
f 1577/959 1519/1132 1603/961
f 1519/1132 1553/1131 1512/1133
f 1519/1132 1512/1133 1603/961
f 1512/1133 1553/1131 1524/1134
f 1512/1133 1524/1134 1603/961
f 1501/1135 1553/1131 1495/1115
f 1553/1131 1501/1135 1524/1134
f 1603/961 1524/1134 1618/1136
f 1618/1136 1524/1134 1501/1135
f 1603/961 1618/1136 1720/948
f 1501/1135 1495/1115 1596/1137
f 1501/1135 1596/1137 1618/1136
f 1618/1136 1596/1137 1720/948
f 1596/1137 1495/1115 1526/1119
f 1720/948 1596/1137 1680/946
f 1680/946 1596/1137 1526/1119
f 127/1138 2529/1139 2456/1140
f 127/1138 2456/1140 1048/1141
f 2456/1140 2529/1139 2505/1142
f 2529/1139 127/1138 193/1143
f 1048/1141 2456/1140 339/1144
f 339/1144 2456/1140 2505/1142
f 127/1138 1048/1141 1081/1145
f 127/1138 1081/1145 193/1143
f 1048/1141 339/1144 938/1146
f 1081/1145 1048/1141 1639/1147
f 1639/1147 1048/1141 1474/1148
f 1474/1148 1048/1141 938/1146
f 1474/1148 938/1146 1357/1149
f 1357/1149 938/1146 783/1150
f 783/1150 938/1146 400/1151
f 400/1151 938/1146 339/1144
f 400/1151 339/1144 2505/1142
f 400/1151 2505/1142 2232/1152
f 400/1151 2232/1152 377/1153
f 2232/1152 2505/1142 2860/1154
f 2860/1154 2505/1142 3049/1155
f 3049/1155 2505/1142 2529/1139
f 3049/1155 2529/1139 2538/1156
f 2538/1156 2529/1139 193/1143
f 3049/1155 2538/1156 3184/1157
f 3049/1155 3184/1157 3170/1158
f 3170/1158 3184/1157 3231/1159
f 3184/1157 2538/1156 2534/1160
f 2534/1160 2538/1156 193/1143
f 3231/1159 3184/1157 3263/1161
f 3231/1159 3263/1161 3437/1162
f 3437/1162 3263/1161 3429/1163
f 3429/1163 3263/1161 3453/1164
f 3263/1161 3184/1157 3240/1165
f 3240/1165 3184/1157 2534/1160
f 3453/1164 3263/1161 3352/1166
f 3352/1166 3263/1161 3240/1165
f 3352/1166 3240/1165 3374/1167
f 3352/1166 3374/1167 3453/1164
f 3319/1168 3453/1164 3220/1169
f 3220/1169 3453/1164 3413/1170
f 3220/1169 3413/1170 3424/1171
f 3453/1164 3374/1167 3474/1172
f 3453/1164 3474/1172 3413/1170
f 3374/1167 3240/1165 3230/1173
f 3424/1171 3413/1170 3477/1174
f 3477/1174 3413/1170 3474/1172
f 3424/1171 3477/1174 3604/1175
f 3424/1171 3604/1175 3605/1176
f 3477/1174 3474/1172 3512/1177
f 3344/1178 3474/1172 3374/1167
f 3344/1178 3374/1167 3230/1173
f 3512/1177 3474/1172 3579/1179
f 3579/1179 3474/1172 3344/1178
f 3477/1174 3512/1177 3565/1180
f 3477/1174 3565/1180 3604/1175
f 3565/1180 3512/1177 3579/1179
f 3579/1179 3344/1178 3473/1181
f 3604/1175 3565/1180 3612/1182
f 3612/1182 3565/1180 3579/1179
f 3612/1182 3579/1179 3549/1183
f 3549/1183 3579/1179 3473/1181
f 3604/1175 3612/1182 3643/1184
f 3643/1184 3612/1182 3549/1183
f 3604/1175 3643/1184 3653/1185
f 3604/1175 3653/1185 3605/1176
f 3653/1185 3643/1184 3646/1186
f 3646/1186 3643/1184 3549/1183
f 3605/1176 3653/1185 3654/1187
f 3654/1187 3653/1185 3646/1186
f 3605/1176 3654/1187 3584/1188
f 3589/1189 3549/1183 3473/1181
f 3589/1189 3473/1181 3344/1178
f 3654/1187 3646/1186 3645/1190
f 3654/1187 3645/1190 3640/1191
f 3640/1191 3645/1190 3616/1192
f 3616/1192 3645/1190 3586/1193
f 3586/1193 3645/1190 3646/1186
f 3586/1193 3646/1186 3269/1194
f 3503/1195 3646/1186 3549/1183
f 3646/1186 3503/1195 3269/1194
f 3503/1195 3549/1183 3650/1196
f 3650/1196 3549/1183 3589/1189
f 3269/1194 3503/1195 3641/1197
f 3641/1197 3503/1195 3650/1196
f 3269/1194 3641/1197 3580/1198
f 3269/1194 3580/1198 3495/1199
f 3495/1199 3580/1198 3427/1200
f 3580/1198 3641/1197 3566/1201
f 3566/1201 3641/1197 3650/1196
f 3427/1200 3580/1198 3484/1202
f 3484/1202 3580/1198 3566/1201
f 3427/1200 3484/1202 3241/1203
f 3566/1201 3650/1196 3576/1204
f 3576/1204 3650/1196 3589/1189
f 3566/1201 3576/1204 3505/1205
f 3241/1203 3484/1202 3314/1206
f 3484/1202 3566/1201 3476/1207
f 3476/1207 3566/1201 3505/1205
f 3484/1202 3476/1207 3314/1206
f 3241/1203 3314/1206 2771/1208
f 3314/1206 3476/1207 3336/1209
f 3336/1209 3476/1207 3505/1205
f 2771/1208 3314/1206 3026/1210
f 3026/1210 3314/1206 3336/1209
f 2771/1208 3026/1210 2779/1211
f 2771/1208 2779/1211 35/1212
f 3026/1210 3336/1209 3148/1213
f 3026/1210 3148/1213 3013/1214
f 3148/1213 3336/1209 3281/1215
f 3148/1213 3281/1215 3013/1214
f 3281/1215 3336/1209 3348/1216
f 3348/1216 3336/1209 3505/1205
f 3013/1214 3281/1215 3266/1217
f 3266/1217 3281/1215 3348/1216
f 3026/1210 3013/1214 2962/1218
f 3026/1210 2962/1218 2779/1211
f 2962/1218 3013/1214 2697/1219
f 2779/1211 2962/1218 2715/1220
f 2715/1220 2962/1218 2697/1219
f 2779/1211 2715/1220 2385/1221
f 2779/1211 2385/1221 2269/1222
f 2779/1211 2269/1222 35/1212
f 35/1212 2269/1222 680/1223
f 680/1223 2269/1222 635/1224
f 35/1212 680/1223 810/1225
f 2790/1226 2697/1219 3013/1214
f 2790/1226 3013/1214 3266/1217
f 2697/1219 2790/1226 2573/1227
f 2790/1226 3266/1217 2937/1228
f 2573/1227 2790/1226 2539/1229
f 2539/1229 2790/1226 2937/1228
f 2573/1227 2539/1229 41/1230
f 2573/1227 41/1230 55/1231
f 55/1231 41/1230 667/1232
f 41/1230 2539/1229 312/1233
f 667/1232 41/1230 993/1234
f 667/1232 993/1234 991/1235
f 993/1234 41/1230 958/1236
f 958/1236 41/1230 312/1233
f 991/1235 993/1234 1347/1237
f 991/1235 1347/1237 1224/1238
f 1224/1238 1347/1237 1509/1239
f 1347/1237 993/1234 1518/1240
f 1518/1240 993/1234 958/1236
f 1509/1239 1347/1237 1616/1241
f 1616/1241 1347/1237 1518/1240
f 1509/1239 1616/1241 1547/1242
f 1518/1240 958/1236 1396/1243
f 1396/1243 958/1236 889/1244
f 889/1244 958/1236 312/1233
f 1396/1243 889/1244 1441/1245
f 1396/1243 1441/1245 1518/1240
f 889/1244 312/1233 309/1246
f 1616/1241 1518/1240 1655/1247
f 1607/1248 1547/1242 1616/1241
f 1547/1242 1607/1248 1546/1249
f 1546/1249 1607/1248 1520/1250
f 1520/1250 1607/1248 1564/1251
f 1655/1247 1518/1240 1689/1252
f 1616/1241 1655/1247 1721/1253
f 1721/1253 1655/1247 1689/1252
f 1607/1248 1616/1241 1706/1254
f 1706/1254 1616/1241 1721/1253
f 1564/1251 1607/1248 1739/1255
f 1739/1255 1607/1248 1706/1254
f 1564/1251 1739/1255 1767/1256
f 1564/1251 1767/1256 1578/1257
f 1739/1255 1706/1254 1823/1258
f 1823/1258 1706/1254 1721/1253
f 1745/1259 1721/1253 1689/1252
f 1721/1253 1745/1259 1823/1258
f 1632/1260 1689/1252 1518/1240
f 1689/1252 1632/1260 1745/1259
f 1632/1260 1518/1240 1441/1245
f 1739/1255 1823/1258 1810/1261
f 1739/1255 1810/1261 1767/1256
f 1823/1258 1745/1259 1840/1262
f 1823/1258 1840/1262 1846/1263
f 1810/1261 1823/1258 1822/1264
f 1822/1264 1823/1258 1846/1263
f 1767/1256 1810/1261 1785/1265
f 1810/1261 1822/1264 1820/1266
f 1810/1261 1820/1266 1785/1265
f 1822/1264 1846/1263 1863/1267
f 1822/1264 1863/1267 1820/1266
f 1832/1268 1846/1263 1840/1262
f 1863/1267 1846/1263 1880/1269
f 1880/1269 1846/1263 1832/1268
f 1820/1266 1863/1267 1864/1270
f 1864/1270 1863/1267 1880/1269
f 1820/1266 1864/1270 1818/1271
f 1820/1266 1818/1271 1785/1265
f 1864/1270 1880/1269 1881/1272
f 1864/1270 1881/1272 1818/1271
f 1880/1269 1832/1268 1869/1273
f 1880/1269 1869/1273 1881/1272
f 1869/1273 1832/1268 1816/1274
f 1779/1275 1832/1268 1840/1262
f 1832/1268 1779/1275 1816/1274
f 1779/1275 1840/1262 1745/1259
f 1869/1273 1816/1274 1845/1276
f 1845/1276 1816/1274 1779/1275
f 1881/1272 1869/1273 1874/1277
f 1874/1277 1869/1273 1845/1276
f 1881/1272 1874/1277 1841/1278
f 1881/1272 1841/1278 1818/1271
f 1874/1277 1845/1276 1848/1279
f 1848/1279 1845/1276 1779/1275
f 1841/1278 1874/1277 1831/1280
f 1831/1280 1874/1277 1848/1279
f 1818/1271 1841/1278 1836/1281
f 1836/1281 1841/1278 1831/1280
f 1831/1280 1848/1279 1786/1282
f 1786/1282 1848/1279 1779/1275
f 1831/1280 1786/1282 1817/1283
f 1831/1280 1817/1283 1836/1281
f 1818/1271 1836/1281 1785/1265
f 1817/1283 1786/1282 1750/1284
f 1750/1284 1786/1282 1779/1275
f 1836/1281 1817/1283 1715/1285
f 1715/1285 1817/1283 1750/1284
f 1785/1265 1836/1281 1647/1286
f 1647/1286 1836/1281 1715/1285
f 1715/1285 1750/1284 1622/1287
f 1750/1284 1779/1275 1681/1288
f 1715/1285 1622/1287 1628/1289
f 1681/1288 1779/1275 1614/1290
f 1614/1290 1779/1275 1745/1259
f 1750/1284 1681/1288 1621/1291
f 1614/1290 1745/1259 1632/1260
f 1750/1284 1621/1291 1544/1292
f 1750/1284 1544/1292 1622/1287
f 1621/1291 1681/1288 1477/1293
f 1681/1288 1614/1290 1391/1294
f 1681/1288 1391/1294 1477/1293
f 1621/1291 1477/1293 1354/1295
f 1621/1291 1354/1295 1544/1292
f 1477/1293 1391/1294 1253/1296
f 1477/1293 1253/1296 1354/1295
f 1391/1294 1614/1290 1211/1297
f 1354/1295 1253/1296 884/1298
f 1253/1296 1391/1294 1140/1299
f 1140/1299 1391/1294 1211/1297
f 1253/1296 1140/1299 884/1298
f 1211/1297 1614/1290 1463/1300
f 1463/1300 1614/1290 1632/1260
f 1354/1295 884/1298 1122/1301
f 1354/1295 1122/1301 1544/1292
f 884/1298 1140/1299 305/1302
f 305/1302 1140/1299 353/1303
f 353/1303 1140/1299 1211/1297
f 884/1298 305/1302 169/1304
f 305/1302 353/1303 2593/1305
f 305/1302 2593/1305 169/1304
f 884/1298 169/1304 914/1306
f 884/1298 914/1306 1122/1301
f 1586/1307 1544/1292 1122/1301
f 914/1306 169/1304 2/1308
f 169/1304 2593/1305 2634/1309
f 169/1304 2634/1309 2/1308
f 2634/1309 2593/1305 3083/1310
f 914/1306 2/1308 201/1311
f 1122/1301 914/1306 970/1312
f 970/1312 914/1306 201/1311
f 1586/1307 1122/1301 1611/1313
f 1611/1313 1122/1301 970/1312
f 970/1312 201/1311 193/1143
f 201/1311 2/1308 2534/1160
f 201/1311 2534/1160 193/1143
f 970/1312 193/1143 1044/1314
f 970/1312 1044/1314 1611/1313
f 1044/1314 193/1143 1081/1145
f 1044/1314 1081/1145 1595/1315
f 1044/1314 1595/1315 1611/1313
f 1595/1315 1081/1145 1639/1147
f 2562/1316 2534/1160 2/1308
f 2562/1316 2/1308 2634/1309
f 2534/1160 2562/1316 2979/1317
f 2534/1160 2979/1317 3240/1165
f 3240/1165 2979/1317 3230/1173
f 2979/1317 2562/1316 3067/1318
f 3067/1318 2562/1316 2634/1309
f 2979/1317 3067/1318 3230/1173
f 3067/1318 2634/1309 3083/1310
f 3230/1173 3067/1318 3418/1319
f 3230/1173 3418/1319 3344/1178
f 3344/1178 3418/1319 3589/1189
f 3418/1319 3067/1318 3386/1320
f 3386/1320 3067/1318 3083/1310
f 3589/1189 3418/1319 3511/1321
f 3511/1321 3418/1319 3386/1320
f 3589/1189 3511/1321 3541/1322
f 3511/1321 3386/1320 3398/1323
f 3511/1321 3398/1323 3541/1322
f 3398/1323 3386/1320 3083/1310
f 3589/1189 3541/1322 3478/1324
f 3478/1324 3541/1322 3398/1323
f 3589/1189 3478/1324 3576/1204
f 3576/1204 3478/1324 3505/1205
f 3505/1205 3478/1324 3318/1325
f 3318/1325 3478/1324 3398/1323
f 3505/1205 3318/1325 3348/1216
f 3398/1323 3083/1310 3004/1326
f 3398/1323 3004/1326 3318/1325
f 3004/1326 3083/1310 2580/1327
f 2580/1327 3083/1310 2593/1305
f 2580/1327 2593/1305 353/1303
f 3004/1326 2580/1327 2537/1328
f 2580/1327 353/1303 45/1329
f 2580/1327 45/1329 2537/1328
f 45/1329 353/1303 1211/1297
f 45/1329 1211/1297 777/1330
f 45/1329 777/1330 2537/1328
f 3004/1326 2537/1328 2894/1331
f 3004/1326 2894/1331 3318/1325
f 3318/1325 2894/1331 3121/1332
f 3318/1325 3121/1332 3348/1216
f 2894/1331 2537/1328 3005/1333
f 2894/1331 3005/1333 3121/1332
f 3348/1216 3121/1332 3115/1334
f 3115/1334 3121/1332 3005/1333
f 3348/1216 3115/1334 3266/1217
f 3266/1217 3115/1334 3181/1335
f 3266/1217 3181/1335 2937/1228
f 3005/1333 2537/1328 2354/1336
f 2354/1336 2537/1328 777/1330
f 3115/1334 3005/1333 2951/1337
f 2951/1337 3005/1333 2354/1336
f 3181/1335 3115/1334 2901/1338
f 2901/1338 3115/1334 2951/1337
f 3181/1335 2901/1338 2937/1228
f 2901/1338 2951/1337 2332/1339
f 2332/1339 2951/1337 2354/1336
f 2901/1338 2332/1339 2937/1228
f 2332/1339 2354/1336 692/1340
f 2937/1228 2332/1339 2325/1341
f 2937/1228 2325/1341 2223/1342
f 2937/1228 2223/1342 2539/1229
f 2539/1229 2223/1342 312/1233
f 312/1233 2223/1342 2325/1341
f 312/1233 2325/1341 309/1246
f 309/1246 2325/1341 2332/1339
f 309/1246 2332/1339 692/1340
f 309/1246 692/1340 835/1343
f 309/1246 835/1343 889/1244
f 889/1244 835/1343 1441/1245
f 835/1343 692/1340 1375/1344
f 835/1343 1375/1344 1441/1245
f 1441/1245 1375/1344 1513/1345
f 1441/1245 1513/1345 1632/1260
f 1375/1344 692/1340 1292/1346
f 1375/1344 1292/1346 1513/1345
f 1292/1346 692/1340 727/1347
f 727/1347 692/1340 2354/1336
f 727/1347 2354/1336 777/1330
f 1292/1346 727/1347 1330/1348
f 1292/1346 1330/1348 1513/1345
f 727/1347 777/1330 1247/1349
f 727/1347 1247/1349 1330/1348
f 1247/1349 777/1330 1236/1350
f 1247/1349 1236/1350 1330/1348
f 1236/1350 777/1330 1211/1297
f 1236/1350 1211/1297 1463/1300
f 1236/1350 1463/1300 1462/1351
f 1462/1351 1463/1300 1632/1260
f 1236/1350 1462/1351 1330/1348
f 1462/1351 1632/1260 1513/1345
f 1493/1352 1513/1345 1330/1348
f 1493/1352 1330/1348 1462/1351
f 1493/1352 1462/1351 1513/1345
f 1667/1353 1595/1315 1639/1147
f 1667/1353 1639/1147 1684/1354
f 1667/1353 1684/1354 1692/1355
f 1595/1315 1667/1353 1645/1356
f 1645/1356 1667/1353 1692/1355
f 1595/1315 1645/1356 1611/1313
f 1645/1356 1692/1355 1683/1357
f 1645/1356 1683/1357 1611/1313
f 1683/1357 1692/1355 1701/1358
f 1701/1358 1692/1355 1714/1359
f 1611/1313 1683/1357 1643/1360
f 1611/1313 1643/1360 1586/1307
f 1683/1357 1701/1358 1648/1361
f 1683/1357 1648/1361 1643/1360
f 1648/1361 1701/1358 1677/1362
f 1586/1307 1643/1360 1544/1292
f 1648/1361 1677/1362 1610/1363
f 1648/1361 1610/1363 1643/1360
f 1677/1362 1701/1358 1531/1364
f 1677/1362 1531/1364 1610/1363
f 1531/1364 1701/1358 1411/1365
f 1531/1364 1411/1365 1506/1366
f 1544/1292 1643/1360 1571/1367
f 1544/1292 1571/1367 1622/1287
f 1622/1287 1571/1367 1628/1289
f 1571/1367 1643/1360 1605/1368
f 1571/1367 1605/1368 1628/1289
f 1605/1368 1643/1360 1610/1363
f 1531/1364 1506/1366 1649/1369
f 1531/1364 1649/1369 1610/1363
f 1605/1368 1610/1363 1640/1370
f 1605/1368 1640/1370 1628/1289
f 1640/1370 1610/1363 1649/1369
f 1628/1289 1640/1370 1671/1371
f 1628/1289 1671/1371 1715/1285
f 1640/1370 1649/1369 1699/1372
f 1640/1370 1699/1372 1671/1371
f 1673/1373 1649/1369 1506/1366
f 1649/1369 1673/1373 1699/1372
f 1673/1373 1506/1366 1483/1374
f 1715/1285 1671/1371 1647/1286
f 1673/1373 1483/1374 1569/1375
f 1673/1373 1569/1375 1699/1372
f 1569/1375 1483/1374 1449/1376
f 1592/1377 1671/1371 1699/1372
f 1671/1371 1592/1377 1647/1286
f 1699/1372 1569/1375 1496/1378
f 1699/1372 1496/1378 1592/1377
f 1569/1375 1449/1376 1466/1379
f 1569/1375 1466/1379 1496/1378
f 1466/1379 1449/1376 1460/1380
f 1466/1379 1460/1380 1400/1381
f 1466/1379 1400/1381 1496/1378
f 1592/1377 1496/1378 1500/1382
f 1592/1377 1500/1382 1554/1383
f 1592/1377 1554/1383 1647/1286
f 1451/1384 1539/1385 1554/1383
f 1554/1383 1539/1385 1696/1386
f 1554/1383 1696/1386 1647/1286
f 1647/1286 1696/1386 1785/1265
f 1785/1265 1696/1386 1742/1387
f 1785/1265 1742/1387 1767/1256
f 1742/1387 1696/1386 1787/1388
f 1787/1388 1696/1386 1755/1389
f 1767/1256 1742/1387 1732/1390
f 1742/1387 1787/1388 1803/1391
f 1742/1387 1803/1391 1732/1390
f 1767/1256 1732/1390 1578/1257
f 1578/1257 1732/1390 1581/1392
f 1787/1388 1755/1389 1724/1393
f 1787/1388 1724/1393 1803/1391
f 1803/1391 1724/1393 1732/1390
f 1732/1390 1724/1393 1581/1392
f 1724/1393 1755/1389 1717/1394
f 1724/1393 1717/1394 1765/1395
f 1581/1392 1724/1393 1656/1396
f 1581/1392 1656/1396 1635/1397
f 1635/1397 1656/1396 1669/1398
f 911/1399 987/1400 427/1401
f 987/1400 911/1399 1440/1402
f 192/1403 427/1401 62/1404
f 427/1401 192/1403 590/1405
f 427/1401 590/1405 911/1399
f 590/1405 192/1403 626/1406
f 1440/1402 911/1399 1143/1407
f 1143/1407 911/1399 590/1405
f 590/1405 626/1406 840/1408
f 590/1405 840/1408 1143/1407
f 840/1408 626/1406 604/1409
f 1440/1402 1143/1407 1324/1410
f 1324/1410 1143/1407 840/1408
f 1440/1402 1324/1410 1360/1411
f 840/1408 604/1409 770/1412
f 840/1408 770/1412 1324/1410
f 1360/1411 1324/1410 1233/1413
f 1233/1413 1324/1410 770/1412
f 1360/1411 1233/1413 949/1414
f 949/1414 1233/1413 770/1412
f 1360/1411 949/1414 380/1415
f 380/1415 949/1414 770/1412
f 1360/1411 380/1415 633/1416
f 633/1416 380/1415 84/1417
f 84/1417 380/1415 171/1418
f 84/1417 171/1418 2177/1419
f 380/1415 770/1412 483/1420
f 380/1415 483/1420 171/1418
f 2177/1419 171/1418 2118/1421
f 2177/1419 2118/1421 2180/1422
f 2118/1421 171/1418 2241/1423
f 2241/1423 171/1418 2042/1424
f 2042/1424 171/1418 483/1420
f 2241/1423 2042/1424 2289/1425
f 2289/1425 2042/1424 483/1420
f 631/1426 483/1420 770/1412
f 631/1426 770/1412 604/1409
f 631/1426 604/1409 541/1427
f 483/1420 631/1426 507/1428
f 483/1420 507/1428 2289/1425
f 507/1428 631/1426 541/1427
f 2289/1425 507/1428 2233/1429
f 507/1428 541/1427 474/1430
f 507/1428 474/1430 2233/1429
f 474/1430 541/1427 426/1431
f 474/1430 426/1431 2233/1429
f 427/1432 987/1433 713/1434
f 427/1432 713/1434 450/1435
f 427/1432 450/1435 62/1436
f 713/1434 987/1433 967/1437
f 450/1435 713/1434 799/1438
f 799/1438 713/1434 967/1437
f 967/1437 987/1433 1262/1439
f 1262/1439 987/1433 1440/1440
f 967/1437 1262/1439 1282/1441
f 1282/1441 1262/1439 1440/1440
f 1282/1441 1440/1440 1487/1442
f 1487/1442 1440/1440 1360/1443
f 967/1437 1282/1441 1101/1444
f 967/1437 1101/1444 799/1438
f 1282/1441 1487/1442 1303/1445
f 1282/1441 1303/1445 1101/1444
f 1303/1445 1487/1442 1038/1446
f 1101/1444 1303/1445 1110/1447
f 1110/1447 1303/1445 1038/1446
f 799/1438 1101/1444 963/1448
f 963/1448 1101/1444 1110/1447
f 903/1449 1029/1450 1038/1446
f 1038/1446 1029/1450 1110/1447
f 1110/1447 1029/1450 1124/1451
f 1110/1447 1124/1451 1184/1452
f 799/1438 963/1448 524/1453
f 963/1448 1110/1447 1151/1454
f 1110/1447 1184/1452 1298/1455
f 1110/1447 1298/1455 1151/1454
f 1184/1452 1124/1451 1259/1456
f 1184/1452 1259/1456 1298/1455
f 1259/1456 1124/1451 1203/1457
f 1203/1457 1124/1451 1142/1458
f 963/1448 1151/1454 746/1459
f 963/1448 746/1459 524/1453
f 1298/1455 1259/1456 1404/1460
f 1404/1460 1259/1456 1203/1457
f 1342/1461 1151/1454 1298/1455
f 1342/1461 1298/1455 1404/1460
f 1151/1454 1342/1461 750/1462
f 1151/1454 750/1462 746/1459
f 1275/1463 1203/1457 1142/1458
f 1203/1457 1275/1463 1404/1460
f 1275/1463 1142/1458 1228/1464
f 746/1459 750/1462 327/1465
f 746/1459 327/1465 232/1466
f 746/1459 232/1466 210/1467
f 746/1459 210/1467 524/1453
f 524/1453 210/1467 186/1468
f 524/1453 186/1468 167/1469
f 524/1453 167/1469 799/1438
f 799/1438 167/1469 450/1435
f 167/1469 186/1468 142/1470
f 450/1435 167/1469 62/1436
f 62/1436 167/1469 142/1470
f 62/1436 142/1470 48/1471
f 976/1472 327/1465 750/1462
f 327/1465 976/1472 377/1473
f 377/1473 976/1472 400/1474
f 400/1474 976/1472 783/1475
f 783/1475 976/1472 1357/1476
f 976/1472 750/1462 1234/1477
f 1234/1477 750/1462 1342/1461
f 1357/1476 976/1472 1461/1478
f 1461/1478 976/1472 1234/1477
f 1234/1477 1342/1461 1438/1479
f 1234/1477 1438/1479 1461/1478
f 1438/1479 1342/1461 1404/1460
f 1438/1479 1404/1460 1275/1463
f 1438/1479 1275/1463 1309/1480
f 1438/1479 1309/1480 1461/1478
f 1309/1480 1275/1463 1228/1464
f 1309/1480 1228/1464 1305/1481
f 1309/1480 1305/1481 1388/1482
f 1309/1480 1388/1482 1461/1478
f 1388/1482 1305/1481 1319/1483
f 1478/1484 1357/1476 1461/1478
f 1478/1484 1461/1478 1388/1482
f 1357/1476 1478/1484 1474/1485
f 1474/1485 1478/1484 1665/1486
f 1474/1485 1665/1486 1639/1487
f 1639/1487 1665/1486 1684/1488
f 1665/1486 1478/1484 1555/1489
f 1555/1489 1478/1484 1388/1482
f 1684/1488 1665/1486 1712/1490
f 1712/1490 1665/1486 1555/1489
f 1684/1488 1712/1490 1692/1491
f 1692/1491 1712/1490 1714/1492
f 1712/1490 1555/1489 1535/1493
f 1712/1490 1535/1493 1714/1492
f 1555/1489 1388/1482 1447/1494
f 1555/1489 1447/1494 1535/1493
f 1447/1494 1388/1482 1319/1483
f 1535/1493 1447/1494 1198/1495
f 1447/1494 1319/1483 1014/1496
f 1447/1494 1014/1496 1198/1495
f 1014/1496 1319/1483 832/1497
f 1014/1496 832/1497 31/1498
f 1014/1496 31/1498 1198/1495
f 1535/1493 1198/1495 1312/1499
f 1535/1493 1312/1499 1714/1492
f 1714/1492 1312/1499 1355/1500
f 1714/1492 1355/1500 1701/1501
f 1701/1501 1355/1500 1411/1502
f 1411/1502 1355/1500 1374/1503
f 1355/1500 1312/1499 582/1504
f 582/1504 1312/1499 390/1505
f 1374/1503 1355/1500 882/1506
f 882/1506 1355/1500 582/1504
f 1374/1503 882/1506 540/1507
f 882/1506 582/1504 518/1508
f 882/1506 518/1508 540/1507
f 922/1509 1043/610 941/608
f 922/1509 941/608 886/1510
f 886/1510 941/608 1063/1511
f 886/1510 1063/1511 922/1509
f 1063/1511 941/608 1243/561
f 1043/610 922/1509 969/1512
f 969/1512 922/1509 1063/1511
f 1043/610 969/1512 1145/1513
f 1145/1513 969/1512 966/1514
f 966/1514 969/1512 1063/1511
f 966/1514 1063/1511 1243/561
f 966/1514 1243/561 1059/553
f 966/1514 1059/553 873/1515
f 966/1514 873/1515 1028/1516
f 873/1515 1059/553 796/1517
f 796/1517 1059/553 747/544
f 796/1517 747/544 531/543
f 796/1517 531/543 653/1518
f 796/1517 653/1518 873/1515
f 873/1515 653/1518 701/1519
f 701/1519 653/1518 648/1520
f 701/1519 648/1520 873/1515
f 3058/1521 3085/1522 3194/1523
f 3058/1521 3194/1523 3010/1524
f 3010/1524 3194/1523 3101/1525
f 3101/1525 3194/1523 2935/1526
f 3101/1525 2935/1526 3175/1527
f 3194/1523 3085/1522 3226/1528
f 3194/1523 3226/1528 2935/1526
f 3226/1528 3085/1522 3186/1529
f 3186/1529 3085/1522 3070/1530
f 3070/1530 3085/1522 3041/1531
f 3070/1530 3041/1531 2988/1532
f 3070/1530 2988/1532 3033/1533
f 3070/1530 3033/1533 3186/1529
f 3033/1533 2988/1532 2938/1534
f 2804/1535 2869/1536 2938/1534
f 2938/1534 2869/1536 2925/1537
f 2938/1534 2925/1537 3033/1533
f 2925/1537 2869/1536 2898/1538
f 3033/1533 2925/1537 2949/1539
f 2949/1539 2925/1537 2898/1538
f 3033/1533 2949/1539 3040/1540
f 3033/1533 3040/1540 3186/1529
f 2949/1539 2898/1538 2866/1541
f 2949/1539 2866/1541 3040/1540
f 3040/1540 2866/1541 2434/1542
f 3040/1540 2434/1542 3186/1529
f 2866/1541 2898/1538 2586/1543
f 2866/1541 2586/1543 2434/1542
f 2586/1543 2898/1538 2118/1544
f 2118/1544 2898/1538 2704/1545
f 2118/1544 2704/1545 2180/1546
f 2586/1543 2118/1544 2241/1547
f 2586/1543 2241/1547 2434/1542
f 2434/1542 2241/1547 2289/1548
f 2434/1542 2289/1548 2233/1549
f 2434/1542 2233/1549 2432/1550
f 2434/1542 2432/1550 3186/1529
f 2432/1550 2233/1549 2209/1551
f 2432/1550 2209/1551 2441/1552
f 2441/1552 2209/1551 2116/1553
f 3186/1529 2432/1550 2856/1554
f 2856/1554 2432/1550 2441/1552
f 3186/1529 2856/1554 3226/1528
f 2441/1552 2116/1553 2444/1555
f 2441/1552 2444/1555 2856/1554
f 2444/1555 2116/1553 2136/1556
f 3226/1528 2856/1554 2935/1526
f 2935/1526 2856/1554 2444/1555
f 2444/1555 2136/1556 2485/1557
f 2444/1555 2485/1557 2935/1526
f 2485/1557 2136/1556 10/1558
f 2485/1557 10/1558 495/1559
f 2935/1526 2485/1557 2416/1560
f 2935/1526 2416/1560 3175/1527
f 2485/1557 495/1559 700/1561
f 2485/1557 700/1561 2416/1560
f 700/1561 495/1559 764/1562
f 764/1562 495/1559 563/1563
f 3175/1527 2416/1560 2459/1564
f 3175/1527 2459/1564 3228/1565
f 3228/1565 2459/1564 3216/1566
f 2459/1564 2416/1560 135/1567
f 135/1567 2416/1560 700/1561
f 700/1561 764/1562 766/1568
f 700/1561 766/1568 135/1567
f 766/1568 764/1562 803/1569
f 135/1567 766/1568 693/1570
f 693/1570 766/1568 803/1569
f 2459/1564 135/1567 114/1571
f 114/1571 135/1567 693/1570
f 2459/1564 114/1571 2471/1572
f 2459/1564 2471/1572 3216/1566
f 114/1571 693/1570 449/1573
f 114/1571 449/1573 2471/1572
f 3216/1566 2471/1572 2497/1574
f 2497/1574 2471/1572 449/1573
f 3216/1566 2497/1574 3172/1575
f 562/1576 693/1570 803/1569
f 693/1570 562/1576 449/1573
f 578/1577 803/1569 764/1562
f 803/1569 578/1577 562/1576
f 578/1577 764/1562 563/1563
f 449/1573 562/1576 531/1578
f 531/1578 562/1576 578/1577
f 531/1578 578/1577 653/1579
f 449/1573 531/1578 398/1580
f 653/1579 578/1577 648/1581
f 578/1577 563/1563 511/1582
f 511/1582 563/1563 648/1581
f 511/1582 648/1581 578/1577
f 449/1573 398/1580 2515/1583
f 449/1573 2515/1583 2497/1574
f 2515/1583 398/1580 2273/1584
f 2497/1574 2515/1583 3172/1575
f 2515/1583 2273/1584 2928/1585
f 2515/1583 2928/1585 3172/1575
f 3172/1575 2928/1585 3138/1586
f 48/1587 142/1588 2297/1589
f 2297/1589 142/1588 186/1590
f 48/1587 2297/1589 2799/1591
f 2297/1589 186/1590 2756/1592
f 2297/1589 2756/1592 2799/1591
f 2756/1592 186/1590 210/1593
f 48/1587 2799/1591 2844/1594
f 2756/1592 210/1593 2781/1595
f 2799/1591 2756/1592 2788/1596
f 2788/1596 2756/1592 2781/1595
f 2781/1595 210/1593 2811/1597
f 2811/1597 210/1593 232/1598
f 2788/1596 2781/1595 2852/1599
f 2852/1599 2781/1595 2811/1597
f 2799/1591 2788/1596 2890/1600
f 2811/1597 232/1598 2540/1601
f 2540/1601 232/1598 327/1602
f 2811/1597 2540/1601 2850/1603
f 2811/1597 2850/1603 2852/1599
f 2540/1601 327/1602 2746/1604
f 2540/1601 2746/1604 2850/1603
f 2746/1604 327/1602 2544/1605
f 2544/1605 327/1602 377/1606
f 2544/1605 377/1606 2232/1607
f 2544/1605 2232/1607 2860/1608
f 2746/1604 2544/1605 2906/1609
f 2906/1609 2544/1605 2860/1608
f 2746/1604 2906/1609 2850/1603
f 2906/1609 2860/1608 2932/1610
f 2850/1603 2906/1609 2986/1611
f 2850/1603 2986/1611 2852/1599
f 2906/1609 2932/1610 2933/1612
f 2906/1609 2933/1612 2986/1611
f 2933/1612 2932/1610 3050/1613
f 2986/1611 2933/1612 3035/1614
f 3035/1614 2933/1612 3050/1613
f 3035/1614 3050/1613 2996/1615
f 3035/1614 2996/1615 2986/1611
f 2996/1615 3050/1613 2974/1616
f 2996/1615 2974/1616 2610/1617
f 2987/1618 2852/1599 2986/1611
f 2987/1618 2986/1611 2996/1615
f 2996/1615 2610/1617 2550/1619
f 2852/1599 2987/1618 2893/1620
f 2550/1619 2610/1617 31/1621
f 2987/1618 2996/1615 2910/1622
f 2987/1618 2910/1622 2893/1620
f 2996/1615 2550/1619 2785/1623
f 2996/1615 2785/1623 2910/1622
f 2893/1620 2910/1622 2561/1624
f 2561/1624 2910/1622 2785/1623
f 2852/1599 2893/1620 2851/1625
f 2852/1599 2851/1625 2788/1596
f 2788/1596 2851/1625 2890/1600
f 2851/1625 2893/1620 2702/1626
f 2702/1626 2893/1620 2561/1624
f 2890/1600 2851/1625 2924/1627
f 2924/1627 2851/1625 2702/1626
f 2890/1600 2924/1627 2948/1628
f 2890/1600 2948/1628 2799/1591
f 2799/1591 2948/1628 2844/1594
f 2804/1629 2844/1594 2869/1630
f 2869/1630 2844/1594 2948/1628
f 2869/1630 2948/1628 2898/1631
f 2898/1631 2948/1628 2704/1632
f 2948/1628 2924/1627 2757/1633
f 2948/1628 2757/1633 2704/1632
f 2757/1633 2924/1627 2702/1626
f 2704/1632 2757/1633 2095/1634
f 2095/1634 2757/1633 2702/1626
f 2704/1632 2095/1634 2180/1635
f 2180/1635 2095/1634 2177/1636
f 2177/1636 2095/1634 84/1637
f 84/1637 2095/1634 224/1638
f 84/1637 224/1638 633/1639
f 2095/1634 2702/1626 2046/1640
f 224/1638 2095/1634 175/1641
f 175/1641 2095/1634 2046/1640
f 633/1639 224/1638 809/1642
f 633/1639 809/1642 1360/1643
f 224/1638 175/1641 707/1644
f 224/1638 707/1644 809/1642
f 175/1641 2046/1640 576/1645
f 175/1641 576/1645 707/1644
f 2144/1646 2046/1640 2702/1626
f 2046/1640 2144/1646 576/1645
f 2144/1646 2702/1626 2561/1624
f 1036/1647 1360/1643 809/1642
f 1036/1647 809/1642 707/1644
f 1360/1643 1036/1647 1487/1648
f 1487/1648 1036/1647 1038/1649
f 1038/1649 1036/1647 903/1650
f 903/1650 1036/1647 707/1644
f 903/1650 707/1644 576/1645
f 2140/1651 2144/1646 2561/1624
f 903/1650 576/1645 769/1652
f 769/1652 576/1645 2144/1646
f 769/1652 2144/1646 2140/1651
f 903/1650 769/1652 1029/1653
f 2140/1651 2561/1624 2785/1623
f 1029/1653 769/1652 1033/1654
f 1033/1654 769/1652 2140/1651
f 1029/1653 1033/1654 1124/1655
f 1124/1655 1033/1654 1142/1656
f 1142/1656 1033/1654 643/1657
f 643/1657 1033/1654 2140/1651
f 1142/1656 643/1657 1228/1658
f 2140/1651 2785/1623 2101/1659
f 2140/1651 2101/1659 643/1657
f 2101/1659 2785/1623 2059/1660
f 2059/1660 2785/1623 2550/1619
f 643/1657 2101/1659 688/1661
f 688/1661 2101/1659 2059/1660
f 643/1657 688/1661 1228/1658
f 2059/1660 2550/1619 1/1662
f 2059/1660 1/1662 688/1661
f 1/1662 2550/1619 31/1621
f 1228/1658 688/1661 926/1663
f 926/1663 688/1661 1/1662
f 926/1663 1/1662 31/1621
f 1228/1658 926/1663 1305/1664
f 1305/1664 926/1663 31/1621
f 1305/1664 31/1621 832/1665
f 1305/1664 832/1665 1319/1666
f 399/1667 184/1668 2128/1669
f 399/1667 2128/1669 343/1670
f 399/1667 343/1670 505/1671
f 505/1671 343/1670 548/1672
f 505/1671 548/1672 716/1673
f 716/1673 548/1672 986/1674
f 548/1672 343/1670 315/1675
f 343/1670 2128/1669 2138/1676
f 343/1670 2138/1676 315/1675
f 2138/1676 2128/1669 2677/1677
f 2677/1677 2128/1669 2747/1678
f 315/1675 2138/1676 2162/1679
f 315/1675 2162/1679 548/1672
f 2138/1676 2677/1677 2674/1680
f 2138/1676 2674/1680 2162/1679
f 2677/1677 2747/1678 2809/1681
f 2677/1677 2809/1681 2674/1680
f 2809/1681 2747/1678 2839/1682
f 2809/1681 2839/1682 2879/1683
f 2879/1683 2839/1682 2693/1684
f 2809/1681 2879/1683 3001/1685
f 3001/1685 2879/1683 2693/1684
f 2360/1686 2366/1687 2693/1684
f 2693/1684 2366/1687 2340/1688
f 2693/1684 2340/1688 2805/1689
f 2693/1684 2805/1689 3001/1685
f 2805/1689 2340/1688 2876/1690
f 2805/1689 2876/1690 3001/1685
f 2984/1691 2809/1681 3001/1685
f 2809/1681 2984/1691 2674/1680
f 2876/1690 2340/1688 2607/1692
f 3001/1685 2876/1690 3135/1693
f 3001/1685 3135/1693 3068/1694
f 3001/1685 3068/1694 2984/1691
f 3135/1693 2876/1690 3357/1695
f 3068/1694 3135/1693 3282/1696
f 3282/1696 3135/1693 3357/1695
f 3068/1694 3282/1696 3500/1697
f 3282/1696 3357/1695 3457/1698
f 3282/1696 3457/1698 3500/1697
f 3068/1694 3500/1697 3443/1699
f 3068/1694 3443/1699 2984/1691
f 3443/1699 3500/1697 3445/1700
f 3445/1700 3500/1697 3457/1698
f 2984/1691 3443/1699 3372/1701
f 3443/1699 3445/1700 3373/1702
f 3443/1699 3373/1702 3372/1701
f 3445/1700 3457/1698 3467/1703
f 3445/1700 3467/1703 3373/1702
f 3367/1704 3457/1698 3357/1695
f 3467/1703 3457/1698 3451/1705
f 3451/1705 3457/1698 3367/1704
f 3373/1702 3467/1703 3440/1706
f 3373/1702 3440/1706 3372/1701
f 3467/1703 3451/1705 3509/1707
f 3509/1707 3451/1705 3367/1704
f 3367/1704 3357/1695 3015/1708
f 3015/1708 3357/1695 2876/1690
f 3015/1708 2876/1690 2718/1709
f 2718/1709 2876/1690 2607/1692
f 3015/1708 2718/1709 3008/1710
f 3015/1708 3008/1710 3367/1704
f 3008/1710 2718/1709 2607/1692
f 3367/1704 3008/1710 3409/1711
f 3367/1704 3409/1711 3509/1707
f 3008/1710 2607/1692 3082/1712
f 3008/1710 3082/1712 3409/1711
f 3082/1712 2607/1692 2923/1713
f 2923/1713 2607/1692 2660/1714
f 3409/1711 3082/1712 3486/1715
f 2923/1713 2660/1714 3236/1716
f 3236/1716 2660/1714 2647/1717
f 3082/1712 2923/1713 3475/1718
f 3082/1712 3475/1718 3486/1715
f 3475/1718 2923/1713 3236/1716
f 3236/1716 2647/1717 2620/1719
f 3486/1715 3475/1718 3563/1720
f 3409/1711 3486/1715 3559/1721
f 3559/1721 3486/1715 3563/1720
f 3409/1711 3559/1721 3530/1722
f 3409/1711 3530/1722 3509/1707
f 3559/1721 3563/1720 3598/1723
f 3559/1721 3598/1723 3530/1722
f 3563/1720 3475/1718 3560/1724
f 3560/1724 3475/1718 3236/1716
f 3598/1723 3563/1720 3597/1725
f 3597/1725 3563/1720 3560/1724
f 3560/1724 3236/1716 3340/1726
f 3598/1723 3597/1725 3441/1727
f 3530/1722 3598/1723 3544/1728
f 3544/1728 3598/1723 3441/1727
f 3530/1722 3544/1728 3537/1729
f 3530/1722 3537/1729 3509/1707
f 3544/1728 3441/1727 3306/1730
f 3544/1728 3306/1730 3537/1729
f 3441/1727 3597/1725 3039/1731
f 3441/1727 3039/1731 3306/1730
f 2940/1732 3597/1725 3560/1724
f 3597/1725 2940/1732 3039/1731
f 3044/1733 3560/1724 3340/1726
f 3560/1724 3044/1733 2940/1732
f 3044/1733 3340/1726 3296/1734
f 3296/1734 3340/1726 3236/1716
f 3044/1733 3296/1734 2780/1735
f 3044/1733 2780/1735 2940/1732
f 3296/1734 3236/1716 3171/1736
f 3171/1736 3236/1716 2620/1719
f 3171/1736 2620/1719 2900/1737
f 3171/1736 2900/1737 2956/1738
f 3296/1734 3171/1736 3253/1739
f 3296/1734 3253/1739 2780/1735
f 3171/1736 2956/1738 3091/1740
f 3171/1736 3091/1740 3253/1739
f 3091/1740 2956/1738 2952/1741
f 3253/1739 3091/1740 3119/1742
f 3091/1740 2952/1741 3126/1743
f 3091/1740 3126/1743 3119/1742
f 3126/1743 2952/1741 3069/1744
f 3069/1744 2952/1741 2891/1745
f 3119/1742 3126/1743 3009/1746
f 3009/1746 3126/1743 3069/1744
f 3253/1739 3119/1742 3029/1747
f 3029/1747 3119/1742 3009/1746
f 3253/1739 3029/1747 2780/1735
f 3079/1748 2993/1749 3069/1744
f 3069/1744 2993/1749 2957/1750
f 3069/1744 2957/1750 3009/1746
f 2957/1750 2993/1749 2946/1751
f 2957/1750 2946/1751 2617/1752
f 3009/1746 2957/1750 2662/1753
f 3009/1746 2662/1753 3029/1747
f 2957/1750 2617/1752 2598/1754
f 2957/1750 2598/1754 2662/1753
f 2598/1754 2617/1752 2227/1755
f 2598/1754 2227/1755 2170/1756
f 2170/1756 2227/1755 2058/1757
f 2170/1756 2058/1757 109/1758
f 2598/1754 2170/1756 2125/1759
f 2125/1759 2170/1756 109/1758
f 2598/1754 2125/1759 2662/1753
f 2125/1759 109/1758 107/1760
f 2125/1759 107/1760 126/1761
f 126/1761 107/1760 21/1762
f 126/1761 21/1762 71/1763
f 2125/1759 126/1761 2050/1764
f 126/1761 71/1763 120/1765
f 126/1761 120/1765 2050/1764
f 120/1765 71/1763 60/1766
f 120/1765 60/1766 177/1767
f 177/1767 60/1766 155/1768
f 177/1767 155/1768 203/1769
f 120/1765 177/1767 34/1770
f 120/1765 34/1770 2050/1764
f 177/1767 203/1769 64/1771
f 64/1771 203/1769 298/1772
f 34/1770 177/1767 40/1773
f 40/1773 177/1767 64/1771
f 2050/1764 34/1770 2106/1774
f 2106/1774 34/1770 40/1773
f 2106/1774 40/1773 2429/1775
f 2106/1774 2429/1775 2050/1764
f 2429/1775 40/1773 64/1771
f 2050/1764 2429/1775 2549/1776
f 2050/1764 2549/1776 2125/1759
f 2125/1759 2549/1776 2662/1753
f 2662/1753 2549/1776 2632/1777
f 2632/1777 2549/1776 2429/1775
f 2662/1753 2632/1777 3029/1747
f 2632/1777 2429/1775 2638/1778
f 2632/1777 2638/1778 3029/1747
f 2638/1778 2429/1775 64/1771
f 3029/1747 2638/1778 2913/1779
f 3029/1747 2913/1779 2780/1735
f 2913/1779 2638/1778 2741/1780
f 2913/1779 2741/1780 2780/1735
f 2741/1780 2638/1778 2606/1781
f 2638/1778 64/1771 2263/1782
f 2638/1778 2263/1782 2606/1781
f 2741/1780 2606/1781 2395/1783
f 2741/1780 2395/1783 2780/1735
f 2395/1783 2606/1781 2263/1782
f 2263/1782 64/1771 59/1784
f 59/1784 64/1771 298/1772
f 2395/1783 2263/1782 336/1785
f 336/1785 2263/1782 59/1784
f 2780/1735 2395/1783 2286/1786
f 2286/1786 2395/1783 336/1785
f 2780/1735 2286/1786 2940/1732
f 59/1784 298/1772 537/1787
f 59/1784 537/1787 336/1785
f 537/1787 298/1772 738/1788
f 537/1787 738/1788 863/1789
f 537/1787 863/1789 336/1785
f 336/1785 863/1789 762/1790
f 762/1790 863/1789 1131/1791
f 1131/1791 863/1789 1137/1792
f 1131/1791 1137/1792 1072/1793
f 762/1790 1131/1791 798/1794
f 798/1794 1131/1791 1072/1793
f 762/1790 798/1794 336/1785
f 798/1794 1072/1793 669/1795
f 336/1785 798/1794 291/1796
f 291/1796 798/1794 669/1795
f 336/1785 291/1796 2286/1786
f 291/1796 669/1795 213/1797
f 291/1796 213/1797 2130/1798
f 2286/1786 291/1796 2245/1799
f 2245/1799 291/1796 2130/1798
f 2245/1799 2130/1798 2604/1800
f 2286/1786 2245/1799 2940/1732
f 2245/1799 2604/1800 2902/1801
f 2245/1799 2902/1801 2940/1732
f 2940/1732 2902/1801 3039/1731
f 3039/1731 2902/1801 3021/1802
f 3039/1731 3021/1802 3306/1730
f 3306/1730 3021/1802 3224/1803
f 3021/1802 2902/1801 3027/1804
f 3021/1802 3027/1804 3224/1803
f 3306/1730 3224/1803 3537/1729
f 3027/1804 2902/1801 3215/1805
f 3215/1805 2902/1801 2973/1806
f 2973/1806 2902/1801 2726/1807
f 3027/1804 3215/1805 3273/1808
f 3027/1804 3273/1808 3224/1803
f 3215/1805 2973/1806 3265/1809
f 3215/1805 3265/1809 3273/1808
f 3265/1809 2973/1806 2726/1807
f 2767/1810 3006/1811 2726/1807
f 2726/1807 3006/1811 3265/1809
f 3224/1803 3273/1808 3548/1812
f 3224/1803 3548/1812 3537/1729
f 3273/1808 3265/1809 3452/1813
f 3273/1808 3452/1813 3548/1812
f 3265/1809 3006/1811 3387/1814
f 3387/1814 3006/1811 3233/1815
f 3452/1813 3265/1809 3434/1816
f 3434/1816 3265/1809 3387/1814
f 3548/1812 3452/1813 3574/1817
f 3574/1817 3452/1813 3434/1816
f 3596/1818 3537/1729 3548/1812
f 3596/1818 3548/1812 3574/1817
f 3537/1729 3596/1818 3555/1819
f 3537/1729 3555/1819 3509/1707
f 3596/1818 3574/1817 3603/1820
f 3596/1818 3603/1820 3555/1819
f 3509/1707 3555/1819 3467/1703
f 3467/1703 3555/1819 3532/1821
f 3467/1703 3532/1821 3440/1706
f 3532/1821 3555/1819 3564/1822
f 3532/1821 3564/1822 3440/1706
f 3564/1822 3555/1819 3603/1820
f 3513/1823 3603/1820 3574/1817
f 3513/1823 3574/1817 3434/1816
f 3603/1820 3513/1823 3610/1824
f 3603/1820 3610/1824 3564/1822
f 3513/1823 3434/1816 3442/1825
f 3513/1823 3442/1825 3610/1824
f 3442/1825 3434/1816 3387/1814
f 3442/1825 3387/1814 3338/1826
f 3610/1824 3442/1825 3594/1827
f 3610/1824 3594/1827 3564/1822
f 3594/1827 3442/1825 3405/1828
f 3564/1822 3594/1827 3569/1829
f 3442/1825 3338/1826 3311/1830
f 3442/1825 3311/1830 3405/1828
f 3311/1830 3338/1826 3128/1831
f 3594/1827 3405/1828 3455/1832
f 3594/1827 3455/1832 3569/1829
f 3455/1832 3405/1828 3311/1830
f 3311/1830 3128/1831 3139/1833
f 3564/1822 3569/1829 3553/1834
f 3553/1834 3569/1829 3455/1832
f 3311/1830 3139/1833 3178/1835
f 3178/1835 3139/1833 3003/1836
f 3455/1832 3311/1830 3416/1837
f 3416/1837 3311/1830 3178/1835
f 3455/1832 3416/1837 3553/1834
f 3564/1822 3553/1834 3440/1706
f 3416/1837 3178/1835 3483/1838
f 3553/1834 3416/1837 3540/1839
f 3540/1839 3416/1837 3483/1838
f 3553/1834 3540/1839 3411/1840
f 3411/1840 3540/1839 3483/1838
f 3440/1706 3553/1834 3391/1841
f 3391/1841 3553/1834 3411/1840
f 3440/1706 3391/1841 3372/1701
f 3391/1841 3411/1840 3302/1842
f 3391/1841 3302/1842 3372/1701
f 3411/1840 3483/1838 3339/1843
f 3339/1843 3483/1838 3430/1844
f 3339/1843 3430/1844 3303/1845
f 3303/1845 3430/1844 3410/1846
f 3411/1840 3339/1843 3260/1847
f 3260/1847 3339/1843 3303/1845
f 3411/1840 3260/1847 3302/1842
f 3260/1847 3303/1845 3242/1848
f 3260/1847 3242/1848 3203/1849
f 3260/1847 3203/1849 2686/1850
f 2686/1850 3203/1849 2982/1851
f 3302/1842 3260/1847 2936/1852
f 2936/1852 3260/1847 2686/1850
f 2936/1852 2686/1850 2397/1853
f 2397/1853 2686/1850 2553/1854
f 2397/1853 2553/1854 487/1855
f 1136/1856 487/1855 1212/1857
f 487/1855 1136/1856 513/1858
f 487/1855 513/1858 2397/1853
f 513/1858 1136/1856 986/1674
f 513/1858 986/1674 482/1859
f 513/1858 482/1859 2397/1853
f 482/1859 986/1674 548/1672
f 482/1859 548/1672 2307/1860
f 482/1859 2307/1860 2397/1853
f 2307/1860 548/1672 2162/1679
f 2307/1860 2162/1679 2674/1680
f 2397/1853 2307/1860 2678/1861
f 2678/1861 2307/1860 2674/1680
f 2397/1853 2678/1861 2936/1852
f 2678/1861 2674/1680 2806/1862
f 2806/1862 2674/1680 2984/1691
f 2936/1852 2678/1861 2864/1863
f 2864/1863 2678/1861 2806/1862
f 2936/1852 2864/1863 3302/1842
f 2806/1862 2984/1691 2983/1864
f 2806/1862 2983/1864 2864/1863
f 2864/1863 2983/1864 3302/1842
f 2983/1864 2984/1691 3372/1701
f 2983/1864 3372/1701 3302/1842
f 433/1865 399/1866 505/1867
f 433/1865 505/1867 466/1868
f 433/1865 466/1868 333/1869
f 466/1868 505/1867 716/1870
f 333/1869 466/1868 306/1871
f 333/1869 306/1871 2366/1872
f 466/1868 716/1870 740/1873
f 466/1868 740/1873 306/1871
f 740/1873 716/1870 946/1874
f 2366/1872 306/1871 375/1875
f 375/1875 306/1871 740/1873
f 2366/1872 375/1875 2163/1876
f 2366/1872 2163/1876 2340/1877
f 375/1875 740/1873 517/1878
f 375/1875 517/1878 2163/1876
f 517/1878 740/1873 946/1874
f 2340/1877 2163/1876 2508/1879
f 2508/1879 2163/1876 517/1878
f 2340/1877 2508/1879 2607/1880
f 986/1881 946/1874 716/1870
f 2607/1880 2508/1879 2141/1882
f 2607/1880 2141/1882 2660/1883
f 2660/1883 2141/1882 2647/1884
f 2508/1879 517/1878 176/1885
f 2508/1879 176/1885 2141/1882
f 176/1885 517/1878 602/1886
f 2647/1884 2141/1882 2191/1887
f 2647/1884 2191/1887 2620/1888
f 2141/1882 176/1885 637/1889
f 637/1889 176/1885 602/1886
f 2191/1887 2141/1882 523/1890
f 523/1890 2141/1882 637/1889
f 2191/1887 523/1890 302/1891
f 937/1892 602/1886 517/1878
f 937/1892 517/1878 946/1874
f 637/1889 602/1886 1265/1893
f 602/1886 937/1892 1189/1894
f 602/1886 1189/1894 1265/1893
f 637/1889 1265/1893 1208/1895
f 637/1889 1208/1895 523/1890
f 523/1890 1208/1895 924/1896
f 523/1890 924/1896 302/1891
f 1208/1895 1265/1893 1213/1897
f 1213/1897 1265/1893 1189/1894
f 924/1896 1208/1895 709/1898
f 924/1896 709/1898 302/1891
f 1208/1895 1213/1897 1126/1899
f 1106/1900 1189/1894 937/1892
f 1106/1900 937/1892 946/1874
f 1213/1897 1189/1894 1425/1901
f 1189/1894 1106/1900 1179/1902
f 1189/1894 1179/1902 1425/1901
f 1106/1900 946/1874 1258/1903
f 1106/1900 1258/1903 1179/1902
f 1179/1902 1258/1903 1562/1904
f 1179/1902 1562/1904 1425/1901
f 1258/1903 946/1874 1549/1905
f 1258/1903 1549/1905 1562/1904
f 1549/1905 946/1874 1629/1906
f 1629/1906 946/1874 986/1881
f 1562/1904 1549/1905 1672/1907
f 1562/1904 1672/1907 1425/1901
f 1549/1905 1629/1906 1675/1908
f 1549/1905 1675/1908 1672/1907
f 1672/1907 1675/1908 1661/1909
f 1672/1907 1661/1909 1425/1901
f 1675/1908 1629/1906 1815/1910
f 1430/1911 1213/1897 1425/1901
f 1430/1911 1425/1901 1661/1909
f 1213/1897 1430/1911 1126/1899
f 1126/1899 1430/1911 1471/1912
f 1430/1911 1661/1909 1707/1913
f 1430/1911 1707/1913 1471/1912
f 1867/1914 1661/1909 1675/1908
f 1867/1914 1675/1908 1815/1910
f 1707/1913 1661/1909 1839/1915
f 1839/1915 1661/1909 1867/1914
f 1471/1912 1707/1913 1257/1916
f 1471/1912 1257/1916 1126/1899
f 1707/1913 1839/1915 1687/1917
f 1707/1913 1687/1917 1257/1916
f 1839/1915 1867/1914 1879/1918
f 1839/1915 1879/1918 1687/1917
f 1879/1918 1867/1914 1876/1919
f 1876/1919 1867/1914 1815/1910
f 1879/1918 1876/1919 1890/1920
f 1890/1920 1876/1919 1894/1921
f 1894/1921 1876/1919 1815/1910
f 1687/1917 1879/1918 1729/1922
f 1729/1922 1879/1918 1795/1923
f 1729/1922 1795/1923 1653/1924
f 1729/1922 1653/1924 1636/1925
f 1729/1922 1636/1925 1723/1926
f 1729/1922 1723/1926 1687/1917
f 1723/1926 1636/1925 1576/1927
f 1826/1928 1576/1927 1558/1929
f 1576/1927 1826/1928 1651/1930
f 1576/1927 1651/1930 1723/1926
f 1651/1930 1826/1928 1796/1931
f 1687/1917 1723/1926 1705/1932
f 1705/1932 1723/1926 1651/1930
f 1687/1917 1705/1932 1525/1933
f 1705/1932 1651/1930 1624/1934
f 1624/1934 1651/1930 1796/1931
f 1705/1932 1624/1934 1525/1933
f 1624/1934 1796/1931 1452/1935
f 1624/1934 1452/1935 1525/1933
f 1452/1935 1796/1931 1637/1936
f 1687/1917 1525/1933 1257/1916
f 1452/1935 1637/1936 1394/1937
f 1257/1916 1525/1933 1332/1938
f 1525/1933 1452/1935 1264/1939
f 1525/1933 1264/1939 1332/1938
f 1264/1939 1452/1935 1394/1937
f 1257/1916 1332/1938 1260/1940
f 1260/1940 1332/1938 1264/1939
f 1257/1916 1260/1940 942/1941
f 1257/1916 942/1941 1126/1899
f 1260/1940 1264/1939 1182/1942
f 1182/1942 1264/1939 1394/1937
f 1260/1940 1182/1942 942/1941
f 1182/1942 1394/1937 896/1943
f 1182/1942 896/1943 942/1941
f 1126/1899 942/1941 1208/1895
f 896/1943 1394/1937 1137/1944
f 896/1943 1137/1944 863/1945
f 896/1943 863/1945 738/1946
f 1208/1895 942/1941 709/1898
f 942/1941 896/1943 805/1947
f 805/1947 896/1943 738/1946
f 942/1941 805/1947 709/1898
f 805/1947 738/1946 538/1948
f 805/1947 538/1948 709/1898
f 538/1948 738/1946 298/1949
f 538/1948 298/1949 462/1950
f 538/1948 462/1950 709/1898
f 462/1950 298/1949 203/1951
f 709/1898 462/1950 357/1952
f 357/1952 462/1950 203/1951
f 709/1898 357/1952 302/1891
f 357/1952 203/1951 155/1953
f 357/1952 155/1953 2196/1954
f 2196/1954 155/1953 60/1955
f 302/1891 357/1952 89/1956
f 357/1952 2196/1954 2277/1957
f 357/1952 2277/1957 89/1956
f 2277/1957 2196/1954 2517/1958
f 302/1891 89/1956 2212/1959
f 2212/1959 89/1956 2277/1957
f 302/1891 2212/1959 2191/1887
f 2191/1887 2212/1959 2620/1888
f 2212/1959 2277/1957 2596/1960
f 2212/1959 2596/1960 2620/1888
f 2596/1960 2277/1957 2517/1958
f 2620/1888 2596/1960 2900/1961
f 2900/1961 2596/1960 2517/1958
f 2900/1961 2517/1958 2956/1962
f 1485/1963 1815/1910 1629/1906
f 1485/1963 1629/1906 986/1881
f 1815/1910 1485/1963 1567/1964
f 1815/1910 1567/1964 1620/1965
f 1620/1965 1567/1964 1439/1966
f 1439/1966 1567/1964 1485/1963
f 1485/1963 986/1881 1166/1967
f 1485/1963 1166/1967 1439/1966
f 1166/1967 986/1881 1136/1968
f 1166/1967 1136/1968 1212/1969
f 1166/1967 1212/1969 1439/1966
f 1439/1966 1212/1969 1350/1970
f 2860/1971 3049/1972 2932/1973
f 2932/1973 3049/1972 3160/1974
f 2932/1973 3160/1974 3050/1975
f 3160/1974 3049/1972 3403/1976
f 3403/1976 3049/1972 3170/1977
f 3403/1976 3170/1977 3231/1978
f 3050/1975 3160/1974 3155/1979
f 3155/1979 3160/1974 3403/1976
f 3050/1975 3155/1979 2974/1980
f 3403/1976 3231/1978 3437/1981
f 2974/1980 3155/1979 2883/1982
f 3155/1979 3403/1976 3081/1983
f 3155/1979 3081/1983 2883/1982
f 2974/1980 2883/1982 2560/1984
f 2974/1980 2560/1984 2610/1985
f 2610/1985 2560/1984 31/1986
f 2560/1984 2883/1982 2592/1987
f 2592/1987 2883/1982 3081/1983
f 31/1986 2560/1984 82/1988
f 82/1988 2560/1984 2592/1987
f 31/1986 82/1988 1198/1989
f 3127/1990 3081/1983 3403/1976
f 3081/1983 3127/1990 2592/1987
f 3127/1990 3403/1976 3131/1991
f 3131/1991 3403/1976 3437/1981
f 1198/1989 82/1988 2092/1992
f 2092/1992 82/1988 2592/1987
f 1198/1989 2092/1992 962/1993
f 1198/1989 962/1993 1312/1994
f 1312/1994 962/1993 390/1995
f 390/1995 962/1993 2092/1992
f 390/1995 2092/1992 844/1996
f 844/1996 2092/1992 239/1997
f 239/1997 2092/1992 2266/1998
f 2092/1992 2592/1987 2947/1999
f 2092/1992 2947/1999 2266/1998
f 239/1997 2266/1998 105/2000
f 2266/1998 2947/1999 2699/2001
f 2266/1998 2699/2001 2526/2002
f 2266/1998 2526/2002 105/2000
f 2699/2001 2947/1999 3134/2003
f 2699/2001 3134/2003 2526/2002
f 3162/2004 2947/1999 2592/1987
f 2947/1999 3162/2004 3304/2005
f 2947/1999 3304/2005 3134/2003
f 3162/2004 2592/1987 2694/2006
f 2694/2006 2592/1987 3127/1990
f 2694/2006 3127/1990 3131/1991
f 2526/2002 3134/2003 2625/2007
f 2526/2002 2625/2007 105/2000
f 3162/2004 2694/2006 3206/2008
f 3162/2004 3206/2008 3304/2005
f 3492/2009 3134/2003 3304/2005
f 3304/2005 3206/2008 3636/2010
f 3492/2009 3304/2005 3608/2011
f 3608/2011 3304/2005 3636/2010
f 3492/2009 3608/2011 3421/2012
f 3421/2012 3608/2011 3623/2013
f 3623/2013 3608/2011 3636/2010
f 3623/2013 3636/2010 3635/2014
f 3492/2009 3421/2012 3328/2015
f 3492/2009 3328/2015 3134/2003
f 3328/2015 3421/2012 3301/2016
f 3301/2016 3421/2012 3397/2017
f 3134/2003 3328/2015 3133/2018
f 3133/2018 3328/2015 3301/2016
f 3134/2003 3133/2018 2625/2007
f 3301/2016 3397/2017 3364/2019
f 3364/2019 3397/2017 3382/2020
f 3364/2019 3382/2020 3365/2021
f 3301/2016 3364/2019 3267/2022
f 3301/2016 3267/2022 3133/2018
f 3364/2019 3365/2021 3261/2023
f 3364/2019 3261/2023 3267/2022
f 3133/2018 3267/2022 3157/2024
f 3157/2024 3267/2022 3114/2025
f 3157/2024 3114/2025 3133/2018
f 3114/2025 3267/2022 3261/2023
f 3133/2018 3114/2025 3061/2026
f 3133/2018 3061/2026 2625/2007
f 3061/2026 3114/2025 3104/2027
f 3104/2027 3114/2025 3261/2023
f 2625/2007 3061/2026 2652/2028
f 3061/2026 3104/2027 3062/2029
f 3061/2026 3062/2029 2652/2028
f 3062/2029 3104/2027 3094/2030
f 3094/2030 3104/2027 3261/2023
f 3062/2029 3094/2030 3019/2031
f 3307/2032 3261/2023 3365/2021
f 3307/2032 3365/2021 3292/2033
f 3307/2032 3292/2033 3217/2034
f 3307/2032 3217/2034 3264/2035
f 3307/2032 3264/2035 3261/2023
f 3264/2035 3217/2034 3300/2036
f 3191/2037 3094/2030 3261/2023
f 3191/2037 3261/2023 3264/2035
f 3094/2030 3191/2037 3066/2038
f 3094/2030 3066/2038 3019/2031
f 3264/2035 3300/2036 3271/2039
f 3264/2035 3271/2039 3191/2037
f 3271/2039 3300/2036 3324/2040
f 3066/2038 3191/2037 3146/2041
f 3146/2041 3191/2037 3271/2039
f 3066/2038 3146/2041 3019/2031
f 3271/2039 3324/2040 3187/2042
f 3271/2039 3187/2042 3146/2041
f 3019/2031 3146/2041 2953/2043
f 2953/2043 3146/2041 3187/2042
f 3187/2042 3324/2040 3268/2044
f 3187/2042 3268/2044 3208/2045
f 3268/2044 3324/2040 3262/2046
f 3262/2046 3324/2040 3256/2047
f 3262/2046 3256/2047 3384/2048
f 3384/2048 3256/2047 3355/2049
f 3384/2048 3355/2049 3524/2050
f 3262/2046 3384/2048 3247/2051
f 3268/2044 3262/2046 3149/2052
f 3149/2052 3262/2046 3247/2051
f 3268/2044 3149/2052 3208/2045
f 3149/2052 3247/2051 3118/2053
f 3149/2052 3118/2053 2528/2054
f 3020/2055 3187/2042 3208/2045
f 3020/2055 3208/2045 3149/2052
f 3187/2042 3020/2055 2953/2043
f 3149/2052 2528/2054 2352/2056
f 2352/2056 2528/2054 2320/2057
f 3020/2055 3149/2052 2711/2058
f 2711/2058 3149/2052 2352/2056
f 2953/2043 3020/2055 2578/2059
f 2578/2059 3020/2055 2711/2058
f 2711/2058 2352/2056 2365/2060
f 2365/2060 2352/2056 2320/2057
f 2578/2059 2711/2058 2299/2061
f 2299/2061 2711/2058 2365/2060
f 2365/2060 2320/2057 19/2062
f 2365/2060 19/2062 2299/2061
f 19/2062 2320/2057 158/2063
f 19/2062 158/2063 385/2064
f 2578/2059 2299/2061 2288/2065
f 2578/2059 2288/2065 2953/2043
f 2299/2061 19/2062 2260/2066
f 2299/2061 2260/2066 2288/2065
f 19/2062 385/2064 510/2067
f 510/2067 385/2064 781/2068
f 2260/2066 19/2062 116/2069
f 116/2069 19/2062 510/2067
f 2953/2043 2288/2065 2419/2070
f 2953/2043 2419/2070 3019/2031
f 2288/2065 2260/2066 2237/2071
f 2288/2065 2237/2071 2419/2070
f 2260/2066 116/2069 36/2072
f 2260/2066 36/2072 2237/2071
f 3019/2031 2419/2070 2724/2073
f 3019/2031 2724/2073 3062/2029
f 2419/2070 2237/2071 2219/2074
f 2419/2070 2219/2074 2724/2073
f 3062/2029 2724/2073 2652/2028
f 2237/2071 36/2072 115/2075
f 2237/2071 115/2075 2219/2074
f 2724/2073 2219/2074 2151/2076
f 2724/2073 2151/2076 2652/2028
f 2219/2074 115/2075 190/2077
f 2151/2076 2219/2074 381/2078
f 381/2078 2219/2074 190/2077
f 2652/2028 2151/2076 20/2079
f 2151/2076 381/2078 820/2080
f 2151/2076 820/2080 20/2079
f 2652/2028 20/2079 46/2081
f 2652/2028 46/2081 2625/2007
f 2625/2007 46/2081 105/2000
f 46/2081 20/2079 346/2082
f 46/2081 346/2082 105/2000
f 20/2079 820/2080 597/2083
f 20/2079 597/2083 346/2082
f 105/2000 346/2082 1037/2084
f 105/2000 1037/2084 779/2085
f 779/2085 1037/2084 1190/2086
f 1037/2084 346/2082 702/2087
f 1190/2086 1037/2084 1172/2088
f 1190/2086 1172/2088 1045/2089
f 1037/2084 702/2087 1117/2090
f 1037/2084 1117/2090 1172/2088
f 702/2087 346/2082 894/2091
f 702/2087 894/2091 1117/2090
f 894/2091 346/2082 597/2083
f 1172/2088 1117/2090 1112/2092
f 1172/2088 1112/2092 1045/2089
f 1117/2090 894/2091 1096/2093
f 1117/2090 1096/2093 1112/2092
f 894/2091 597/2083 988/2094
f 894/2091 988/2094 1096/2093
f 988/2094 597/2083 972/2095
f 1096/2093 988/2094 1071/2096
f 1071/2096 988/2094 972/2095
f 1096/2093 1071/2096 1112/2092
f 972/2095 597/2083 820/2080
f 1016/2097 1045/2089 1112/2092
f 1045/2089 1016/2097 875/2098
f 1045/2089 875/2098 917/2099
f 917/2099 875/2098 816/2100
f 816/2100 875/2098 826/2101
f 972/2095 820/2080 944/2102
f 972/2095 944/2102 1071/2096
f 944/2102 820/2080 845/2103
f 826/2101 875/2098 895/2104
f 826/2101 895/2104 788/2105
f 992/2106 875/2098 1016/2097
f 875/2098 992/2106 895/2104
f 992/2106 1016/2097 1112/2092
f 895/2104 992/2106 927/2107
f 927/2107 992/2106 1112/2092
f 895/2104 927/2107 788/2105
f 927/2107 1112/2092 1071/2096
f 788/2105 927/2107 768/2108
f 768/2108 927/2107 1071/2096
f 768/2108 1071/2096 944/2102
f 788/2105 768/2108 611/2109
f 611/2109 768/2108 515/2110
f 768/2108 944/2102 838/2111
f 838/2111 944/2102 845/2103
f 515/2110 768/2108 639/2112
f 639/2112 768/2108 838/2111
f 515/2110 639/2112 455/2113
f 515/2110 455/2113 423/2114
f 639/2112 838/2111 681/2115
f 838/2111 845/2103 739/2116
f 838/2111 739/2116 681/2115
f 739/2116 845/2103 820/2080
f 739/2116 820/2080 381/2078
f 739/2116 381/2078 617/2117
f 739/2116 617/2117 681/2115
f 617/2117 381/2078 190/2077
f 639/2112 681/2115 545/2118
f 639/2112 545/2118 455/2113
f 681/2115 617/2117 601/2119
f 681/2115 601/2119 545/2118
f 601/2119 617/2117 190/2077
f 455/2113 545/2118 687/2120
f 455/2113 687/2120 423/2114
f 423/2114 687/2120 477/2121
f 687/2120 545/2118 802/2122
f 802/2122 545/2118 601/2119
f 687/2120 802/2122 1129/2123
f 802/2122 601/2119 865/2124
f 802/2122 865/2124 1129/2123
f 330/2125 601/2119 190/2077
f 330/2125 190/2077 115/2075
f 601/2119 330/2125 627/2126
f 601/2119 627/2126 865/2124
f 330/2125 115/2075 396/2127
f 330/2125 396/2127 627/2126
f 396/2127 115/2075 36/2072
f 396/2127 36/2072 424/2128
f 396/2127 424/2128 627/2126
f 424/2128 36/2072 116/2069
f 424/2128 116/2069 614/2129
f 424/2128 614/2129 627/2126
f 614/2129 116/2069 510/2067
f 627/2126 614/2129 904/2130
f 904/2130 614/2129 510/2067
f 627/2126 904/2130 865/2124
f 904/2130 510/2067 1134/2131
f 904/2130 1134/2131 865/2124
f 1134/2131 510/2067 781/2068
f 1134/2131 781/2068 1031/2132
f 865/2124 1134/2131 1133/2133
f 1133/2133 1134/2131 1031/2132
f 865/2124 1133/2133 1129/2123
f 1133/2133 1031/2132 697/2134
f 1129/2123 1133/2133 773/2135
f 773/2135 1133/2133 697/2134
f 2207/2136 2119/2137 2351/2138
f 2207/2136 2351/2138 2305/2139
f 2305/2139 2351/2138 2450/2140
f 2207/2136 2305/2139 2205/2141
f 2205/2141 2305/2139 2450/2140
f 2450/2140 2351/2138 2532/2142
f 2207/2136 2205/2141 2134/2143
f 2134/2143 2205/2141 52/2144
f 2134/2143 52/2144 51/2145
f 2205/2141 2450/2140 2426/2146
f 2205/2141 2426/2146 2244/2147
f 2450/2140 2532/2142 2558/2148
f 2450/2140 2558/2148 2426/2146
f 2244/2147 2426/2146 2376/2149
f 2244/2147 2376/2149 2264/2150
f 2376/2149 2426/2146 2558/2148
f 2376/2149 2558/2148 2524/2151
f 2524/2151 2558/2148 2379/2152
f 2558/2148 2532/2142 2438/2153
f 2558/2148 2438/2153 2379/2152
f 2438/2153 2532/2142 2351/2138
f 2379/2152 2438/2153 2242/2154
f 2242/2154 2438/2153 2351/2138
f 2379/2152 2242/2154 2108/2155
f 2242/2154 2351/2138 2119/2137
f 2242/2154 2119/2137 2108/2155
f 2108/2155 2119/2137 129/2156
f 129/2156 2119/2137 2111/2157
f 2111/2157 2119/2137 2251/2158
f 2251/2158 2119/2137 2207/2136
f 2251/2158 2207/2136 2169/2159
f 2169/2159 2207/2136 2134/2143
f 2169/2159 2134/2143 51/2145
f 2251/2158 2169/2159 2171/2160
f 2251/2158 2171/2160 2111/2157
f 2171/2160 2169/2159 51/2145
f 2111/2157 2171/2160 24/2161
f 24/2161 2171/2160 51/2145
f 2111/2157 24/2161 129/2156
f 24/2161 51/2145 131/2162
f 24/2161 131/2162 129/2156
f 131/2162 51/2145 162/2163
f 131/2162 162/2163 326/2164
f 131/2162 326/2164 129/2156
f 129/2156 326/2164 543/2165
f 129/2156 543/2165 451/2166
f 129/2156 451/2166 2108/2155
f 451/2166 543/2165 1130/2167
f 1130/2167 543/2165 1128/2168
f 2108/2155 451/2166 457/2169
f 2108/2155 457/2169 233/2170
f 457/2169 451/2166 857/2171
f 857/2171 451/2166 1130/2167
f 233/2170 457/2169 718/2172
f 718/2172 457/2169 857/2171
f 233/2170 718/2172 354/2173
f 354/2173 718/2172 985/2174
f 718/2172 857/2171 1205/2175
f 718/2172 1205/2175 985/2174
f 857/2171 1130/2167 1169/2176
f 857/2171 1169/2176 1205/2175
f 1169/2176 1130/2167 1334/2177
f 1169/2176 1334/2177 1205/2175
f 1269/2178 1238/2179 1130/2167
f 1130/2167 1238/2179 1334/2177
f 985/2174 1205/2175 1301/2180
f 985/2174 1301/2180 1380/2181
f 1301/2180 1205/2175 1379/2182
f 1379/2182 1205/2175 1334/2177
f 1334/2177 1238/2179 1178/2183
f 1178/2183 1238/2179 1177/2184
f 1178/2183 1177/2184 1107/2185
f 1107/2185 1177/2184 1069/2186
f 1107/2185 1069/2186 1139/2187
f 1107/2185 1139/2187 1199/2188
f 1334/2177 1178/2183 1345/2189
f 1345/2189 1178/2183 1274/2190
f 1334/2177 1345/2189 1580/2191
f 1580/2191 1345/2189 1274/2190
f 1334/2177 1580/2191 1379/2182
f 1580/2191 1274/2190 1691/2192
f 1691/2192 1274/2190 1741/2193
f 1580/2191 1691/2192 1646/2194
f 1691/2192 1741/2193 1735/2195
f 1691/2192 1735/2195 1646/2194
f 1735/2195 1741/2193 1738/2196
f 1738/2196 1741/2193 1766/2197
f 1738/2196 1766/2197 1873/2198
f 1735/2195 1738/2196 1830/2199
f 1830/2199 1738/2196 1873/2198
f 1646/2194 1735/2195 1760/2200
f 1760/2200 1735/2195 1830/2199
f 1697/2201 1580/2191 1646/2194
f 1697/2201 1646/2194 1760/2200
f 1830/2199 1873/2198 1900/2202
f 1900/2202 1873/2198 1877/2203
f 1760/2200 1830/2199 1844/2204
f 1844/2204 1830/2199 1900/2202
f 1697/2201 1760/2200 1734/2205
f 1734/2205 1760/2200 1844/2204
f 1444/2206 1580/2191 1697/2201
f 1580/2191 1444/2206 1379/2182
f 1444/2206 1697/2201 1545/2207
f 1379/2182 1444/2206 1409/2208
f 1409/2208 1444/2206 1545/2207
f 1545/2207 1697/2201 1650/2209
f 1545/2207 1650/2209 1409/2208
f 1650/2209 1697/2201 1734/2205
f 1409/2208 1650/2209 1379/2182
f 1703/2210 1734/2205 1844/2204
f 1734/2205 1703/2210 1650/2209
f 1379/2182 1650/2209 1514/2211
f 1514/2211 1650/2209 1703/2210
f 1379/2182 1514/2211 1301/2180
f 1301/2180 1514/2211 1380/2181
f 1380/2181 1514/2211 1386/2212
f 1386/2212 1514/2211 1703/2210
f 1703/2210 1844/2204 1804/2213
f 1804/2213 1844/2204 1847/2214
f 1703/2210 1804/2213 1719/2215
f 1719/2215 1804/2213 1847/2214
f 1847/2214 1844/2204 1900/2202
f 1703/2210 1719/2215 1600/2216
f 1703/2210 1600/2216 1386/2212
f 1600/2216 1719/2215 1563/2217
f 1600/2216 1563/2217 1386/2212
f 1719/2215 1847/2214 1740/2218
f 1847/2214 1900/2202 1819/2219
f 1819/2219 1900/2202 1877/2203
f 1819/2219 1877/2203 1749/2220
f 1749/2220 1877/2203 1777/2221
f 1819/2219 1749/2220 1718/2222
f 1847/2214 1819/2219 1737/2223
f 1737/2223 1819/2219 1718/2222
f 1847/2214 1737/2223 1740/2218
f 1737/2223 1718/2222 1676/2224
f 1737/2223 1676/2224 1642/2225
f 1737/2223 1642/2225 1740/2218
f 1642/2225 1676/2224 1556/2226
f 1678/2227 1719/2215 1740/2218
f 1678/2227 1740/2218 1642/2225
f 1719/2215 1678/2227 1563/2217
f 1642/2225 1556/2226 1582/2228
f 1642/2225 1582/2228 1678/2227
f 1582/2228 1556/2226 1572/2229
f 1582/2228 1572/2229 1678/2227
f 1678/2227 1572/2229 1563/2217
f 1572/2229 1556/2226 1468/2230
f 1563/2217 1572/2229 1318/2231
f 1318/2231 1572/2229 1468/2230
f 1563/2217 1318/2231 1386/2212
f 1318/2231 1468/2230 1194/2232
f 1318/2231 1194/2232 1386/2212
f 1194/2232 1468/2230 1380/2181
f 1227/2233 1380/2181 1386/2212
f 1380/2181 1227/2233 1194/2232
f 1194/2232 1227/2233 1386/2212
f 480/2234 281/2235 2553/2236
f 2553/2236 281/2235 757/2237
f 757/2237 281/2235 480/2234
f 757/2237 480/2234 1372/2238
f 480/2234 2553/2236 2575/2239
f 1372/2238 480/2234 1340/2240
f 480/2234 2575/2239 521/2241
f 480/2234 521/2241 1340/2240
f 521/2241 2575/2239 2460/2242
f 521/2241 2460/2242 421/2243
f 521/2241 421/2243 1340/2240
f 2460/2242 2575/2239 2964/2244
f 421/2243 2460/2242 2388/2245
f 2388/2245 2460/2242 2964/2244
f 1340/2240 421/2243 1187/2246
f 421/2243 2388/2245 44/2247
f 421/2243 44/2247 1187/2246
f 1187/2246 44/2247 280/2248
f 44/2247 2388/2245 2359/2249
f 44/2247 2359/2249 280/2248
f 2359/2249 2388/2245 2681/2250
f 2359/2249 2681/2250 2648/2251
f 2359/2249 2648/2251 280/2248
f 2681/2250 2388/2245 2837/2252
f 2681/2250 2837/2252 2648/2251
f 2837/2252 2388/2245 2907/2253
f 2907/2253 2388/2245 2964/2244
f 2648/2251 2837/2252 2643/2254
f 280/2248 2648/2251 2142/2255
f 2142/2255 2648/2251 2643/2254
f 2837/2252 2907/2253 2874/2256
f 2837/2252 2874/2256 2643/2254
f 2874/2256 2907/2253 2945/2257
f 2945/2257 2907/2253 2964/2244
f 2643/2254 2874/2256 2714/2258
f 2945/2257 2964/2244 3144/2259
f 2714/2258 2874/2256 2919/2260
f 2919/2260 2874/2256 2945/2257
f 2714/2258 2919/2260 2787/2261
f 2787/2261 2919/2260 2989/2262
f 2787/2261 2989/2262 3014/2263
f 3014/2263 2989/2262 3073/2264
f 3073/2264 2989/2262 2919/2260
f 3073/2264 2919/2260 2945/2257
f 3073/2264 2945/2257 3144/2259
f 3073/2264 3144/2259 2794/2265
f 2794/2265 3144/2259 3077/2266
f 3077/2266 3144/2259 3381/2267
f 3381/2267 3144/2259 3254/2268
f 3254/2268 3144/2259 2964/2244
f 3077/2266 3381/2267 3412/2269
f 3412/2269 3381/2267 3254/2268
f 3077/2266 3412/2269 3410/2270
f 3410/2270 3412/2269 3303/2271
f 3303/2271 3412/2269 3254/2268
f 3254/2268 2964/2244 3174/2272
f 3174/2272 2964/2244 2575/2239
f 3303/2271 3254/2268 3185/2273
f 3185/2273 3254/2268 3174/2272
f 3174/2272 2575/2239 2859/2274
f 3174/2272 2859/2274 3185/2273
f 2859/2274 2575/2239 2553/2236
f 3303/2271 3185/2273 3235/2275
f 3303/2271 3235/2275 3242/2276
f 3242/2276 3235/2275 3185/2273
f 3242/2276 3185/2273 3203/2277
f 3203/2277 3185/2273 2982/2278
f 2982/2278 3185/2273 2859/2274
f 2982/2278 2859/2274 2672/2279
f 2672/2279 2859/2274 2553/2236
f 2982/2278 2672/2279 2686/2280
f 2686/2280 2672/2279 2553/2236
f 591/2281 487/2282 2553/2236
f 487/2282 591/2281 1212/2283
f 591/2281 2553/2236 757/2237
f 1212/2283 591/2281 1350/2284
f 591/2281 757/2237 1267/2285
f 591/2281 1267/2285 1350/2284
f 1267/2285 757/2237 1372/2238
f 1350/2284 1267/2285 1415/2286
f 1415/2286 1267/2285 1372/2238
f 1350/2284 1415/2286 1491/2287
f 1415/2286 1372/2238 1641/2288
f 1415/2286 1641/2288 1491/2287
f 1641/2288 1372/2238 1793/2289
f 1793/2289 1372/2238 1340/2240
f 1491/2287 1641/2288 1801/2290
f 1801/2290 1641/2288 1793/2289
f 1350/2284 1491/2287 1620/2291
f 1620/2291 1491/2287 1801/2290
f 1350/2284 1620/2291 1439/2292
f 1793/2289 1340/2240 1619/2293
f 1620/2291 1801/2290 1835/2294
f 1620/2291 1835/2294 1825/2295
f 1620/2291 1825/2295 1815/2296
f 1815/2296 1825/2295 1894/2297
f 1894/2297 1825/2295 1835/2294
f 1894/2297 1835/2294 1801/2290
f 1887/2298 1801/2290 1793/2289
f 1801/2290 1887/2298 1894/2297
f 1887/2298 1793/2289 1853/2299
f 1853/2299 1793/2289 1619/2293
f 1894/2297 1887/2298 1892/2300
f 1892/2300 1887/2298 1853/2299
f 1894/2297 1892/2300 1890/2301
f 1892/2300 1853/2299 1693/2302
f 1693/2302 1853/2299 1619/2293
f 1890/2301 1892/2300 1868/2303
f 1890/2301 1868/2303 1879/2304
f 1892/2300 1693/2302 1663/2305
f 1892/2300 1663/2305 1868/2303
f 1879/2304 1868/2303 1795/2306
f 1795/2306 1868/2303 1663/2305
f 1693/2302 1619/2293 1601/2307
f 1693/2302 1601/2307 1663/2305
f 1601/2307 1619/2293 1529/2308
f 1795/2306 1663/2305 1625/2309
f 1625/2309 1663/2305 1601/2307
f 1795/2306 1625/2309 1644/2310
f 1795/2306 1644/2310 1653/2311
f 1653/2311 1644/2310 1634/2312
f 1634/2312 1644/2310 1625/2309
f 1653/2311 1634/2312 1636/2313
f 1636/2313 1634/2312 1576/2314
f 1576/2314 1634/2312 1587/2315
f 1576/2314 1587/2315 1558/2316
f 1558/2316 1587/2315 1606/2317
f 1606/2317 1587/2315 1634/2312
f 1558/2316 1606/2317 1540/2318
f 1606/2317 1634/2312 1612/2319
f 1606/2317 1612/2319 1540/2318
f 1612/2319 1634/2312 1625/2309
f 1540/2318 1612/2319 1527/2320
f 1527/2320 1612/2319 1625/2309
f 1540/2318 1527/2320 1405/2321
f 1405/2321 1527/2320 1268/2322
f 1405/2321 1268/2322 1080/2323
f 1080/2323 1268/2322 1144/2324
f 1268/2322 1527/2320 1320/2325
f 1527/2320 1625/2309 1289/2326
f 1527/2320 1289/2326 1320/2325
f 1268/2322 1320/2325 1423/2327
f 1268/2322 1423/2327 1144/2324
f 1423/2327 1320/2325 1289/2326
f 1289/2326 1625/2309 1537/2328
f 1537/2328 1625/2309 1601/2307
f 1537/2328 1601/2307 1529/2308
f 1537/2328 1529/2308 1187/2246
f 1187/2246 1529/2308 1619/2293
f 1187/2246 1619/2293 1340/2240
f 1537/2328 1187/2246 1118/2329
f 1118/2329 1187/2246 280/2248
f 1537/2328 1118/2329 755/2330
f 755/2330 1118/2329 280/2248
f 1537/2328 755/2330 1289/2326
f 755/2330 280/2248 2142/2255
f 1289/2326 755/2330 1034/2331
f 755/2330 2142/2255 63/2332
f 1034/2331 755/2330 792/2333
f 792/2333 755/2330 63/2332
f 1034/2331 792/2333 880/2334
f 792/2333 63/2332 111/2335
f 792/2333 111/2335 880/2334
f 1289/2326 1034/2331 1383/2336
f 1034/2331 880/2334 991/2337
f 991/2337 880/2334 111/2335
f 1034/2331 991/2337 1509/2338
f 1034/2331 1509/2338 1383/2336
f 1509/2338 991/2337 1224/2339
f 991/2337 111/2335 667/2340
f 1383/2336 1509/2338 1547/2341
f 667/2340 111/2335 55/2342
f 55/2342 111/2335 2483/2343
f 2483/2343 111/2335 63/2332
f 55/2342 2483/2343 2573/2344
f 2573/2344 2483/2343 2697/2345
f 2697/2345 2483/2343 2589/2346
f 2483/2343 63/2332 2435/2347
f 2483/2343 2435/2347 2589/2346
f 2435/2347 63/2332 2142/2255
f 2589/2346 2435/2347 2511/2348
f 2589/2346 2511/2348 2436/2349
f 2435/2347 2142/2255 2554/2350
f 2435/2347 2554/2350 2511/2348
f 2554/2350 2142/2255 2643/2254
f 2436/2349 2511/2348 2609/2351
f 2609/2351 2511/2348 2554/2350
f 2609/2351 2554/2350 2643/2254
f 2436/2349 2609/2351 2646/2352
f 2609/2351 2643/2254 2714/2258
f 2609/2351 2714/2258 2646/2352
f 1206/2353 1144/2324 1423/2327
f 1144/2324 1206/2353 533/2354
f 533/2354 1206/2353 635/2355
f 635/2355 1206/2353 1358/2356
f 1358/2356 1206/2353 1423/2327
f 1358/2356 1423/2327 1503/2357
f 1358/2356 1503/2357 1470/2358
f 1470/2358 1503/2357 1520/2359
f 1520/2359 1503/2357 1546/2360
f 1546/2360 1503/2357 1538/2361
f 1538/2361 1503/2357 1423/2327
f 1546/2360 1538/2361 1547/2341
f 1547/2341 1538/2361 1383/2336
f 1383/2336 1538/2361 1423/2327
f 1383/2336 1423/2327 1289/2326
f 985/2362 815/2363 603/2364
f 815/2363 985/2362 1246/2365
f 815/2363 1246/2365 603/2364
f 1246/2365 985/2362 1380/2366
f 1246/2365 1380/2366 1468/2367
f 985/2362 603/2364 354/2368
f 1246/2365 1468/2367 1326/2369
f 1326/2369 1468/2367 1556/2370
f 603/2364 1246/2365 990/2371
f 990/2371 1246/2365 1326/2369
f 354/2368 603/2364 514/2372
f 514/2372 603/2364 990/2371
f 514/2372 990/2371 893/2373
f 893/2373 990/2371 1326/2369
f 1326/2369 1556/2370 1469/2374
f 1326/2369 1469/2374 893/2373
f 1469/2374 1556/2370 1676/2375
f 514/2372 893/2373 661/2376
f 354/2368 514/2372 323/2377
f 323/2377 514/2372 661/2376
f 354/2368 323/2377 197/2378
f 354/2368 197/2378 233/2379
f 233/2379 197/2378 2382/2380
f 197/2378 323/2377 316/2381
f 1237/2382 893/2373 1469/2374
f 2382/2380 197/2378 2070/2383
f 197/2378 316/2381 165/2384
f 197/2378 165/2384 2070/2383
f 2070/2383 165/2384 316/2381
f 2382/2380 2070/2383 2372/2385
f 2382/2380 2372/2385 2640/2386
f 2070/2383 316/2381 2088/2387
f 2070/2383 2088/2387 2372/2385
f 2640/2386 2372/2385 2751/2388
f 2640/2386 2751/2388 2783/2389
f 2783/2389 2751/2388 3046/2390
f 2751/2388 2372/2385 2636/2391
f 2636/2391 2372/2385 2088/2387
f 3046/2390 2751/2388 3113/2392
f 2751/2388 2636/2391 3078/2393
f 2751/2388 3078/2393 3113/2392
f 3046/2390 3113/2392 3286/2394
f 3286/2394 3113/2392 3447/2395
f 3286/2394 3447/2395 3449/2396
f 3449/2396 3447/2395 3446/2397
f 3449/2396 3446/2397 3625/2398
f 3447/2395 3113/2392 3370/2399
f 3447/2395 3370/2399 3446/2397
f 3370/2399 3113/2392 3078/2393
f 3446/2397 3370/2399 3299/2400
f 3299/2400 3370/2399 3143/2401
f 3143/2401 3370/2399 3078/2393
f 3299/2400 3143/2401 2921/2402
f 3143/2401 3078/2393 254/2403
f 3143/2401 254/2403 2921/2402
f 2500/2404 3078/2393 2636/2391
f 3078/2393 2500/2404 254/2403
f 2500/2404 2636/2391 2088/2387
f 2500/2404 2088/2387 194/2405
f 2500/2404 194/2405 254/2403
f 194/2405 2088/2387 446/2406
f 446/2406 2088/2387 316/2381
f 254/2403 194/2405 679/2407
f 679/2407 194/2405 446/2406
f 2102/2408 2921/2402 254/2403
f 446/2406 316/2381 592/2409
f 592/2409 316/2381 323/2377
f 592/2409 323/2377 661/2376
f 446/2406 592/2409 868/2410
f 446/2406 868/2410 679/2407
f 592/2409 661/2376 824/2411
f 592/2409 824/2411 868/2410
f 824/2411 661/2376 813/2412
f 868/2410 824/2411 1004/2413
f 1004/2413 824/2411 813/2412
f 813/2412 661/2376 932/2414
f 813/2412 932/2414 1004/2413
f 932/2414 661/2376 893/2373
f 932/2414 893/2373 1237/2382
f 759/2415 679/2407 868/2410
f 759/2415 868/2410 1004/2413
f 679/2407 759/2415 204/2416
f 679/2407 204/2416 254/2403
f 254/2403 204/2416 2102/2408
f 204/2416 759/2415 660/2417
f 660/2417 759/2415 1004/2413
f 2102/2408 204/2416 256/2418
f 256/2418 204/2416 660/2417
f 2102/2408 256/2418 2036/2419
f 2909/2420 2921/2402 2102/2408
f 2909/2420 2102/2408 2036/2419
f 256/2418 660/2417 690/2421
f 660/2417 1004/2413 852/2422
f 660/2417 852/2422 690/2421
f 690/2421 852/2422 1086/2423
f 256/2418 690/2421 484/2424
f 256/2418 484/2424 2036/2419
f 690/2421 1086/2423 1434/2425
f 690/2421 1434/2425 484/2424
f 1086/2423 852/2422 1239/2426
f 1086/2423 1239/2426 1434/2425
f 1239/2426 852/2422 1376/2427
f 1376/2427 852/2422 1004/2413
f 1434/2425 1239/2426 1690/2428
f 1690/2428 1239/2426 1376/2427
f 1376/2427 1004/2413 1392/2429
f 1690/2428 1376/2427 1579/2430
f 1579/2430 1376/2427 1392/2429
f 1690/2428 1579/2430 1682/2431
f 1682/2431 1579/2430 1627/2432
f 1627/2432 1579/2430 1392/2429
f 1690/2428 1682/2431 1744/2433
f 1744/2433 1682/2431 1627/2432
f 1690/2428 1744/2433 1794/2434
f 1627/2432 1392/2429 1771/2435
f 1627/2432 1771/2435 1744/2433
f 1794/2434 1744/2433 1802/2436
f 1802/2436 1744/2433 1771/2435
f 1794/2434 1802/2436 1777/2437
f 1777/2437 1802/2436 1749/2438
f 1749/2438 1802/2436 1718/2439
f 1718/2439 1802/2436 1771/2435
f 1718/2439 1771/2435 1676/2375
f 1676/2375 1771/2435 1457/2440
f 1676/2375 1457/2440 1469/2374
f 1469/2374 1457/2440 1237/2382
f 1457/2440 1771/2435 1370/2441
f 1457/2440 1370/2441 1237/2382
f 1370/2441 1771/2435 1392/2429
f 1237/2382 1370/2441 1064/2442
f 1064/2442 1370/2441 1392/2429
f 1237/2382 1064/2442 932/2414
f 1064/2442 1392/2429 1004/2413
f 1064/2442 1004/2413 932/2414
f 649/2443 484/2424 1434/2425
f 649/2443 1434/2425 883/2444
f 883/2444 1434/2425 1180/2445
f 649/2443 883/2444 235/2446
f 235/2446 883/2444 1180/2445
f 649/2443 235/2446 484/2424
f 235/2446 1180/2445 345/2447
f 345/2447 1180/2445 470/2448
f 235/2446 345/2447 2073/2449
f 2073/2449 345/2447 470/2448
f 484/2424 235/2446 38/2450
f 235/2446 2073/2449 2104/2451
f 235/2446 2104/2451 38/2450
f 484/2424 38/2450 80/2452
f 484/2424 80/2452 2036/2419
f 80/2452 38/2450 2074/2453
f 2074/2453 38/2450 2104/2451
f 80/2452 2074/2453 181/2454
f 2036/2419 80/2452 552/2455
f 552/2455 80/2452 181/2454
f 181/2454 2074/2453 250/2456
f 181/2454 250/2456 552/2455
f 2074/2453 2104/2451 2433/2457
f 2074/2453 2433/2457 250/2456
f 552/2455 250/2456 215/2458
f 250/2456 2433/2457 2113/2459
f 250/2456 2113/2459 215/2458
f 552/2455 215/2458 491/2460
f 491/2460 215/2458 2113/2459
f 552/2455 491/2460 261/2461
f 552/2455 261/2461 2036/2419
f 261/2461 491/2460 272/2462
f 272/2462 491/2460 2097/2463
f 272/2462 2097/2463 261/2461
f 2097/2463 491/2460 2113/2459
f 2036/2419 261/2461 2398/2464
f 2398/2464 261/2461 2097/2463
f 2036/2419 2398/2464 2909/2420
f 2097/2463 2113/2459 2401/2465
f 2097/2463 2401/2465 2398/2464
f 2398/2464 2401/2465 2909/2420
f 2401/2465 2113/2459 2433/2457
f 2909/2420 2401/2465 2908/2466
f 2908/2466 2401/2465 2950/2467
f 2950/2467 2401/2465 2433/2457
f 2950/2467 2433/2457 2104/2451
f 2950/2467 2104/2451 2146/2468
f 2146/2468 2104/2451 2073/2449
f 2950/2467 2146/2468 2998/2469
f 2146/2468 2073/2449 159/2470
f 159/2470 2073/2449 470/2448
f 2998/2469 2146/2468 2082/2471
f 2082/2471 2146/2468 159/2470
f 2998/2469 2082/2471 2710/2472
f 159/2470 470/2448 329/2473
f 2082/2471 159/2470 106/2474
f 106/2474 159/2470 329/2473
f 329/2473 470/2448 632/2475
f 329/2473 632/2475 559/2476
f 329/2473 559/2476 394/2477
f 394/2477 559/2476 632/2475
f 329/2473 394/2477 106/2474
f 394/2477 632/2475 325/2478
f 325/2478 632/2475 263/2479
f 394/2477 325/2478 251/2480
f 251/2480 325/2478 263/2479
f 394/2477 251/2480 106/2474
f 106/2474 251/2480 83/2481
f 251/2480 263/2479 69/2482
f 251/2480 69/2482 83/2481
f 69/2482 263/2479 11/2483
f 106/2474 83/2481 2221/2484
f 2221/2484 83/2481 69/2482
f 69/2482 11/2483 2159/2485
f 69/2482 2159/2485 2221/2484
f 2159/2485 11/2483 2198/2486
f 2159/2485 2198/2486 2336/2487
f 2159/2485 2336/2487 2221/2484
f 2336/2487 2198/2486 2342/2488
f 106/2474 2221/2484 2294/2489
f 106/2474 2294/2489 2082/2471
f 2294/2489 2221/2484 2447/2490
f 2447/2490 2221/2484 2557/2491
f 2082/2471 2294/2489 2710/2472
f 2710/2472 2294/2489 2447/2490
f 2710/2472 2447/2490 2557/2491
f 2710/2472 2557/2491 3060/2492
f 2710/2472 3060/2492 2972/2493
f 2710/2472 2972/2493 2998/2469
f 2972/2493 3060/2492 3571/2494
f 2998/2469 2972/2493 3400/2495
f 3400/2495 2972/2493 3571/2494
f 3400/2495 3571/2494 3588/2496
f 2108/2497 233/2498 2049/2499
f 2049/2499 233/2498 2382/2500
f 2049/2499 2382/2500 2640/2501
f 2108/2497 2049/2499 2583/2502
f 2108/2497 2583/2502 2379/2503
f 2049/2499 2640/2501 3195/2504
f 3195/2504 2640/2501 2783/2505
f 3195/2504 2783/2505 3046/2506
f 2049/2499 3195/2504 2624/2507
f 2049/2499 2624/2507 2583/2502
f 3195/2504 3046/2506 3542/2508
f 3195/2504 3542/2508 2624/2507
f 3542/2508 3046/2506 3286/2509
f 2624/2507 3542/2508 3533/2510
f 2624/2507 3533/2510 2583/2502
f 3542/2508 3286/2509 3684/2511
f 3684/2511 3286/2509 3449/2512
f 2524/2513 2379/2503 2583/2502
f 3542/2508 3684/2511 3624/2514
f 3542/2508 3624/2514 3533/2510
f 3684/2511 3449/2512 3656/2515
f 3656/2515 3449/2512 3625/2516
f 3624/2514 3684/2511 3686/2517
f 3392/2518 2583/2502 3533/2510
f 2524/2513 2583/2502 3337/2519
f 3337/2519 2583/2502 3392/2518
f 3392/2518 3533/2510 3702/2520
f 3392/2518 3702/2520 3337/2519
f 3711/2521 3533/2510 3624/2514
f 3533/2510 3711/2521 3702/2520
f 3691/2522 3624/2514 3686/2517
f 3624/2514 3691/2522 3711/2521
f 3738/2523 3686/2517 3684/2511
f 3738/2523 3684/2511 3656/2515
f 3691/2522 3686/2517 3722/2524
f 3722/2524 3686/2517 3738/2523
f 3691/2522 3722/2524 3751/2525
f 3691/2522 3751/2525 3711/2521
f 3722/2524 3738/2523 3767/2526
f 3722/2524 3767/2526 3751/2525
f 3738/2523 3656/2515 3754/2527
f 3738/2523 3754/2527 3767/2526
f 3751/2525 3767/2526 3773/2528
f 3751/2525 3773/2528 3711/2521
f 3767/2526 3754/2527 3778/2529
f 3754/2527 3656/2515 3791/2530
f 3754/2527 3791/2530 3778/2529
f 3773/2528 3767/2526 3792/2531
f 3792/2531 3767/2526 3778/2529
f 3711/2521 3773/2528 3765/2532
f 3765/2532 3773/2528 3798/2533
f 3798/2533 3773/2528 3792/2531
f 3711/2521 3765/2532 3733/2534
f 3711/2521 3733/2534 3702/2520
f 3733/2534 3765/2532 3774/2535
f 3774/2535 3765/2532 3798/2533
f 3702/2520 3733/2534 3712/2536
f 3712/2536 3733/2534 3774/2535
f 3702/2520 3712/2536 3685/2537
f 3712/2536 3774/2535 3755/2538
f 3712/2536 3755/2538 3685/2537
f 3702/2520 3685/2537 3337/2519
f 3755/2538 3774/2535 3783/2539
f 3774/2535 3798/2533 3795/2540
f 3774/2535 3795/2540 3783/2539
f 3795/2540 3798/2533 3808/2541
f 3783/2539 3795/2540 3802/2542
f 3802/2542 3795/2540 3808/2541
f 3808/2541 3798/2533 3805/2543
f 3805/2543 3798/2533 3792/2531
f 3808/2541 3805/2543 3809/2544
f 3808/2541 3809/2544 3802/2542
f 3802/2542 3809/2544 3800/2545
f 3809/2544 3805/2543 3804/2546
f 3802/2542 3800/2545 3788/2547
f 3804/2546 3805/2543 3801/2548
f 3801/2548 3805/2543 3792/2531
f 3804/2546 3801/2548 3794/2549
f 3801/2548 3792/2531 3796/2550
f 3801/2548 3796/2550 3794/2549
f 3796/2550 3792/2531 3778/2529
f 3794/2549 3796/2550 3746/2551
f 3746/2551 3796/2550 3726/2552
f 3796/2550 3778/2529 3791/2530
f 3796/2550 3791/2530 3726/2552
f 3726/2552 3791/2530 3700/2553
f 3726/2552 3700/2553 3664/2554
f 3664/2554 3700/2553 3673/2555
f 3673/2555 3700/2553 3659/2556
f 3700/2553 3791/2530 3667/2557
f 3700/2553 3667/2557 3659/2556
f 3667/2557 3791/2530 3656/2515
f 3659/2556 3667/2557 3625/2516
f 3625/2516 3667/2557 3656/2515
f 3793/2558 3802/2542 3788/2547
f 3802/2542 3793/2558 3783/2539
f 3793/2558 3788/2547 3790/2559
f 3790/2559 3788/2547 3779/2560
f 3793/2558 3790/2559 3782/2561
f 3783/2539 3793/2558 3785/2562
f 3785/2562 3793/2558 3782/2561
f 3783/2539 3785/2562 3755/2538
f 3785/2562 3782/2561 3749/2563
f 3749/2563 3782/2561 3637/2564
f 3755/2538 3785/2562 3732/2565
f 3732/2565 3785/2562 3749/2563
f 3755/2538 3732/2565 3685/2537
f 3732/2565 3749/2563 3682/2566
f 3732/2565 3682/2566 3685/2537
f 3682/2566 3749/2563 3460/2567
f 3685/2537 3682/2566 3337/2519
f 3682/2566 3460/2567 3363/2568
f 3682/2566 3363/2568 3337/2519
f 3337/2519 3363/2568 2627/2569
f 2627/2569 3363/2568 3097/2570
f 3337/2519 2627/2569 2524/2513
f 2524/2513 2627/2569 2510/2571
f 2524/2513 2510/2571 2376/2572
f 2376/2572 2510/2571 2264/2573
f 695/2574 543/2575 326/2576
f 543/2575 695/2574 1128/2577
f 695/2574 326/2576 313/2578
f 313/2578 326/2576 162/2579
f 313/2578 162/2579 148/2580
f 148/2580 162/2579 52/2581
f 52/2581 162/2579 51/2582
f 148/2580 52/2581 43/2583
f 43/2583 52/2581 2205/2584
f 43/2583 2205/2584 2244/2585
f 1123/2586 1128/2587 695/2588
f 1128/2587 1123/2586 1269/2589
f 1123/2586 695/2588 1060/2590
f 1060/2590 695/2588 313/2591
f 1269/2589 1123/2586 1341/2592
f 1341/2592 1123/2586 1060/2590
f 1060/2590 313/2591 285/2593
f 285/2593 313/2591 148/2594
f 1341/2592 1060/2590 1098/2595
f 1098/2595 1060/2590 285/2593
f 1269/2589 1341/2592 1242/2596
f 1242/2596 1341/2592 1098/2595
f 1269/2589 1242/2596 1177/2597
f 1269/2589 1177/2597 1238/2598
f 285/2593 148/2594 238/2599
f 1177/2597 1242/2596 1075/2600
f 1075/2600 1242/2596 1098/2595
f 238/2599 148/2594 97/2601
f 97/2601 148/2594 43/2602
f 97/2601 43/2602 2244/2603
f 97/2601 2244/2603 2264/2604
f 1075/2600 1098/2595 686/2605
f 686/2605 1098/2595 285/2593
f 422/2606 285/2593 238/2599
f 422/2606 238/2599 97/2601
f 285/2593 422/2606 686/2605
f 97/2601 2264/2604 2275/2607
f 97/2601 2275/2607 422/2606
f 422/2606 2275/2607 686/2605
f 2275/2607 2264/2604 2510/2608
f 1116/2609 1075/2600 686/2605
f 686/2605 2275/2607 804/2610
f 686/2605 804/2610 1116/2609
f 1075/2600 1116/2609 1348/2611
f 1075/2600 1348/2611 1177/2597
f 1116/2609 804/2610 907/2612
f 804/2610 2275/2607 376/2613
f 804/2610 376/2613 907/2612
f 376/2613 2275/2607 2135/2614
f 1116/2609 907/2612 1220/2615
f 1116/2609 1220/2615 1348/2611
f 907/2612 376/2613 56/2616
f 56/2616 376/2613 2135/2614
f 907/2612 56/2616 780/2617
f 780/2617 56/2616 109/2618
f 907/2612 780/2617 1202/2619
f 907/2612 1202/2619 1220/2615
f 109/2618 56/2616 12/2620
f 12/2620 56/2616 2135/2614
f 109/2618 12/2620 107/2621
f 107/2621 12/2620 21/2622
f 1220/2615 1202/2619 1422/2623
f 1220/2615 1422/2623 1348/2611
f 1422/2623 1202/2619 1368/2624
f 1368/2624 1202/2619 1141/2625
f 1368/2624 1141/2625 1454/2626
f 1368/2624 1454/2626 1422/2623
f 1422/2623 1454/2626 1467/2627
f 1422/2623 1467/2627 1348/2611
f 1467/2627 1454/2626 1533/2628
f 1467/2627 1533/2628 1445/2629
f 1467/2627 1445/2629 1348/2611
f 1445/2629 1533/2628 1300/2630
f 1348/2611 1445/2629 1263/2631
f 1348/2611 1263/2631 1177/2597
f 1177/2597 1263/2631 1069/2632
f 1069/2632 1263/2631 1139/2633
f 1139/2633 1263/2631 1188/2634
f 1188/2634 1263/2631 1445/2629
f 1139/2633 1188/2634 1199/2635
f 1188/2634 1445/2629 1181/2636
f 1181/2636 1445/2629 1300/2630
f 1188/2634 1181/2636 1245/2637
f 1245/2637 1181/2636 1314/2638
f 1314/2638 1181/2636 1300/2630
f 1314/2638 1300/2630 1335/2639
f 1269/2640 1130/2641 1128/2642
f 2510/2643 2627/2644 2655/2645
f 2655/2645 2627/2644 3097/2646
f 3097/2647 3363/2648 3460/2649
f 3097/2647 3460/2649 3096/2650
f 3097/2647 3096/2650 2655/2651
f 2655/2651 3096/2650 2734/2652
f 2734/2652 3096/2650 2905/2653
f 2655/2651 2734/2652 2563/2654
f 2655/2651 2563/2654 2510/2608
f 2510/2608 2563/2654 2614/2655
f 2614/2655 2563/2654 2734/2652
f 2510/2608 2614/2655 2275/2607
f 2734/2652 2905/2653 2797/2656
f 2734/2652 2797/2656 2614/2655
f 2275/2607 2614/2655 2509/2657
f 2509/2657 2614/2655 2797/2656
f 2275/2607 2509/2657 2135/2614
f 2797/2656 2905/2653 2475/2658
f 2797/2656 2475/2658 2509/2657
f 2509/2657 2475/2658 2135/2614
f 2135/2614 2475/2658 12/2620
f 2475/2658 2905/2653 2891/2659
f 12/2620 2475/2658 21/2622
f 2475/2658 2891/2659 2493/2660
f 2475/2658 2493/2660 21/2622
f 2493/2660 2891/2659 2952/2661
f 2493/2660 2952/2661 2486/2662
f 2493/2660 2486/2662 21/2622
f 2486/2662 2952/2661 2956/2663
f 21/2622 2486/2662 2477/2664
f 2477/2664 2486/2662 2956/2663
f 2477/2664 2956/2663 2517/2665
f 21/2622 2477/2664 71/2666
f 2477/2664 2517/2665 2196/2667
f 71/2666 2477/2664 2173/2668
f 2173/2668 2477/2664 2196/2667
f 71/2666 2173/2668 60/2669
f 60/2669 2173/2668 2196/2667
f 1185/2670 1274/2671 1178/2672
f 1185/2670 1178/2672 1119/2673
f 1274/2671 1185/2670 1315/2674
f 1119/2673 1178/2672 1367/2675
f 1185/2670 1119/2673 1378/2676
f 1378/2676 1119/2673 1367/2675
f 1367/2675 1178/2672 1215/2677
f 1215/2677 1178/2672 1107/2678
f 1215/2677 1107/2678 1207/2679
f 1207/2679 1107/2678 1199/2680
f 1215/2677 1207/2679 1248/2681
f 1248/2681 1207/2679 1199/2680
f 1215/2677 1248/2681 1367/2675
f 1248/2681 1199/2680 1188/2682
f 1248/2681 1188/2682 1245/2683
f 1248/2681 1245/2683 1314/2684
f 1367/2675 1248/2681 1382/2685
f 1382/2685 1248/2681 1314/2684
f 1367/2675 1382/2685 1378/2676
f 1382/2685 1314/2684 1373/2686
f 1382/2685 1373/2686 1378/2676
f 1373/2686 1314/2684 1335/2687
f 1378/2676 1373/2686 1464/2688
f 1464/2688 1373/2686 1335/2687
f 1378/2676 1464/2688 1475/2689
f 1378/2676 1475/2689 1408/2690
f 1378/2676 1408/2690 1185/2670
f 1185/2670 1408/2690 1315/2674
f 1408/2690 1475/2689 1417/2691
f 1408/2690 1417/2691 1315/2674
f 1417/2691 1475/2689 1464/2688
f 1315/2674 1417/2691 1482/2692
f 1482/2692 1417/2691 1464/2688
f 1315/2674 1482/2692 1510/2693
f 1315/2674 1510/2693 1274/2671
f 1274/2671 1510/2693 1741/2694
f 1741/2694 1510/2693 1766/2695
f 1510/2693 1482/2692 1542/2696
f 1510/2693 1542/2696 1766/2695
f 1482/2692 1464/2688 1480/2697
f 1482/2692 1480/2697 1542/2696
f 1766/2695 1542/2696 1811/2698
f 1811/2698 1542/2696 1480/2697
f 1766/2695 1811/2698 1873/2699
f 1873/2699 1811/2698 1903/2700
f 1811/2698 1480/2697 1730/2701
f 1811/2698 1730/2701 1903/2700
f 1458/2702 1480/2697 1464/2688
f 1480/2697 1458/2702 1730/2701
f 1873/2699 1903/2700 1877/2703
f 1877/2703 1903/2700 1882/2704
f 1794/2705 1777/2706 1877/2703
f 1877/2703 1882/2704 1858/2707
f 1877/2703 1858/2707 1794/2705
f 1882/2704 1903/2700 1886/2708
f 1882/2704 1886/2708 1858/2707
f 1886/2708 1903/2700 1865/2709
f 1865/2709 1903/2700 1730/2701
f 1858/2707 1886/2708 1888/2710
f 1888/2710 1886/2708 1865/2709
f 1794/2705 1858/2707 1838/2711
f 1794/2705 1838/2711 1690/2712
f 1838/2711 1858/2707 1861/2713
f 1861/2713 1858/2707 1888/2710
f 1690/2712 1838/2711 1709/2714
f 1709/2714 1838/2711 1861/2713
f 1690/2712 1709/2714 1434/2715
f 1434/2715 1709/2714 1476/2716
f 1434/2715 1476/2716 1180/2717
f 1476/2716 1709/2714 1561/2718
f 1476/2716 1561/2718 1180/2717
f 1709/2714 1861/2713 1756/2719
f 1756/2719 1861/2713 1888/2710
f 1709/2714 1756/2719 1561/2718
f 1756/2719 1888/2710 1807/2720
f 1756/2719 1807/2720 1561/2718
f 1807/2720 1888/2710 1783/2721
f 1783/2721 1888/2710 1865/2709
f 1561/2718 1807/2720 1674/2722
f 1783/2721 1865/2709 1652/2723
f 1652/2723 1865/2709 1730/2701
f 1561/2718 1674/2722 1488/2724
f 1561/2718 1488/2724 1180/2717
f 1674/2722 1807/2720 1670/2725
f 1674/2722 1670/2725 1488/2724
f 1752/2726 1807/2720 1783/2721
f 1807/2720 1752/2726 1670/2725
f 1752/2726 1783/2721 1590/2727
f 1590/2727 1783/2721 1652/2723
f 1180/2717 1488/2724 1321/2728
f 1488/2724 1670/2725 1418/2729
f 1488/2724 1418/2729 1321/2728
f 1180/2717 1321/2728 1007/2730
f 1007/2730 1321/2728 1418/2729
f 1180/2717 1007/2730 470/2731
f 1418/2729 1670/2725 1623/2732
f 1623/2732 1670/2725 1752/2726
f 1007/2730 1418/2729 1427/2733
f 1427/2733 1418/2729 1623/2732
f 470/2731 1007/2730 1011/2734
f 1011/2734 1007/2730 1427/2733
f 470/2731 1011/2734 632/2735
f 632/2735 1011/2734 789/2736
f 789/2736 1011/2734 1427/2733
f 632/2735 789/2736 263/2737
f 1427/2733 1623/2732 1598/2738
f 1427/2733 1598/2738 789/2736
f 1626/2739 1623/2732 1752/2726
f 1623/2732 1626/2739 1598/2738
f 1626/2739 1752/2726 1590/2727
f 1598/2738 1626/2739 1515/2740
f 1515/2740 1626/2739 1590/2727
f 789/2736 1598/2738 1446/2741
f 1446/2741 1598/2738 1515/2740
f 789/2736 1446/2741 1251/2742
f 1446/2741 1515/2740 1397/2743
f 1446/2741 1397/2743 1251/2742
f 789/2736 1251/2742 587/2744
f 789/2736 587/2744 263/2737
f 263/2737 587/2744 18/2745
f 263/2737 18/2745 11/2746
f 587/2744 1251/2742 664/2747
f 587/2744 664/2747 18/2745
f 1251/2742 1397/2743 1055/2748
f 1251/2742 1055/2748 664/2747
f 11/2746 18/2745 2198/2749
f 18/2745 664/2747 149/2750
f 149/2750 664/2747 1055/2748
f 18/2745 149/2750 2198/2749
f 1055/2748 1397/2743 1173/2751
f 149/2750 1055/2748 663/2752
f 149/2750 663/2752 2198/2749
f 663/2752 1055/2748 877/2753
f 663/2752 877/2753 743/2754
f 663/2752 743/2754 379/2755
f 663/2752 379/2755 2198/2749
f 2198/2749 379/2755 2364/2756
f 2364/2756 379/2755 2183/2757
f 2198/2749 2364/2756 2342/2758
f 2364/2756 2183/2757 2541/2759
f 2364/2756 2541/2759 2342/2758
f 2541/2759 2183/2757 2467/2760
f 2342/2758 2541/2759 2826/2761
f 2541/2759 2467/2760 2703/2762
f 2541/2759 2703/2762 2826/2761
f 2703/2762 2467/2760 2696/2763
f 2696/2763 2467/2760 2570/2764
f 2696/2763 2570/2764 2719/2765
f 2342/2758 2826/2761 2701/2766
f 3047/2767 2696/2763 2914/2768
f 2703/2762 2696/2763 2981/2769
f 2981/2769 2696/2763 3047/2767
f 2703/2762 2981/2769 3514/2770
f 2703/2762 3514/2770 2826/2761
f 2981/2769 3047/2767 3619/2771
f 2981/2769 3619/2771 3514/2770
f 3619/2771 3047/2767 3672/2772
f 3619/2771 3672/2772 3800/2773
f 3800/2773 3672/2772 3788/2774
f 3619/2771 3800/2773 3809/2775
f 3619/2771 3809/2775 3514/2770
f 3514/2770 3809/2775 3804/2776
f 3023/2777 2826/2761 3514/2770
f 2826/2761 3023/2777 2701/2766
f 3514/2770 3804/2776 3600/2778
f 3600/2778 3804/2776 3794/2779
f 3023/2777 3514/2770 3379/2780
f 3379/2780 3514/2770 3600/2778
f 3600/2778 3794/2779 3746/2781
f 3023/2777 3379/2780 3435/2782
f 3435/2782 3379/2780 3600/2778
f 3600/2778 3746/2781 3590/2783
f 3600/2778 3590/2783 3435/2782
f 3590/2783 3746/2781 3726/2784
f 3590/2783 3726/2784 3664/2785
f 3590/2783 3664/2785 3592/2786
f 3590/2783 3592/2786 3599/2787
f 3590/2783 3599/2787 3435/2782
f 3599/2787 3592/2786 3588/2788
f 3599/2787 3588/2788 3571/2789
f 3435/2782 3599/2787 3341/2790
f 3341/2790 3599/2787 3571/2789
f 3435/2782 3341/2790 3023/2777
f 3341/2790 3571/2789 3060/2791
f 3023/2777 3341/2790 3030/2792
f 3030/2792 3341/2790 3060/2791
f 3023/2777 3030/2792 2701/2766
f 2701/2766 3030/2792 3060/2791
f 2701/2766 3060/2791 2557/2793
f 2701/2766 2557/2793 2423/2794
f 2423/2794 2557/2793 2221/2795
f 2701/2766 2423/2794 2342/2758
f 2423/2794 2221/2795 2336/2796
f 2423/2794 2336/2796 2342/2758
f 1652/2723 1730/2701 1458/2702
f 1652/2723 1458/2702 1403/2797
f 1652/2723 1403/2797 1502/2798
f 1652/2723 1502/2798 1590/2727
f 1403/2797 1458/2702 1387/2799
f 1502/2798 1403/2797 1361/2800
f 1361/2800 1403/2797 1290/2801
f 1361/2800 1290/2801 1502/2798
f 1290/2801 1403/2797 1387/2799
f 1590/2727 1502/2798 1532/2802
f 1590/2727 1532/2802 1515/2740
f 1532/2802 1502/2798 1521/2803
f 1521/2803 1502/2798 1290/2801
f 1515/2740 1532/2802 1455/2804
f 1515/2740 1455/2804 1397/2743
f 1397/2743 1455/2804 1173/2751
f 1455/2804 1532/2802 1481/2805
f 1481/2805 1532/2802 1521/2803
f 1455/2804 1481/2805 1173/2751
f 1481/2805 1521/2803 1290/2801
f 1173/2751 1481/2805 1343/2806
f 1343/2806 1481/2805 1290/2801
f 1343/2806 1290/2801 1150/2807
f 1150/2807 1290/2801 1387/2799
f 1343/2806 1150/2807 936/2808
f 1343/2806 936/2808 984/2809
f 1150/2807 1387/2799 1197/2810
f 1150/2807 1197/2810 936/2808
f 1197/2810 1387/2799 1395/2811
f 1395/2811 1387/2799 1458/2702
f 1395/2811 1458/2702 1464/2688
f 1395/2811 1464/2688 1335/2687
f 1197/2810 1395/2811 1164/2812
f 1197/2810 1164/2812 936/2808
f 1164/2812 1395/2811 1335/2687
f 936/2808 1164/2812 1103/2813
f 1164/2812 1335/2687 1278/2814
f 1164/2812 1278/2814 1103/2813
f 3319/2815 3429/2816 3453/2817
f 3429/2816 3319/2815 3437/1981
f 3437/1981 3319/2815 3131/1991
f 3131/1991 3319/2815 3064/2818
f 3064/2818 3319/2815 3220/2819
f 3131/1991 3064/2818 2976/2820
f 3131/1991 2976/2820 2694/2006
f 3064/2818 3220/2819 3089/2821
f 3064/2818 3089/2821 2976/2820
f 3089/2821 3220/2819 3353/2822
f 3353/2822 3220/2819 3424/2823
f 2976/2820 3089/2821 2753/2824
f 2976/2820 2753/2824 2694/2006
f 3089/2821 3353/2822 2656/2825
f 3089/2821 2656/2825 2753/2824
f 3353/2822 3424/2823 3198/2826
f 3353/2822 3198/2826 2656/2825
f 2753/2824 2656/2825 2958/2827
f 2958/2827 2656/2825 3198/2826
f 2753/2824 2958/2827 3042/2828
f 2753/2824 3042/2828 2694/2006
f 3042/2828 2958/2827 3198/2826
f 3198/2826 3424/2823 3472/2829
f 3472/2829 3424/2823 3605/2830
f 3042/2828 3198/2826 3234/2831
f 3234/2831 3198/2826 3472/2829
f 3472/2829 3605/2830 3584/2832
f 2694/2006 3042/2828 3219/2833
f 3219/2833 3042/2828 3234/2831
f 2694/2006 3219/2833 3206/2008
f 3206/2008 3219/2833 3591/2834
f 3591/2834 3219/2833 3234/2831
f 3206/2008 3591/2834 3636/2010
f 3472/2829 3584/2832 3634/2835
f 3634/2835 3584/2832 3654/2836
f 3611/2837 3234/2831 3472/2829
f 3234/2831 3611/2837 3591/2834
f 3611/2837 3472/2829 3634/2835
f 3634/2835 3654/2836 3640/2838
f 3634/2835 3640/2838 3635/2014
f 3611/2837 3634/2835 3622/2839
f 3611/2837 3622/2839 3591/2834
f 3622/2839 3634/2835 3635/2014
f 3591/2834 3622/2839 3636/2010
f 3636/2010 3622/2839 3635/2014
f 3882/2840 3901/2841 3905/2842
f 3882/2840 3905/2842 3891/2843
f 3882/2840 3891/2843 3875/2844
f 3905/2842 3901/2841 3908/2845
f 3908/2845 3901/2841 3906/2846
f 3891/2843 3905/2842 3909/2847
f 3905/2842 3908/2845 3914/2848
f 3905/2842 3914/2848 3909/2847
f 3891/2843 3909/2847 3919/2849
f 3919/2849 3909/2847 3914/2848
f 3864/2850 3875/2844 3891/2843
f 3914/2848 3908/2845 3916/2851
f 3875/2844 3864/2850 3840/2852
f 3914/2848 3916/2851 3918/2853
f 3914/2848 3918/2853 3919/2849
f 3916/2851 3908/2845 3912/2854
f 3912/2854 3908/2845 3906/2846
f 3916/2851 3912/2854 3918/2853
f 3912/2854 3906/2846 3903/2855
f 3903/2855 3906/2846 3900/2856
f 3903/2855 3900/2856 3902/2857
f 3912/2854 3903/2855 3910/2858
f 3910/2858 3903/2855 3902/2857
f 3902/2857 3900/2856 3896/2859
f 3902/2857 3896/2859 3910/2858
f 3896/2859 3900/2856 3895/2860
f 3896/2859 3895/2860 3899/2861
f 3896/2859 3899/2861 3910/2858
f 3912/2854 3910/2858 3917/2862
f 3912/2854 3917/2862 3918/2853
f 3910/2858 3899/2861 3911/2863
f 3910/2858 3911/2863 3917/2862
f 3911/2863 3899/2861 3872/2864
f 3872/2864 3899/2861 3846/2865
f 3917/2862 3911/2863 3920/2866
f 3917/2862 3920/2866 3918/2853
f 3911/2863 3872/2864 3897/2867
f 3911/2863 3897/2867 3920/2866
f 3872/2864 3846/2865 3853/2868
f 3872/2864 3853/2868 3897/2867
f 3853/2868 3846/2865 3832/2869
f 3853/2868 3832/2869 3838/2870
f 3918/2853 3920/2866 3921/2871
f 3918/2853 3921/2871 3919/2849
f 3921/2871 3920/2866 3923/2872
f 3923/2872 3920/2866 3922/2873
f 3922/2873 3920/2866 3897/2867
f 3921/2871 3923/2872 3928/2874
f 3928/2874 3923/2872 3922/2873
f 3919/2849 3921/2871 3926/2875
f 3926/2875 3921/2871 3928/2874
f 3919/2849 3926/2875 3877/2876
f 3919/2849 3877/2876 3891/2843
f 3891/2843 3877/2876 3864/2850
f 3928/2874 3922/2873 3929/2877
f 3928/2874 3929/2877 3926/2875
f 3929/2877 3922/2873 3924/2878
f 3864/2850 3877/2876 3848/2879
f 3864/2850 3848/2879 3843/2880
f 3864/2850 3843/2880 3840/2852
f 3848/2879 3877/2876 3828/2881
f 3843/2880 3848/2879 3837/2882
f 3837/2882 3848/2879 3828/2881
f 3840/2852 3843/2880 3829/2883
f 3829/2883 3843/2880 3837/2882
f 3837/2882 3828/2881 3824/2884
f 3837/2882 3824/2884 3829/2883
f 3828/2881 3877/2876 3845/2885
f 3845/2885 3877/2876 3926/2875
f 3824/2884 3828/2881 3821/2886
f 3840/2852 3829/2883 3836/2887
f 3840/2852 3836/2887 3826/2888
f 3829/2883 3824/2884 3830/2889
f 3830/2889 3824/2884 3821/2886
f 3836/2887 3829/2883 3835/2890
f 3835/2890 3829/2883 3830/2889
f 3826/2888 3836/2887 3827/2891
f 3827/2891 3836/2887 3835/2890
f 3826/2888 3827/2891 3818/2892
f 3818/2892 3827/2891 3832/2893
f 3832/2893 3827/2891 3835/2890
f 3832/2893 3835/2890 3838/2894
f 3838/2894 3835/2890 3839/2895
f 3839/2895 3835/2890 3830/2889
f 3839/2895 3830/2889 3831/2896
f 3831/2896 3830/2889 3821/2886
f 3831/2896 3821/2886 3844/2897
f 3831/2896 3844/2897 3850/2898
f 3841/2899 3821/2886 3828/2881
f 3821/2886 3841/2899 3844/2897
f 3841/2899 3828/2881 3845/2885
f 3841/2899 3845/2885 3849/2900
f 3841/2899 3849/2900 3844/2897
f 3849/2900 3845/2885 3885/2901
f 3885/2901 3845/2885 3926/2875
f 3844/2897 3849/2900 3857/2902
f 3857/2902 3849/2900 3885/2901
f 3851/2903 3850/2898 3844/2897
f 3850/2898 3851/2903 3856/2904
f 3856/2904 3851/2903 3861/2905
f 3851/2903 3844/2897 3858/2906
f 3851/2903 3858/2906 3861/2905
f 3858/2906 3844/2897 3857/2902
f 3861/2905 3858/2906 3867/2907
f 3867/2907 3858/2906 3857/2902
f 3867/2907 3857/2902 3885/2901
f 3861/2905 3867/2907 3878/2908
f 3878/2908 3867/2907 3887/2909
f 3887/2909 3867/2907 3885/2901
f 3887/2909 3885/2901 3925/2910
f 3925/2910 3885/2901 3926/2875
f 3935/2911 3889/2912 3887/2909
f 3935/2911 3887/2909 3932/2913
f 3932/2913 3887/2909 3925/2910
f 3935/2911 3932/2913 3940/2914
f 3925/2910 3926/2875 3930/2915
f 3925/2910 3930/2915 3932/2913
f 3930/2915 3926/2875 3929/2877
f 3940/2914 3932/2913 3937/2916
f 3937/2916 3932/2913 3930/2915
f 3930/2915 3929/2877 3931/2917
f 3930/2915 3931/2917 3937/2916
f 3931/2917 3929/2877 3924/2878
f 3937/2916 3931/2917 3907/2918
f 3907/2918 3931/2917 3924/2878
f 3937/2916 3907/2918 3933/2919
f 3933/2919 3907/2918 3870/2920
f 3907/2918 3924/2878 3880/2921
f 3907/2918 3880/2921 3870/2920
f 3880/2921 3924/2878 3884/2922
f 3884/2922 3924/2878 3922/2873
f 3884/2922 3922/2873 3897/2867
s 0
f 3884/2922 3897/2867 3881/2923
s 1
f 3881/2923 3897/2867 3853/2868
f 3880/2921 3884/2922 3852/2924
f 3852/2924 3884/2922 3881/2923
f 3881/2923 3853/2868 3847/2925
f 3881/2923 3847/2925 3852/2924
f 3847/2925 3853/2868 3838/2870
f 3847/2925 3838/2870 3839/2926
f 3847/2925 3839/2926 3842/2927
f 3847/2925 3842/2927 3852/2924
f 3842/2927 3839/2926 3831/2928
f 3859/2929 3880/2921 3852/2924
f 3859/2929 3852/2924 3842/2927
f 3880/2921 3859/2929 3863/2930
f 3880/2921 3863/2930 3870/2920
f 3859/2929 3842/2927 3854/2931
f 3854/2931 3842/2927 3831/2928
f 3859/2929 3854/2931 3863/2930
f 3854/2931 3831/2928 3850/2932
f 3870/2920 3863/2930 3860/2933
f 3860/2933 3863/2930 3854/2931
f 3860/2933 3854/2931 3850/2932
f 3870/2920 3860/2933 3871/2934
f 3860/2933 3850/2932 3856/2935
f 3860/2933 3856/2935 3871/2934
f 3882/2936 3876/2937 3898/2938
f 3882/2936 3898/2938 3901/2939
f 3901/2939 3898/2938 3906/2940
f 3906/2940 3898/2938 3894/2941
f 3894/2941 3898/2938 3876/2937
f 3906/2940 3894/2941 3900/2942
f 3894/2941 3876/2937 3874/2943
f 3894/2941 3874/2943 3900/2942
f 3874/2943 3876/2937 3865/2944
f 3900/2942 3874/2943 3892/2945
f 3900/2942 3892/2945 3895/2946
f 3892/2945 3874/2943 3879/2947
f 3879/2947 3874/2943 3865/2944
f 3895/2946 3892/2945 3886/2948
f 3886/2948 3892/2945 3879/2947
f 3895/2946 3886/2948 3883/2949
f 3895/2946 3883/2949 3868/2950
f 3895/2946 3868/2950 3899/2951
f 3899/2951 3868/2950 3846/2952
f 3868/2950 3883/2949 3869/2953
f 3869/2953 3883/2949 3834/2954
f 3869/2953 3834/2954 3868/2950
f 3834/2954 3883/2949 3886/2948
f 3846/2952 3868/2950 3825/2955
f 3825/2955 3868/2950 3834/2954
f 3818/2956 3832/2957 3846/2952
f 3818/2956 3846/2952 3825/2955
f 3818/2956 3825/2955 3813/2958
f 3834/2954 3886/2948 3855/2959
f 3855/2959 3886/2948 3879/2947
f 3825/2955 3834/2954 3814/2960
f 3814/2960 3834/2954 3855/2959
f 3855/2959 3879/2947 3810/2961
f 3855/2959 3810/2961 3814/2960
f 3813/2958 3825/2955 3693/2962
f 3693/2962 3825/2955 3814/2960
f 3813/2958 3693/2962 3748/2963
f 3810/2961 3879/2947 3865/2944
f 3693/2962 3814/2960 3698/2964
f 3698/2964 3814/2960 3810/2961
f 3748/2963 3693/2962 3543/2965
f 3543/2965 3693/2962 3698/2964
f 3810/2961 3865/2944 3811/2966
f 3748/2963 3543/2965 3744/2967
f 3748/2963 3744/2967 3753/2968
f 3744/2967 3543/2965 3587/2969
f 3753/2968 3744/2967 3568/2970
f 3568/2970 3744/2967 3587/2969
f 3587/2969 3543/2965 3274/2971
f 3587/2969 3274/2971 3568/2970
f 3810/2961 3811/2966 3730/2972
f 3810/2961 3730/2972 3698/2964
f 3371/2973 3543/2965 3698/2964
f 3371/2973 3698/2964 3730/2972
f 3543/2965 3371/2973 3274/2971
f 3730/2972 3811/2966 3812/2974
f 3812/2974 3811/2966 3865/2944
f 3371/2973 3730/2972 3709/2975
f 3709/2975 3730/2972 3812/2974
f 3812/2974 3865/2944 3862/2976
f 3862/2976 3865/2944 3876/2937
f 3862/2976 3876/2937 3882/2936
f 3862/2976 3882/2936 3866/2977
f 3866/2977 3882/2936 3875/2978
f 3812/2974 3862/2976 3806/2979
f 3806/2979 3862/2976 3866/2977
f 3709/2975 3812/2974 3724/2980
f 3724/2980 3812/2974 3806/2979
f 3806/2979 3866/2977 3817/2981
f 3817/2981 3866/2977 3875/2978
f 3806/2979 3817/2981 3724/2980
f 3817/2981 3875/2978 3840/2982
f 3709/2975 3724/2980 3647/2983
f 3709/2975 3647/2983 3371/2973
f 3724/2980 3817/2981 3820/2984
f 3820/2984 3817/2981 3840/2982
f 3647/2983 3724/2980 3609/2985
f 3609/2985 3724/2980 3820/2984
f 3371/2973 3647/2983 3470/2986
f 3470/2986 3647/2983 3609/2985
f 3820/2984 3840/2982 3823/2987
f 3823/2987 3840/2982 3822/2988
f 3822/2988 3840/2982 3826/2989
f 3820/2984 3823/2987 3768/2990
f 3768/2990 3823/2987 3822/2988
f 3820/2984 3768/2990 3609/2985
f 3822/2988 3826/2989 3819/2991
f 3822/2988 3819/2991 3768/2990
f 3819/2991 3826/2989 3818/2992
f 3609/2985 3768/2990 3620/2993
f 3609/2985 3620/2993 3470/2986
f 3768/2990 3819/2991 3747/2994
f 3819/2991 3818/2992 3807/2995
f 3819/2991 3807/2995 3747/2994
f 3807/2995 3818/2992 3813/2996
f 3807/2995 3813/2996 3748/2997
f 3807/2995 3748/2997 3747/2994
f 3747/2994 3748/2997 3753/2998
f 3721/2999 3620/2993 3768/2990
f 3721/2999 3768/2990 3747/2994
f 3620/2993 3721/2999 3550/3000
f 3620/2993 3550/3000 3470/2986
f 3721/2999 3747/2994 3756/3001
f 3756/3001 3747/2994 3753/2998
f 3756/3001 3753/2998 3673/3002
f 3673/3002 3753/2998 3664/3003
f 3756/3001 3673/3002 3659/3004
f 3721/2999 3756/3001 3731/3005
f 3731/3005 3756/3001 3659/3004
f 3721/2999 3731/3005 3550/3000
f 3731/3005 3659/3004 3625/3006
f 3731/3005 3625/3006 3446/3007
f 3731/3005 3446/3007 3489/3008
f 3731/3005 3489/3008 3550/3000
f 3489/3008 3446/3007 3299/3009
f 3489/3008 3299/3009 3222/3010
f 3489/3008 3222/3010 3550/3000
f 3222/3010 3299/3009 2921/3011
f 3550/3000 3222/3010 3278/3012
f 3550/3000 3278/3012 3470/2986
f 3222/3010 2921/3011 2929/3013
f 2929/3013 2921/3011 2909/3014
f 2929/3013 2909/3014 2908/3015
f 2929/3013 2908/3015 2918/3016
f 2929/3013 2918/3016 3222/3010
f 2918/3016 2908/3015 2950/3017
f 2918/3016 2950/3017 2961/3018
f 2961/3018 2950/3017 2998/3019
f 3222/3010 2918/3016 3192/3020
f 3222/3010 3192/3020 3278/3012
f 2918/3016 2961/3018 3211/3021
f 3211/3021 2961/3018 2998/3019
f 2918/3016 3211/3021 3192/3020
f 3258/3022 3470/2986 3278/3012
f 3258/3022 3278/3012 3192/3020
f 3470/2986 3258/3022 3371/2973
f 3371/2973 3258/3022 3274/2971
f 3274/2971 3258/3022 3192/3020
f 3274/2971 3192/3020 3211/3021
f 3274/2971 3211/3021 3568/2970
f 3568/2970 3211/3021 2998/3019
f 3568/2970 2998/3019 3400/3023
f 3568/2970 3400/3023 3588/3024
f 3568/2970 3588/3024 3753/2968
f 3753/2968 3588/3024 3664/3025
f 3664/3025 3588/3024 3592/3026
f 3460/3027 3749/3028 3637/3029
f 3460/3027 3637/3029 3105/3030
f 3460/3027 3105/3030 3096/3031
f 3096/3031 3105/3030 2905/3032
f 3105/3030 3637/3029 3658/3033
f 3658/3033 3637/3029 3782/3034
f 2905/3032 3105/3030 3079/3035
f 3079/3035 3105/3030 3658/3033
f 3658/3033 3782/3034 3790/3036
f 2905/3032 3079/3035 2891/3037
f 2891/3037 3079/3035 3069/3038
f 3658/3033 3790/3036 3779/3039
f 3079/3035 3658/3033 3652/3040
f 3652/3040 3658/3033 3779/3039
f 3079/3035 3652/3040 3310/3041
f 3079/3035 3310/3041 2993/3042
f 3652/3040 3779/3039 3394/3043
f 3652/3040 3394/3043 3310/3041
f 3394/3043 3779/3039 3672/3044
f 3672/3044 3779/3039 3788/3045
f 3394/3043 3672/3044 3011/3046
f 3011/3046 3672/3044 3047/3047
f 3310/3041 3394/3043 2997/3048
f 2997/3048 3394/3043 3011/3046
f 2915/3049 2993/3042 3310/3041
f 2915/3049 3310/3041 2997/3048
f 2993/3042 2915/3049 2946/3050
f 2915/3049 2997/3048 2849/3051
f 2946/3050 2915/3049 2813/3052
f 2813/3052 2915/3049 2849/3051
f 2946/3050 2813/3052 2617/3053
f 2849/3051 2997/3048 2831/3054
f 2831/3054 2997/3048 3011/3046
f 2849/3051 2831/3054 2813/3052
f 2975/3055 3011/3046 3047/3047
f 2975/3055 3047/3047 2914/3056
f 3011/3046 2975/3055 2884/3057
f 2884/3057 2975/3055 2914/3056
f 2831/3054 3011/3046 2885/3058
f 2885/3058 3011/3046 2884/3057
f 2831/3054 2885/3058 2555/3059
f 2831/3054 2555/3059 2813/3052
f 2885/3058 2884/3057 2732/3060
f 2885/3058 2732/3060 2555/3059
f 2732/3060 2884/3057 2980/3061
f 2980/3061 2884/3057 2914/3056
f 2555/3059 2732/3060 2834/3062
f 2834/3062 2732/3060 2980/3061
f 2813/3052 2555/3059 2326/3063
f 2326/3063 2555/3059 2834/3062
f 2696/3064 2719/3065 2914/3056
f 2914/3056 2719/3065 2842/3066
f 2980/3061 2914/3056 2934/3067
f 2934/3067 2914/3056 2842/3066
f 2834/3062 2980/3061 3002/3068
f 3002/3068 2980/3061 2934/3067
f 2834/3062 3002/3068 2827/3069
f 3002/3068 2934/3067 2954/3070
f 2954/3070 2934/3067 2842/3066
f 3002/3068 2954/3070 2827/3069
f 2689/3071 2842/3066 2719/3065
f 2954/3070 2842/3066 2862/3072
f 2954/3070 2862/3072 2827/3069
f 2862/3072 2842/3066 2729/3073
f 2729/3073 2842/3066 2689/3071
f 2689/3071 2719/3065 2570/3074
f 2862/3072 2729/3073 2766/3075
f 2766/3075 2729/3073 2745/3076
f 2827/3069 2862/3072 2772/3077
f 2772/3077 2862/3072 2766/3075
f 2729/3073 2689/3071 2687/3078
f 2729/3073 2687/3078 2745/3076
f 2766/3075 2745/3076 2744/3079
f 2766/3075 2744/3079 2772/3077
f 2744/3079 2745/3076 2687/3078
f 2772/3077 2744/3079 2628/3080
f 2628/3080 2744/3079 2687/3078
f 2687/3078 2689/3071 2594/3081
f 2687/3078 2594/3081 2628/3080
f 2594/3081 2689/3071 2570/3074
f 2628/3080 2594/3081 2465/3082
f 2465/3082 2594/3081 2570/3074
f 2772/3077 2628/3080 2644/3083
f 2772/3077 2644/3083 2827/3069
f 2644/3083 2628/3080 2358/3084
f 2358/3084 2628/3080 2465/3082
f 2827/3069 2644/3083 2623/3085
f 2827/3069 2623/3085 2834/3062
f 2644/3083 2358/3084 2324/3086
f 2644/3083 2324/3086 2623/3085
f 2834/3062 2623/3085 2326/3063
f 2326/3063 2623/3085 2324/3086
f 2358/3084 2465/3082 2089/3087
f 2358/3084 2089/3087 2324/3086
f 2109/3088 2465/3082 2570/3074
f 2109/3088 2570/3074 2467/3089
f 2109/3088 2467/3089 2183/3090
f 2326/3063 2324/3086 2267/3091
f 2465/3082 2109/3088 2079/3092
f 2465/3082 2079/3092 2089/3087
f 2109/3088 2183/3090 620/3093
f 620/3093 2183/3090 379/3094
f 620/3093 379/3094 743/3095
f 2326/3063 2267/3091 125/3096
f 2326/3063 125/3096 2813/3052
f 2079/3092 2109/3088 581/3097
f 581/3097 2109/3088 620/3093
f 620/3093 743/3095 933/3098
f 620/3093 933/3098 581/3097
f 933/3098 743/3095 877/3099
f 1055/3100 1173/3101 877/3099
f 877/3099 1173/3101 933/3098
f 2079/3092 581/3097 573/3102
f 2079/3092 573/3102 2089/3087
f 581/3097 933/3098 850/3103
f 581/3097 850/3103 573/3102
f 933/3098 1173/3101 984/3104
f 984/3104 1173/3101 1343/3105
f 850/3103 933/3098 925/3106
f 925/3106 933/3098 984/3104
f 925/3106 984/3104 858/3107
f 858/3107 984/3104 936/3108
f 858/3107 936/3108 1103/3109
f 858/3107 1103/3109 925/3106
f 925/3106 1103/3109 1109/3110
f 1109/3110 1103/3109 1278/3111
f 850/3103 925/3106 902/3112
f 925/3106 1109/3110 793/3113
f 925/3106 793/3113 902/3112
f 850/3103 902/3112 869/3114
f 850/3103 869/3114 573/3102
f 902/3112 793/3113 745/3115
f 869/3114 902/3112 953/3116
f 953/3116 902/3112 745/3115
f 793/3113 1109/3110 975/3117
f 975/3117 1109/3110 1278/3111
f 793/3113 975/3117 879/3118
f 793/3113 879/3118 745/3115
f 975/3117 1278/3111 1102/3119
f 975/3117 1102/3119 879/3118
f 1102/3119 1278/3111 1287/3120
f 1287/3120 1278/3111 1335/3121
f 879/3118 1102/3119 1105/3122
f 1287/3120 1335/3121 1300/3123
f 1105/3122 1102/3119 1015/3124
f 1015/3124 1102/3119 1287/3120
f 1105/3122 1015/3124 879/3118
f 1015/3124 1287/3120 1300/3123
f 879/3118 1015/3124 1074/3125
f 1074/3125 1015/3124 1300/3123
f 879/3118 1074/3125 745/3115
f 1074/3125 1300/3123 1454/3126
f 1454/3126 1300/3123 1533/3127
f 1074/3125 1454/3126 1132/3128
f 1074/3125 1132/3128 745/3115
f 1132/3128 1454/3126 1141/3129
f 745/3115 1132/3128 744/3130
f 744/3130 1132/3128 1141/3129
f 745/3115 744/3130 953/3116
f 744/3130 1141/3129 935/3131
f 935/3131 1141/3129 843/3132
f 843/3132 1141/3129 1202/3133
f 744/3130 935/3131 456/3134
f 843/3132 1202/3133 721/3135
f 721/3135 1202/3133 780/3136
f 935/3131 843/3132 621/3137
f 621/3137 843/3132 721/3135
f 935/3131 621/3137 456/3134
f 721/3135 780/3136 2058/3138
f 2058/3138 780/3136 109/3139
f 721/3135 2058/3138 621/3137
f 621/3137 2058/3138 2227/3140
f 621/3137 2227/3140 2617/3053
f 621/3137 2617/3053 2813/3052
f 621/3137 2813/3052 125/3096
f 621/3137 125/3096 456/3134
f 456/3134 125/3096 476/3141
f 771/3142 744/3130 456/3134
f 771/3142 456/3134 476/3141
f 744/3130 771/3142 953/3116
f 953/3116 771/3142 1020/3143
f 1020/3143 771/3142 476/3141
f 953/3116 1020/3143 999/3144
f 953/3116 999/3144 869/3114
f 869/3114 999/3144 573/3102
f 999/3144 1020/3143 609/3145
f 999/3144 609/3145 573/3102
f 609/3145 1020/3143 476/3141
f 573/3102 609/3145 222/3146
f 573/3102 222/3146 2089/3087
f 609/3145 476/3141 112/3147
f 609/3145 112/3147 222/3146
f 2089/3087 222/3146 4/3148
f 4/3148 222/3146 112/3147
f 2089/3087 4/3148 2324/3086
f 112/3147 476/3141 2225/3149
f 112/3147 2225/3149 4/3148
f 4/3148 2225/3149 2324/3086
f 2225/3149 476/3141 125/3096
f 2324/3086 2225/3149 2267/3091
f 2267/3091 2225/3149 125/3096
f 3935/3150 3938/3151 3915/3152
f 3915/3152 3938/3151 3936/3153
f 3936/3153 3938/3151 3939/3154
f 3939/3154 3938/3151 3935/3150
f 3936/3153 3939/3154 3915/3152
f 3939/3154 3935/3150 3940/3155
f 3935/3150 3915/3152 3889/3156
f 3939/3154 3940/3155 3934/3157
f 3939/3154 3934/3157 3915/3152
f 3915/3152 3934/3157 3913/3158
f 3915/3152 3913/3158 3889/3156
f 3934/3157 3940/3155 3927/3159
f 3934/3157 3927/3159 3913/3158
f 3927/3159 3940/3155 3933/3160
f 3933/3160 3940/3155 3937/3161
f 3913/3158 3927/3159 3904/3162
f 3889/3156 3913/3158 3890/3163
f 3890/3163 3913/3158 3904/3162
f 3904/3162 3927/3159 3893/3164
f 3893/3164 3927/3159 3933/3160
f 3904/3162 3893/3164 3890/3163
f 3893/3164 3933/3160 3888/3165
f 3888/3165 3933/3160 3870/3166
f 3888/3165 3870/3166 3871/3167
f 3888/3165 3871/3167 3893/3164
f 3893/3164 3871/3167 3890/3163
f 3878/3168 3889/3156 3890/3163
f 3889/3156 3878/3168 3887/3169
f 3890/3163 3871/3167 3873/3170
f 3890/3163 3873/3170 3878/3168
f 3873/3170 3871/3167 3856/3171
f 3878/3168 3873/3170 3861/3172
f 3861/3172 3873/3170 3856/3171
f 1374/3173 1506/3174 1411/3175
f 1506/3174 1374/3173 1483/3176
f 1483/3176 1374/3173 1363/3177
f 1483/3176 1363/3177 1449/3178
f 1363/3177 1374/3173 1078/3179
f 1078/3179 1374/3173 540/3180
f 1078/3179 540/3180 518/3181
f 1363/3177 1078/3179 1339/3182
f 1363/3177 1339/3182 1449/3178
f 1078/3179 518/3181 1329/3183
f 1078/3179 1329/3183 1339/3182
f 1329/3183 518/3181 1223/3184
f 1223/3184 518/3181 582/3185
f 1329/3183 1223/3184 1280/3186
f 1280/3186 1223/3184 582/3185
f 1339/3182 1329/3183 1530/3187
f 1339/3182 1530/3187 1449/3178
f 844/3188 582/3185 390/3189
f 582/3185 844/3188 1280/3186
f 1329/3183 1280/3186 1552/3190
f 1329/3183 1552/3190 1530/3187
f 1280/3186 844/3188 1210/3191
f 1210/3191 844/3188 239/3192
f 1280/3186 1210/3191 1429/3193
f 1280/3186 1429/3193 1552/3190
f 1210/3191 239/3192 1039/3194
f 1039/3194 239/3192 105/3195
f 1039/3194 105/3195 779/3196
f 1039/3194 779/3196 978/3197
f 978/3197 779/3196 1190/3198
f 1210/3191 1039/3194 1277/3199
f 1277/3199 1039/3194 978/3197
f 1277/3199 978/3197 1190/3198
f 1210/3191 1277/3199 1429/3193
f 1277/3199 1190/3198 1045/3200
f 1277/3199 1045/3200 1084/3201
f 1429/3193 1277/3199 1384/3202
f 1384/3202 1277/3199 1084/3201
f 1084/3201 1045/3200 917/3203
f 1429/3193 1384/3202 1534/3204
f 1429/3193 1534/3204 1552/3190
f 1384/3202 1084/3201 1249/3205
f 1084/3201 917/3203 1232/3206
f 1084/3201 1232/3206 1249/3205
f 1384/3202 1249/3205 1410/3207
f 1384/3202 1410/3207 1534/3204
f 1552/3190 1534/3204 1517/3208
f 1517/3208 1534/3204 1410/3207
f 1552/3190 1517/3208 1473/3209
f 1517/3208 1410/3207 1325/3210
f 1517/3208 1325/3210 1473/3209
f 1552/3190 1473/3209 1530/3187
f 1325/3210 1410/3207 1302/3211
f 1302/3211 1410/3207 1249/3205
f 1473/3209 1325/3210 1311/3212
f 1311/3212 1325/3210 1302/3211
f 1530/3187 1473/3209 1385/3213
f 1385/3213 1473/3209 1311/3212
f 1302/3211 1249/3205 1307/3214
f 1302/3211 1307/3214 1311/3212
f 1307/3214 1249/3205 1232/3206
f 1311/3212 1307/3214 1276/3215
f 1276/3215 1307/3214 1232/3206
f 1385/3213 1311/3212 1299/3216
f 1530/3187 1385/3213 1460/3217
f 1460/3217 1385/3213 1299/3216
f 1530/3187 1460/3217 1507/3218
f 1530/3187 1507/3218 1449/3178
f 1449/3178 1507/3218 1460/3217
f 1311/3212 1276/3215 1218/3219
f 1218/3219 1276/3215 1232/3206
f 1167/3220 1299/3216 1311/3212
f 1167/3220 1311/3212 1218/3219
f 1299/3216 1167/3220 1229/3221
f 1167/3220 1218/3219 846/3222
f 1167/3220 846/3222 956/3223
f 1218/3219 1232/3206 1186/3224
f 846/3222 1218/3219 1000/3225
f 1000/3225 1218/3219 1186/3224
f 956/3223 846/3222 230/3226
f 956/3223 230/3226 206/3227
f 846/3222 1000/3225 268/3228
f 846/3222 268/3228 230/3226
f 1000/3225 1186/3224 278/3229
f 1000/3225 278/3229 268/3228
f 282/3230 1186/3224 1232/3206
f 1186/3224 282/3230 278/3229
f 206/3227 230/3226 2208/3231
f 206/3227 2208/3231 2487/3232
f 230/3226 268/3228 2491/3233
f 2491/3233 268/3228 278/3229
f 230/3226 2491/3233 2208/3231
f 2487/3232 2208/3231 3056/3234
f 3056/3234 2208/3231 3076/3235
f 3056/3234 3076/3235 3378/3236
f 3056/3234 3378/3236 3497/3237
f 3076/3235 2208/3231 3110/3238
f 3110/3238 2208/3231 2491/3233
f 3076/3235 3110/3238 3378/3236
f 3497/3237 3378/3236 3616/3239
f 3616/3239 3378/3236 3627/3240
f 3616/3239 3627/3240 3640/3241
f 3640/3241 3627/3240 3635/3242
f 3627/3240 3378/3236 3631/3243
f 3631/3243 3378/3236 3110/3238
f 3627/3240 3631/3243 3635/3242
f 3132/3244 3110/3238 2491/3233
f 3110/3238 3132/3244 3631/3243
f 3635/3242 3631/3243 3626/3245
f 3635/3242 3626/3245 3623/3246
f 3626/3245 3631/3243 3585/3247
f 3623/3246 3626/3245 3428/3248
f 3428/3248 3626/3245 3585/3247
f 3585/3247 3631/3243 3283/3249
f 3283/3249 3631/3243 3132/3244
f 3585/3247 3283/3249 3428/3248
f 3623/3246 3428/3248 3421/3250
f 3120/3251 3132/3244 2491/3233
f 3132/3244 3120/3251 3283/3249
f 3120/3251 2491/3233 2160/3252
f 2160/3252 2491/3233 278/3229
f 3283/3249 3120/3251 3106/3253
f 2160/3252 278/3229 282/3230
f 3283/3249 3106/3253 3016/3254
f 3283/3249 3016/3254 3428/3248
f 3106/3253 3120/3251 2457/3255
f 2457/3255 3120/3251 2160/3252
f 2457/3255 2160/3252 282/3230
f 3106/3253 2457/3255 3016/3254
f 2457/3255 282/3230 2479/3256
f 2457/3255 2479/3256 3016/3254
f 2479/3256 282/3230 265/3257
f 265/3257 282/3230 1232/3206
f 3016/3254 2479/3256 2489/3258
f 2489/3258 2479/3256 265/3257
f 265/3257 1232/3206 917/3203
f 265/3257 917/3203 714/3259
f 714/3259 917/3203 816/3260
f 265/3257 714/3259 151/3261
f 151/3261 714/3259 816/3260
f 265/3257 151/3261 2489/3258
f 151/3261 816/3260 96/3262
f 96/3262 816/3260 826/3263
f 2489/3258 151/3261 2514/3264
f 2514/3264 151/3261 96/3262
f 2920/3265 3016/3254 2489/3258
f 3016/3254 2920/3265 3428/3248
f 2920/3265 2489/3258 2829/3266
f 2829/3266 2489/3258 2514/3264
f 3428/3248 2920/3265 3298/3267
f 3298/3267 2920/3265 2829/3266
f 3428/3248 3298/3267 3421/3250
f 3298/3267 2829/3266 3354/3268
f 3298/3267 3354/3268 3421/3250
f 3354/3268 2829/3266 2514/3264
f 3421/3250 3354/3268 3397/3269
f 3397/3269 3354/3268 3342/3270
f 3342/3270 3354/3268 2514/3264
f 3397/3269 3342/3270 3382/3271
f 3382/3271 3342/3270 3312/3272
f 3382/3271 3312/3272 3365/3273
f 3365/3273 3312/3272 3292/3274
f 3342/3270 2514/3264 2520/3275
f 3342/3270 2520/3275 3312/3272
f 2520/3275 2514/3264 96/3262
f 3292/3274 3312/3272 2506/3276
f 3312/3272 2520/3275 2546/3277
f 3312/3272 2546/3277 2506/3276
f 2520/3275 96/3262 6/3278
f 2520/3275 6/3278 2546/3277
f 6/3278 96/3262 498/3279
f 498/3279 96/3262 826/3263
f 2546/3277 6/3278 117/3280
f 117/3280 6/3278 498/3279
f 2546/3277 117/3280 2506/3276
f 498/3279 826/3263 736/3281
f 498/3279 736/3281 117/3280
f 736/3281 826/3263 788/3282
f 117/3280 736/3281 595/3283
f 595/3283 736/3281 788/3282
f 117/3280 595/3283 2506/3276
f 595/3283 788/3282 611/3284
f 2506/3276 595/3283 294/3285
f 294/3285 595/3283 611/3284
f 2506/3276 294/3285 147/3286
f 294/3285 611/3284 515/3287
f 147/3286 294/3285 423/3288
f 423/3288 294/3285 515/3287
f 2436/3289 2608/3290 2516/3291
f 2608/3290 2436/3289 2646/3292
f 2608/3290 2646/3292 2714/3293
f 2436/3289 2516/3291 2591/3294
f 2436/3289 2591/3294 2589/3295
f 2589/3295 2591/3294 2697/3296
f 2697/3296 2591/3294 2626/3297
f 2626/3297 2591/3294 2516/3291
f 2697/3296 2626/3297 2715/3298
f 2715/3298 2626/3297 2385/3299
f 2385/3299 2626/3297 2269/3300
f 2587/3301 2516/3291 2608/3290
f 2516/3291 2587/3301 2626/3297
f 2659/3302 2608/3290 2714/3293
f 2608/3290 2659/3302 2587/3301
f 2659/3302 2714/3293 2787/3303
f 2269/3300 2626/3297 2211/3304
f 2269/3300 2211/3304 635/3305
f 635/3305 2211/3304 533/3306
f 2211/3304 2626/3297 2229/3307
f 2211/3304 2229/3307 533/3306
f 2229/3307 2626/3297 2587/3301
f 533/3306 2229/3307 463/3308
f 533/3306 463/3308 1144/3309
f 2229/3307 2587/3301 2321/3310
f 2321/3310 2587/3301 2659/3302
f 2229/3307 2321/3310 463/3308
f 1144/3309 463/3308 1080/3311
f 2321/3310 2659/3302 2582/3312
f 2582/3312 2659/3302 2787/3303
f 463/3308 2321/3310 2381/3313
f 2381/3313 2321/3310 2582/3312
f 1080/3311 463/3308 413/3314
f 413/3314 463/3308 2381/3313
f 2582/3312 2787/3303 2967/3315
f 2967/3315 2787/3303 3014/3316
f 2967/3315 3014/3316 3073/3317
f 2582/3312 2967/3315 2832/3318
f 2832/3318 2967/3315 3073/3317
f 2582/3312 2832/3318 2381/3313
f 2832/3318 3073/3317 2750/3319
f 2750/3319 3073/3317 2794/3320
f 2381/3313 2832/3318 2712/3321
f 2712/3321 2832/3318 2750/3319
f 214/3322 413/3314 2381/3313
f 413/3314 214/3322 1080/3311
f 2381/3313 2712/3321 2175/3323
f 2381/3313 2175/3323 214/3322
f 2712/3321 2750/3319 2334/3324
f 2712/3321 2334/3324 2175/3323
f 2175/3323 2334/3324 299/3325
f 2175/3323 299/3325 214/3322
f 2334/3324 2750/3319 76/3326
f 2334/3324 76/3326 299/3325
f 214/3322 299/3325 776/3327
f 776/3327 299/3325 76/3326
f 214/3322 776/3327 1080/3311
f 1080/3311 776/3327 1023/3328
f 776/3327 76/3326 965/3329
f 776/3327 965/3329 1023/3328
f 1080/3311 1023/3328 1327/3330
f 1327/3330 1023/3328 965/3329
f 1080/3311 1327/3330 1405/3331
f 74/3332 76/3326 2750/3319
f 76/3326 74/3332 965/3329
f 74/3332 2750/3319 2794/3320
f 74/3332 2794/3320 2069/3333
f 2069/3333 2794/3320 3077/3334
f 2069/3333 3077/3334 2579/3335
f 2069/3333 2579/3335 2055/3336
f 74/3332 2069/3333 1032/3337
f 74/3332 1032/3337 965/3329
f 2069/3333 2055/3336 930/3338
f 2069/3333 930/3338 1032/3337
f 930/3338 2055/3336 854/3339
f 965/3329 1032/3337 1420/3340
f 965/3329 1420/3340 1327/3330
f 930/3338 854/3339 995/3341
f 995/3341 854/3339 954/3342
f 1032/3337 930/3338 1337/3343
f 1337/3343 930/3338 995/3341
f 1420/3340 1032/3337 1597/3344
f 1597/3344 1032/3337 1337/3343
f 995/3341 954/3342 1050/3345
f 995/3341 1050/3345 1337/3343
f 1050/3345 954/3342 1244/3346
f 1337/3343 1050/3345 1557/3347
f 1557/3347 1050/3345 1244/3346
f 1337/3343 1557/3347 1597/3344
f 1557/3347 1244/3346 1565/3348
f 1597/3344 1557/3347 1725/3349
f 1557/3347 1565/3348 1773/3350
f 1557/3347 1773/3350 1725/3349
f 1773/3350 1565/3348 1617/3351
f 1725/3349 1773/3350 1791/3352
f 1725/3349 1791/3352 1597/3344
f 1791/3352 1773/3350 1824/3353
f 1597/3344 1791/3352 1560/3354
f 1597/3344 1560/3354 1420/3340
f 1791/3352 1824/3353 1833/3355
f 1791/3352 1833/3355 1560/3354
f 1833/3355 1824/3353 1826/3356
f 1420/3340 1560/3354 1453/3357
f 1420/3340 1453/3357 1327/3330
f 1560/3354 1833/3355 1585/3358
f 1585/3358 1833/3355 1826/3356
f 1453/3357 1560/3354 1490/3359
f 1453/3357 1490/3359 1327/3330
f 1490/3359 1560/3354 1585/3358
f 1327/3330 1490/3359 1405/3331
f 1405/3331 1490/3359 1540/3360
f 1540/3360 1490/3359 1585/3358
f 1540/3360 1585/3358 1826/3356
f 1540/3360 1826/3356 1558/3361
f 1520/3362 1564/3363 1470/3364
f 1470/3364 1564/3363 1398/3365
f 1470/3364 1398/3365 1358/3366
f 1358/3366 1398/3365 680/3367
f 1358/3366 680/3367 635/3368
f 680/3367 1398/3365 810/3369
f 1398/3365 1564/3363 1317/3370
f 1398/3365 1317/3370 810/3369
f 1317/3370 1564/3363 1578/3371
f 810/3369 1317/3370 920/3372
f 920/3372 1317/3370 1578/3371
f 810/3369 920/3372 247/3373
f 810/3369 247/3373 35/3374
f 35/3374 247/3373 2792/3375
f 35/3374 2792/3375 2771/3376
f 2771/3376 2792/3375 3241/3377
f 2792/3375 247/3373 218/3378
f 218/3378 247/3373 920/3372
f 3241/3377 2792/3375 3129/3379
f 3427/3380 3241/3377 3495/3381
f 3495/3381 3241/3377 3129/3379
f 3129/3379 2792/3375 2882/3382
f 2882/3382 2792/3375 218/3378
f 3495/3381 3129/3379 3239/3383
f 3495/3381 3239/3383 3269/3384
f 3129/3379 2882/3382 2888/3385
f 3129/3379 2888/3385 3239/3383
f 2882/3382 218/3378 2523/3386
f 2882/3382 2523/3386 2888/3385
f 3239/3383 2888/3385 2853/3387
f 2888/3385 2523/3386 2481/3388
f 2888/3385 2481/3388 2853/3387
f 3239/3383 2853/3387 2848/3389
f 2848/3389 2853/3387 2481/3388
f 3248/3390 3269/3384 3239/3383
f 3248/3390 3239/3383 2848/3389
f 3269/3384 3248/3390 3586/3391
f 3497/3392 3616/3393 3586/3391
f 3497/3392 3586/3391 3075/3394
f 3075/3394 3586/3391 3248/3390
f 3497/3392 3075/3394 3056/3395
f 3075/3394 3248/3390 3028/3396
f 3075/3394 3028/3396 3056/3395
f 3028/3396 3248/3390 2848/3389
f 3056/3395 3028/3396 2487/3397
f 3028/3396 2848/3389 2317/3398
f 3028/3396 2317/3398 2487/3397
f 2317/3398 2848/3389 2481/3388
f 2487/3397 2317/3398 189/3399
f 2317/3398 2481/3388 152/3400
f 2317/3398 152/3400 189/3399
f 2487/3397 189/3399 225/3401
f 2487/3397 225/3401 206/3402
f 206/3402 225/3401 956/3403
f 956/3403 225/3401 189/3399
f 152/3400 2481/3388 178/3404
f 178/3404 2481/3388 2523/3386
f 189/3399 152/3400 579/3405
f 579/3405 152/3400 178/3404
f 956/3403 189/3399 698/3406
f 698/3406 189/3399 579/3405
f 956/3403 698/3406 1170/3407
f 698/3406 579/3405 1003/3408
f 698/3406 1003/3408 1170/3407
f 956/3403 1170/3407 1167/3409
f 1003/3408 579/3405 1104/3410
f 1003/3408 1104/3410 1170/3407
f 1111/3411 579/3405 178/3404
f 579/3405 1111/3411 1104/3410
f 236/3412 178/3404 2523/3386
f 178/3404 236/3412 1111/3411
f 236/3412 2523/3386 218/3378
f 1217/3413 1167/3409 1170/3407
f 1167/3409 1217/3413 1229/3414
f 1229/3414 1217/3413 1299/3415
f 1217/3413 1170/3407 1313/3416
f 1217/3413 1313/3416 1299/3415
f 1313/3416 1170/3407 1104/3410
f 1299/3415 1313/3416 1400/3417
f 1299/3415 1400/3417 1460/3418
f 1313/3416 1104/3410 1285/3419
f 1285/3419 1104/3410 1433/3420
f 1433/3420 1104/3410 1426/3421
f 1426/3421 1104/3410 1451/3422
f 1451/3422 1104/3410 1111/3411
f 1451/3422 1111/3411 1082/3423
f 1082/3423 1111/3411 236/3412
f 1451/3422 1082/3423 1353/3424
f 1082/3423 236/3412 874/3425
f 1082/3423 874/3425 1353/3424
f 874/3425 236/3412 218/3378
f 874/3425 218/3378 920/3372
f 874/3425 920/3372 1353/3424
f 1353/3424 920/3372 1322/3426
f 1322/3426 920/3372 1578/3371
f 1322/3426 1578/3371 1581/3427
f 1353/3424 1322/3426 1377/3428
f 1353/3424 1377/3428 1412/3429
f 1322/3426 1581/3427 1465/3430
f 1322/3426 1465/3430 1377/3428
f 1377/3428 1465/3430 1412/3429
f 1465/3430 1581/3427 1635/3431
f 1412/3429 1465/3430 1669/3432
f 1669/3432 1465/3430 1635/3431
f 1291/3433 1137/3434 1394/3435
f 1137/3434 1291/3433 1072/3436
f 1291/3433 1394/3435 1637/3437
f 1072/3436 1291/3433 1204/3438
f 1204/3438 1291/3433 1637/3437
f 1072/3436 1204/3438 669/3439
f 1204/3438 1637/3437 1593/3440
f 1593/3440 1637/3437 1728/3441
f 1728/3441 1637/3437 1796/3442
f 1728/3441 1796/3442 1812/3443
f 1812/3443 1796/3442 1826/3444
f 1812/3443 1826/3444 1824/3445
f 1728/3441 1812/3443 1764/3446
f 1764/3446 1812/3443 1824/3445
f 1728/3441 1764/3446 1593/3440
f 1764/3446 1824/3445 1608/3447
f 1764/3446 1608/3447 1593/3440
f 1608/3447 1824/3445 1773/3448
f 1608/3447 1773/3448 1617/3449
f 1608/3447 1617/3449 1381/3450
f 1381/3450 1617/3449 1565/3451
f 1381/3450 1565/3451 1244/3452
f 1381/3450 1244/3452 954/3453
f 1381/3450 954/3453 971/3454
f 1608/3447 1381/3450 1158/3455
f 1158/3455 1381/3450 971/3454
f 1608/3447 1158/3455 1349/3456
f 1158/3455 971/3454 492/3457
f 1158/3455 492/3457 1349/3456
f 971/3454 954/3453 742/3458
f 742/3458 954/3453 720/3459
f 720/3459 954/3453 854/3460
f 720/3459 854/3460 2055/3461
f 971/3454 742/3458 675/3462
f 742/3458 720/3459 659/3463
f 742/3458 659/3463 675/3462
f 720/3459 2055/3461 2303/3464
f 2303/3464 2055/3461 2579/3465
f 659/3463 720/3459 2053/3466
f 2053/3466 720/3459 2303/3464
f 659/3463 2053/3466 2143/3467
f 659/3463 2143/3467 675/3462
f 672/3468 971/3454 675/3462
f 971/3454 672/3468 492/3457
f 492/3457 672/3468 675/3462
f 492/3457 675/3462 2124/3469
f 2124/3469 675/3462 2143/3467
f 492/3457 2124/3469 136/3470
f 2725/3471 2143/3467 2053/3466
f 492/3457 136/3470 1349/3456
f 2124/3469 2143/3467 2618/3472
f 2725/3471 2053/3466 3003/3473
f 3003/3473 2053/3466 2303/3464
f 2725/3471 3003/3473 3139/3474
f 2143/3467 2725/3471 2968/3475
f 2968/3475 2725/3471 3139/3474
f 2143/3467 2968/3475 2618/3472
f 2968/3475 3139/3474 3128/3476
f 2968/3475 3128/3476 2618/3472
f 3003/3473 2303/3464 2960/3477
f 2960/3477 2303/3464 2579/3465
f 3003/3473 2960/3477 3043/3478
f 3003/3473 3043/3478 3178/3479
f 3178/3479 3043/3478 3483/3480
f 2960/3477 2579/3465 2995/3481
f 2960/3477 2995/3481 3043/3478
f 2995/3481 2579/3465 3077/3482
f 3483/3480 3043/3478 3237/3483
f 3237/3483 3043/3478 2995/3481
f 3483/3480 3237/3483 3430/3484
f 2995/3481 3077/3482 3213/3485
f 2995/3481 3213/3485 3237/3483
f 3237/3483 3213/3485 3430/3484
f 3213/3485 3077/3482 3410/3486
f 3213/3485 3410/3486 3430/3484
f 3036/3487 2618/3472 3128/3476
f 3036/3487 3128/3476 3338/3488
f 3036/3487 3338/3488 3117/3489
f 3117/3489 3338/3488 3387/3490
f 3117/3489 3387/3490 3243/3491
f 3243/3491 3387/3490 3233/3492
f 3036/3487 3117/3489 3065/3493
f 3036/3487 3065/3493 2892/3494
f 3036/3487 2892/3494 2548/3495
f 3036/3487 2548/3495 2618/3472
f 2618/3472 2548/3495 2329/3496
f 2618/3472 2329/3496 2124/3469
f 2124/3469 2329/3496 136/3470
f 2329/3496 2548/3495 2220/3497
f 2220/3497 2548/3495 2631/3498
f 2220/3497 2631/3498 2293/3499
f 2293/3499 2631/3498 2641/3500
f 2293/3499 2641/3500 2204/3501
f 2293/3499 2204/3501 2220/3497
f 2220/3497 2204/3501 2100/3502
f 2220/3497 2100/3502 2329/3496
f 2329/3496 2100/3502 2039/3503
f 2329/3496 2039/3503 136/3470
f 136/3470 2039/3503 2075/3504
f 136/3470 2075/3504 168/3505
f 168/3505 2075/3504 2056/3506
f 136/3470 168/3505 481/3507
f 2056/3506 2075/3504 2210/3508
f 2210/3508 2075/3504 2182/3509
f 2210/3508 2182/3509 2767/3510
f 2210/3508 2767/3510 2726/3511
f 2210/3508 2726/3511 2331/3512
f 168/3505 2056/3506 284/3513
f 168/3505 284/3513 481/3507
f 2056/3506 2210/3508 15/3514
f 15/3514 2210/3508 2331/3512
f 2331/3512 2726/3511 2786/3515
f 2331/3512 2786/3515 15/3514
f 2786/3515 2726/3511 2902/3516
f 2786/3515 2902/3516 2604/3517
f 2786/3515 2604/3517 15/3514
f 15/3514 2604/3517 2130/3518
f 15/3514 2130/3518 213/3519
f 324/3520 2056/3506 15/3514
f 324/3520 15/3514 213/3519
f 2056/3506 324/3520 284/3513
f 324/3520 213/3519 642/3521
f 324/3520 642/3521 284/3513
f 284/3513 642/3521 481/3507
f 642/3521 213/3519 669/3439
f 481/3507 642/3521 634/3522
f 634/3522 642/3521 669/3439
f 481/3507 634/3522 722/3523
f 634/3522 669/3439 827/3524
f 634/3522 827/3524 722/3523
f 827/3524 669/3439 1204/3438
f 481/3507 722/3523 136/3470
f 827/3524 1204/3438 957/3525
f 827/3524 957/3525 722/3523
f 136/3470 722/3523 1054/3526
f 1054/3526 722/3523 957/3525
f 136/3470 1054/3526 1349/3456
f 957/3525 1204/3438 1323/3527
f 1323/3527 1204/3438 1593/3440
f 1054/3526 957/3525 1085/3528
f 1349/3456 1054/3526 1356/3529
f 1356/3529 1054/3526 1085/3528
f 1085/3528 957/3525 1135/3530
f 1135/3530 957/3525 1323/3527
f 1085/3528 1135/3530 1165/3531
f 1165/3531 1135/3530 1323/3527
f 1085/3528 1165/3531 1193/3532
f 1085/3528 1193/3532 1356/3529
f 1193/3532 1165/3531 1250/3533
f 1193/3532 1250/3533 1356/3529
f 1250/3533 1165/3531 1424/3534
f 1424/3534 1165/3531 1323/3527
f 1250/3533 1424/3534 1356/3529
f 1424/3534 1323/3527 1443/3535
f 1443/3535 1323/3527 1593/3440
f 1356/3529 1424/3534 1450/3536
f 1450/3536 1424/3534 1443/3535
f 1356/3529 1450/3536 1349/3456
f 1450/3536 1443/3535 1593/3440
f 1349/3456 1450/3536 1608/3447
f 1608/3447 1450/3536 1593/3440
f 1866/3537 1789/3538 1702/3539
f 1696/3540 1539/3541 1789/3538
f 1789/3538 1539/3541 1602/3542
f 1789/3538 1602/3542 1702/3539
f 1602/3542 1539/3541 1433/3543
f 1789/3538 1866/3537 1909/3544
f 1702/3539 1602/3542 1500/3545
f 1500/3545 1602/3542 1433/3543
f 1500/3545 1433/3543 1554/3546
f 1554/3546 1433/3543 1426/3547
f 1554/3546 1426/3547 1451/3548
f 1702/3539 1500/3545 1726/3549
f 1702/3539 1726/3549 1866/3537
f 1726/3549 1500/3545 1496/3550
f 1957/3551 1909/3544 1866/3537
f 1909/3544 1957/3551 1955/3552
f 1955/3552 1957/3551 1977/3553
f 1957/3551 1866/3537 1919/3554
f 1919/3554 1866/3537 1726/3549
f 1977/3553 1957/3551 1958/3555
f 1958/3555 1957/3551 1919/3554
f 1977/3553 1958/3555 1980/3556
f 1919/3554 1726/3549 1854/3557
f 1919/3554 1854/3557 1958/3555
f 1589/3558 1726/3549 1496/3550
f 1726/3549 1589/3558 1854/3557
f 1589/3558 1496/3550 1400/3559
f 1980/3556 1958/3555 1966/3560
f 1980/3556 1966/3560 1962/3561
f 1962/3561 1966/3560 1907/3562
f 1966/3560 1958/3555 1936/3563
f 1936/3563 1958/3555 1854/3557
f 1907/3562 1966/3560 1939/3564
f 1939/3564 1966/3560 1936/3563
f 1907/3562 1939/3564 1850/3565
f 1798/3566 1854/3557 1589/3558
f 1854/3557 1798/3566 1936/3563
f 1939/3564 1936/3563 1899/3567
f 1939/3564 1899/3567 1850/3565
f 1899/3567 1936/3563 1798/3566
f 1899/3567 1798/3566 1782/3568
f 1850/3565 1899/3567 1711/3569
f 1711/3569 1899/3567 1782/3568
f 1850/3565 1711/3569 1575/3570
f 1782/3568 1798/3566 1658/3571
f 1782/3568 1658/3571 1711/3569
f 1551/3572 1798/3566 1589/3558
f 1798/3566 1551/3572 1658/3571
f 1551/3572 1589/3558 1400/3559
f 1575/3570 1711/3569 1548/3573
f 1548/3573 1711/3569 1658/3571
f 1575/3570 1548/3573 1371/3574
f 1658/3571 1551/3572 1492/3575
f 1492/3575 1551/3572 1400/3559
f 1658/3571 1492/3575 1548/3573
f 1548/3573 1492/3575 1371/3574
f 1492/3575 1400/3559 1313/3576
f 1492/3575 1313/3576 1371/3574
f 1731/3577 1761/3578 1679/3579
f 1679/3579 1761/3578 1727/3580
f 1679/3579 1727/3580 1631/3581
f 1679/3579 1631/3581 1664/3582
f 1679/3579 1664/3582 1731/3577
f 1761/3578 1731/3577 1765/3583
f 1761/3578 1765/3583 1808/3584
f 1765/3583 1731/3577 1724/3585
f 1724/3585 1731/3577 1664/3582
f 1724/3585 1664/3582 1656/3586
f 3510/3587 3188/3588 3493/3589
f 3188/3588 3510/3587 3232/3590
f 3232/3590 3510/3587 3496/3591
f 3496/3591 3510/3587 3614/3592
f 3614/3592 3510/3587 3493/3589
f 3496/3591 3614/3592 3633/3593
f 3496/3591 3633/3593 3232/3590
f 3614/3592 3493/3589 3769/3594
f 3633/3593 3614/3592 3719/3595
f 3719/3595 3614/3592 3769/3594
f 3633/3593 3719/3595 3728/3596
f 3719/3595 3769/3594 3799/3597
f 3719/3595 3799/3597 3728/3596
f 3633/3593 3728/3596 3775/3598
f 3775/3598 3728/3596 3789/3599
f 3789/3599 3728/3596 3799/3597
f 3633/3593 3775/3598 3607/3600
f 3633/3593 3607/3600 3232/3590
f 3775/3598 3789/3599 3772/3601
f 3775/3598 3772/3601 3607/3600
f 3789/3599 3799/3597 3776/3602
f 3789/3599 3776/3602 3772/3601
f 3772/3601 3776/3602 3745/3603
f 3772/3601 3745/3603 3607/3600
f 3776/3602 3799/3597 3777/3604
f 3745/3603 3776/3602 3763/3605
f 3763/3605 3776/3602 3777/3604
f 3777/3604 3799/3597 3797/3606
f 3797/3606 3799/3597 3769/3594
f 3763/3605 3777/3604 3764/3607
f 3777/3604 3797/3606 3760/3608
f 3777/3604 3760/3608 3764/3607
f 3797/3606 3769/3594 3780/3609
f 3763/3605 3764/3607 3759/3610
f 3759/3610 3764/3607 3760/3608
f 3763/3605 3759/3610 3679/3611
f 3763/3605 3679/3611 3745/3603
f 3780/3609 3769/3594 3493/3589
f 3745/3603 3679/3611 3419/3612
f 3745/3603 3419/3612 3607/3600
f 3679/3611 3759/3610 3554/3613
f 3419/3612 3679/3611 3462/3614
f 3462/3614 3679/3611 3554/3613
f 3554/3613 3759/3610 3577/3615
f 3577/3615 3759/3610 3760/3608
f 3462/3614 3554/3613 3297/3616
f 3297/3616 3554/3613 3577/3615
f 3419/3612 3462/3614 3054/3617
f 3054/3617 3462/3614 3297/3616
f 3419/3612 3054/3617 2955/3618
f 3419/3612 2955/3618 3607/3600
f 3607/3600 2955/3618 2268/3619
f 2955/3618 3054/3617 2615/3620
f 2955/3618 2615/3620 2268/3619
f 3607/3600 2268/3619 2262/3621
f 2268/3619 2615/3620 2248/3622
f 3607/3600 2262/3621 2803/3623
f 2615/3620 3054/3617 2692/3624
f 2615/3620 2692/3624 2248/3622
f 2692/3624 3054/3617 3297/3616
f 2248/3622 2692/3624 2577/3625
f 3607/3600 2803/3623 3232/3590
f 2803/3623 2262/3621 47/3626
f 3232/3590 2803/3623 2970/3627
f 2577/3625 2692/3624 2825/3628
f 2825/3628 2692/3624 3297/3616
f 2577/3625 2825/3628 2595/3629
f 2577/3625 2595/3629 2362/3630
f 2362/3630 2595/3629 2341/3631
f 2595/3629 2825/3628 3017/3632
f 3232/3590 2970/3627 2916/3633
f 2825/3628 3297/3616 3025/3634
f 2825/3628 3025/3634 3017/3632
f 3232/3590 2916/3633 3188/3588
f 3025/3634 3297/3616 3376/3635
f 3376/3635 3297/3616 3577/3615
f 3017/3632 3025/3634 3270/3636
f 3270/3636 3025/3634 3376/3635
f 3017/3632 3270/3636 3361/3637
f 3376/3635 3577/3615 3663/3638
f 3376/3635 3663/3638 3270/3636
f 3270/3636 3663/3638 3361/3637
f 3361/3637 3663/3638 3583/3639
f 3663/3638 3577/3615 3760/3608
f 3583/3639 3663/3638 3713/3640
f 3663/3638 3760/3608 3750/3641
f 3663/3638 3750/3641 3713/3640
f 3750/3641 3760/3608 3771/3642
f 3771/3642 3760/3608 3797/3606
f 3771/3642 3797/3606 3780/3609
f 3750/3641 3771/3642 3762/3643
f 3762/3643 3771/3642 3780/3609
f 3750/3641 3762/3643 3740/3644
f 3750/3641 3740/3644 3713/3640
f 3740/3644 3762/3643 3780/3609
f 3713/3640 3740/3644 3741/3645
f 3740/3644 3780/3609 3757/3646
f 3740/3644 3757/3646 3741/3645
f 3713/3640 3741/3645 3718/3647
f 3718/3647 3741/3645 3757/3646
f 3713/3640 3718/3647 3704/3648
f 3704/3648 3718/3647 3699/3649
f 3699/3649 3718/3647 3680/3650
f 3680/3650 3718/3647 3708/3651
f 3718/3647 3757/3646 3743/3652
f 3708/3651 3718/3647 3720/3653
f 3720/3653 3718/3647 3743/3652
f 3708/3651 3720/3653 3628/3654
f 3708/3651 3628/3654 3687/3655
f 3720/3653 3743/3652 3666/3656
f 3720/3653 3666/3656 3628/3654
f 3743/3652 3757/3646 3657/3657
f 3657/3657 3757/3646 3780/3609
f 3666/3656 3743/3652 3385/3658
f 3657/3657 3780/3609 3710/3659
f 3385/3658 3743/3652 3407/3660
f 3407/3660 3743/3652 3657/3657
f 3666/3656 3385/3658 3369/3661
f 3710/3659 3780/3609 3493/3589
f 3385/3658 3407/3660 2683/3662
f 3666/3656 3369/3661 3507/3663
f 3666/3656 3507/3663 3628/3654
f 3507/3663 3369/3661 3345/3664
f 3507/3663 3345/3664 3526/3665
f 3507/3663 3526/3665 3628/3654
f 3526/3665 3345/3664 3375/3666
f 3628/3654 3526/3665 3562/3667
f 3628/3654 3562/3667 3687/3655
f 3687/3655 3562/3667 3528/3668
f 3526/3665 3375/3666 3498/3669
f 3526/3665 3498/3669 3562/3667
f 3498/3669 3375/3666 3356/3670
f 3498/3669 3356/3670 3347/3671
f 3498/3669 3347/3671 3562/3667
f 3562/3667 3347/3671 3528/3668
f 3528/3668 3347/3671 3350/3672
f 3024/3673 2683/3662 3407/3660
f 2683/3662 3024/3673 2658/3674
f 2683/3662 2658/3674 2501/3675
f 2658/3674 3024/3673 2633/3676
f 2658/3674 2633/3676 2501/3675
f 3024/3673 3407/3660 3458/3677
f 3458/3677 3407/3660 3629/3678
f 3629/3678 3407/3660 3657/3657
f 3629/3678 3657/3657 3710/3659
f 3629/3678 3710/3659 3493/3589
f 3629/3678 3493/3589 3458/3677
f 3024/3673 3458/3677 3095/3679
f 3095/3679 3458/3677 3493/3589
f 3024/3673 3095/3679 2633/3676
f 3095/3679 3493/3589 3188/3588
f 3095/3679 3188/3588 2916/3633
f 3095/3679 2916/3633 2633/3676
f 2431/3680 2501/3675 2633/3676
f 2501/3675 2431/3680 163/3681
f 2633/3676 2916/3633 2649/3682
f 2633/3676 2649/3682 2431/3680
f 163/3681 2431/3680 191/3683
f 163/3681 191/3683 855/3684
f 855/3684 191/3683 137/3685
f 137/3685 191/3683 2431/3680
f 855/3684 137/3685 807/3686
f 807/3686 137/3685 47/3626
f 137/3685 2431/3680 2355/3687
f 137/3685 2355/3687 47/3626
f 2355/3687 2431/3680 2649/3682
f 47/3626 2355/3687 2622/3688
f 2622/3688 2355/3687 2649/3682
f 2622/3688 2649/3682 2916/3633
f 47/3626 2622/3688 2803/3623
f 2622/3688 2916/3633 2970/3627
f 2622/3688 2970/3627 2803/3623
f 3422/3689 3414/3690 3491/3691
f 3414/3690 3422/3689 2685/3692
f 2685/3692 3422/3689 2676/3693
f 2676/3693 3422/3689 2727/3694
f 2685/3692 2676/3693 2154/3695
f 2154/3695 2676/3693 2727/3694
f 2685/3692 2154/3695 2156/3696
f 3414/3690 2685/3692 3223/3697
f 3414/3690 3223/3697 3454/3698
f 3223/3697 2685/3692 2761/3699
f 2761/3699 2685/3692 2156/3696
f 3414/3690 3454/3698 3661/3700
f 3661/3700 3454/3698 3557/3701
f 5/3702 2451/3703 2761/3699
f 5/3702 2761/3699 416/3704
f 416/3704 2761/3699 2156/3696
f 5/3702 416/3704 79/3705
f 79/3705 416/3704 337/3706
f 416/3704 2156/3696 304/3707
f 304/3707 2156/3696 2154/3695
f 337/3706 416/3704 425/3708
f 425/3708 416/3704 304/3707
f 79/3705 337/3706 180/3709
f 180/3709 337/3706 425/3708
f 79/3705 180/3709 157/3710
f 79/3705 157/3710 33/3711
f 180/3709 425/3708 139/3712
f 180/3709 139/3712 157/3710
f 139/3712 425/3708 304/3707
f 157/3710 139/3712 133/3713
f 29/3714 304/3707 2154/3695
f 304/3707 29/3714 139/3712
f 29/3714 2154/3695 2727/3694
f 133/3713 139/3712 58/3715
f 58/3715 139/3712 29/3714
f 133/3713 58/3715 72/3716
f 58/3715 29/3714 2727/3694
f 58/3715 2727/3694 2661/3717
f 58/3715 2661/3717 2406/3718
f 58/3715 2406/3718 2621/3719
f 2406/3718 2661/3717 2752/3720
f 2406/3718 2752/3720 2621/3719
f 2621/3719 2752/3720 3074/3721
f 3074/3721 2752/3720 2661/3717
f 2661/3717 2727/3694 3425/3722
f 2661/3717 3425/3722 3074/3721
f 3425/3722 2727/3694 3422/3689
f 2621/3719 3074/3721 3415/3723
f 3425/3722 3422/3689 3491/3691
f 3415/3723 3074/3721 3417/3724
f 3417/3724 3074/3721 3406/3725
f 3406/3725 3074/3721 3425/3722
f 3415/3723 3417/3724 3575/3726
f 3575/3726 3417/3724 3406/3725
f 3575/3726 3406/3725 3649/3727
f 3649/3727 3406/3725 3425/3722
f 3415/3723 3575/3726 3690/3728
f 3690/3728 3575/3726 3649/3727
f 3415/3723 3690/3728 3528/3729
f 3415/3723 3528/3729 3350/3730
f 3528/3729 3690/3728 3687/3731
f 3687/3731 3690/3728 3752/3732
f 3752/3732 3690/3728 3649/3727
f 3687/3731 3752/3732 3665/3733
f 3665/3733 3752/3732 3727/3734
f 3752/3732 3649/3727 3734/3735
f 3727/3734 3752/3732 3715/3736
f 3715/3736 3752/3732 3734/3735
f 3734/3735 3649/3727 3729/3737
f 3734/3735 3729/3737 3715/3736
f 3729/3737 3649/3727 3425/3722
f 3648/3738 3727/3734 3703/3739
f 3703/3739 3727/3734 3715/3736
f 3703/3739 3715/3736 3694/3740
f 3694/3740 3715/3736 3701/3741
f 3694/3740 3701/3741 3678/3742
f 3678/3742 3701/3741 3695/3743
f 3695/3743 3701/3741 3715/3736
f 3695/3743 3715/3736 3723/3744
f 3723/3744 3715/3736 3729/3737
f 3695/3743 3723/3744 3716/3745
f 3723/3744 3729/3737 3739/3746
f 3723/3744 3739/3746 3716/3745
f 3739/3746 3729/3737 3425/3722
f 3716/3745 3739/3746 3717/3747
f 3739/3746 3425/3722 3491/3691
f 3717/3747 3739/3746 3742/3748
f 3742/3748 3739/3746 3491/3691
f 3717/3747 3742/3748 3725/3749
f 3717/3747 3725/3749 3705/3750
f 3742/3748 3491/3691 3638/3751
f 3742/3748 3638/3751 3725/3749
f 3638/3751 3491/3691 3414/3690
f 3638/3751 3414/3690 3661/3700
f 3638/3751 3661/3700 3725/3749
f 3725/3749 3661/3700 3705/3750
f 3705/3750 3661/3700 3642/3752
f 3642/3752 3661/3700 3557/3701
f 3705/3750 3642/3752 3536/3753
f 3642/3752 3557/3701 3165/3754
f 3536/3753 3642/3752 3116/3755
f 3116/3755 3642/3752 3165/3754
f 3116/3755 3165/3754 2730/3756
f 3116/3755 2730/3756 2337/3757
f 2637/3758 2466/3759 2629/3760
f 2629/3760 2466/3759 2528/3761
f 2528/3761 2466/3759 2373/3762
f 2528/3761 2373/3762 2320/3763
f 2466/3759 2637/3758 13/3764
f 2373/3762 2466/3759 68/3765
f 68/3765 2466/3759 13/3764
f 2320/3763 2373/3762 2179/3766
f 2179/3766 2373/3762 68/3765
f 2320/3763 2179/3766 158/3767
f 2179/3766 68/3765 50/3768
f 2179/3766 50/3768 158/3767
f 158/3767 50/3768 244/3769
f 158/3767 244/3769 385/3770
f 50/3768 68/3765 143/3771
f 50/3768 143/3771 244/3769
f 143/3771 68/3765 54/3772
f 54/3772 68/3765 13/3764
f 244/3769 143/3771 123/3773
f 123/3773 143/3771 54/3772
f 385/3770 244/3769 888/3774
f 385/3770 888/3774 781/3775
f 781/3775 888/3774 1031/3776
f 1031/3776 888/3774 697/3777
f 888/3774 244/3769 146/3778
f 888/3774 146/3778 697/3777
f 146/3778 244/3769 123/3773
f 697/3777 146/3778 110/3779
f 110/3779 146/3778 22/3780
f 22/3780 146/3778 123/3773
f 22/3780 123/3773 2133/3781
f 22/3780 2133/3781 2167/3782
f 2133/3781 123/3773 2064/3783
f 2064/3783 123/3773 54/3772
f 2133/3781 2064/3783 2184/3784
f 2064/3783 54/3772 2161/3785
f 2064/3783 2161/3785 2184/3784
f 2133/3781 2184/3784 2257/3786
f 2133/3781 2257/3786 2226/3787
f 2226/3787 2257/3786 2912/3788
f 2912/3788 2257/3786 2943/3789
f 2943/3789 2257/3786 2963/3790
f 2161/3785 54/3772 7/3791
f 7/3791 54/3772 13/3764
f 2224/3792 2184/3784 2161/3785
f 2224/3792 2161/3785 7/3791
f 2306/3793 2257/3786 2184/3784
f 2306/3793 2184/3784 2224/3792
f 2257/3786 2306/3793 2963/3790
f 2963/3790 2306/3793 2335/3794
f 2963/3790 2335/3794 2994/3795
f 2306/3793 2224/3792 2246/3796
f 2306/3793 2246/3796 2335/3794
f 2072/3797 2224/3792 7/3791
f 2224/3792 2072/3797 2246/3796
f 2994/3795 2335/3794 2421/3798
f 2335/3794 2246/3796 2301/3799
f 2335/3794 2301/3799 2421/3798
f 2994/3795 2421/3798 2455/3800
f 2455/3800 2421/3798 2301/3799
f 2994/3795 2455/3800 2730/3801
f 2072/3797 7/3791 2071/3802
f 2071/3802 7/3791 13/3764
f 2181/3803 2246/3796 2072/3797
f 2246/3796 2181/3803 2301/3799
f 2072/3797 2071/3802 2120/3804
f 2072/3797 2120/3804 2181/3803
f 2071/3802 13/3764 2464/3805
f 2464/3805 13/3764 2637/3758
f 2120/3804 2071/3802 2192/3806
f 2192/3806 2071/3802 2464/3805
f 2181/3803 2120/3804 2148/3807
f 2148/3807 2120/3804 2192/3806
f 2239/3808 2301/3799 2181/3803
f 2239/3808 2181/3803 2148/3807
f 2301/3799 2239/3808 2200/3809
f 2200/3809 2239/3808 2148/3807
f 2192/3806 2464/3805 2666/3810
f 2192/3806 2666/3810 2148/3807
f 2642/3811 2464/3805 2637/3758
f 2464/3805 2642/3811 2666/3810
f 2642/3811 2637/3758 2684/3812
f 2642/3811 2684/3812 2731/3813
f 2642/3811 2731/3813 2666/3810
f 2666/3810 2731/3813 2707/3814
f 2666/3810 2707/3814 2148/3807
f 2148/3807 2707/3814 2200/3809
f 2200/3809 2707/3814 2451/3815
f 2451/3815 2707/3814 2761/3816
f 2200/3809 2451/3815 2253/3817
f 2390/3818 2301/3799 2200/3809
f 2390/3818 2200/3809 2253/3817
f 2301/3799 2390/3818 2455/3800
f 2455/3800 2390/3818 2473/3819
f 2390/3818 2253/3817 2309/3820
f 2390/3818 2309/3820 2473/3819
f 2253/3817 2451/3815 2378/3821
f 2253/3817 2378/3821 2311/3822
f 2378/3821 2451/3815 2145/3823
f 2311/3822 2378/3821 2236/3824
f 2236/3824 2378/3821 2145/3823
f 2311/3822 2236/3824 2272/3825
f 2311/3822 2272/3825 2253/3817
f 2272/3825 2236/3824 2145/3823
f 2253/3817 2272/3825 2309/3820
f 2145/3823 2451/3815 5/3826
f 2272/3825 2145/3823 2107/3827
f 2107/3827 2145/3823 5/3826
f 2272/3825 2107/3827 2254/3828
f 2272/3825 2254/3828 2309/3820
f 2107/3827 5/3826 100/3829
f 2309/3820 2254/3828 2345/3830
f 2309/3820 2345/3830 2473/3819
f 2254/3828 2107/3827 2152/3831
f 2152/3831 2107/3827 100/3829
f 2345/3830 2254/3828 2316/3832
f 2316/3832 2254/3828 2152/3831
f 2473/3819 2345/3830 2417/3833
f 2417/3833 2345/3830 2316/3832
f 2473/3819 2417/3833 2519/3834
f 2473/3819 2519/3834 2597/3835
f 2597/3835 2519/3834 2417/3833
f 2473/3819 2597/3835 2455/3800
f 2455/3800 2597/3835 2730/3801
f 2730/3801 2597/3835 2337/3836
f 2337/3836 2597/3835 2417/3833
f 2337/3836 2417/3833 2316/3832
f 2087/3837 2316/3832 2152/3831
f 161/3838 2152/3831 100/3829
f 2152/3831 161/3838 2087/3837
f 161/3838 100/3829 331/3839
f 331/3839 100/3829 5/3826
f 331/3839 5/3826 79/3840
f 2316/3832 2087/3837 2187/3841
f 2316/3832 2187/3841 2337/3836
f 331/3839 79/3840 118/3842
f 118/3842 79/3840 33/3843
f 161/3838 331/3839 405/3844
f 209/3845 2087/3837 161/3838
f 209/3845 161/3838 405/3844
f 405/3844 331/3839 534/3846
f 534/3846 331/3839 118/3842
f 209/3845 405/3844 506/3847
f 506/3847 405/3844 534/3846
f 2087/3837 209/3845 160/3848
f 2087/3837 160/3848 2187/3841
f 160/3848 209/3845 221/3849
f 221/3849 209/3845 506/3847
f 506/3847 534/3846 493/3850
f 493/3850 534/3846 118/3842
f 221/3849 506/3847 258/3851
f 160/3848 221/3849 86/3852
f 86/3852 221/3849 258/3851
f 258/3851 506/3847 395/3853
f 395/3853 506/3847 493/3850
f 258/3851 395/3853 78/3854
f 258/3851 78/3854 86/3852
f 395/3853 493/3850 355/3855
f 355/3855 493/3850 118/3842
f 349/3856 249/3857 395/3853
f 349/3856 395/3853 355/3855
f 349/3856 355/3855 560/3858
f 355/3855 118/3842 174/3859
f 174/3859 118/3842 157/3860
f 174/3859 157/3860 355/3855
f 157/3860 118/3842 33/3843
f 560/3858 355/3855 402/3861
f 402/3861 355/3855 157/3860
f 560/3858 402/3861 599/3862
f 402/3861 157/3860 133/3863
f 599/3862 402/3861 392/3864
f 402/3861 133/3863 271/3865
f 402/3861 271/3865 392/3864
f 465/3866 124/3867 86/3852
f 86/3852 124/3867 2265/3868
f 2265/3868 124/3867 303/3869
f 2265/3868 303/3869 77/3870
f 2203/3871 2298/3872 77/3870
f 77/3870 2298/3872 2265/3868
f 2265/3868 2298/3872 2344/3873
f 2344/3873 2298/3872 2407/3874
f 86/3852 2265/3868 2174/3875
f 86/3852 2174/3875 160/3848
f 160/3848 2174/3875 2187/3841
f 2174/3875 2265/3868 2328/3876
f 2187/3841 2174/3875 2249/3877
f 2249/3877 2174/3875 2328/3876
f 2249/3877 2328/3876 2265/3868
f 2187/3841 2249/3877 2337/3836
f 2249/3877 2265/3868 2041/3878
f 2041/3878 2265/3868 2344/3873
f 2337/3836 2249/3877 2126/3879
f 2126/3879 2249/3877 2041/3878
f 2126/3879 2041/3878 2139/3880
f 2337/3836 2126/3879 2706/3881
f 2706/3881 2126/3879 2139/3880
f 2337/3836 2706/3881 3116/3882
f 2139/3880 2041/3878 2147/3883
f 2139/3880 2147/3883 2706/3881
f 2147/3883 2041/3878 2344/3873
f 3116/3882 2706/3881 3151/3884
f 3151/3884 2706/3881 2147/3883
f 3116/3882 3151/3884 3536/3885
f 2147/3883 2344/3873 3163/3886
f 2147/3883 3163/3886 3151/3884
f 3536/3885 3151/3884 3706/3887
f 3536/3885 3706/3887 3705/3888
f 3705/3888 3706/3887 3717/3889
f 3717/3889 3706/3887 3716/3890
f 3716/3890 3706/3887 3151/3884
f 3716/3890 3151/3884 3688/3891
f 3688/3891 3151/3884 3163/3886
f 3716/3890 3688/3891 3695/3892
f 3695/3892 3688/3891 3678/3893
f 3688/3891 3163/3886 3488/3894
f 3688/3891 3488/3894 3678/3893
f 2840/3895 3163/3886 2344/3873
f 2840/3895 2344/3873 2407/3874
f 2840/3895 2407/3874 2494/3896
f 2840/3895 2494/3896 2878/3897
f 3163/3886 2840/3895 3182/3898
f 3163/3886 3182/3898 3488/3894
f 2840/3895 2878/3897 3200/3899
f 2840/3895 3200/3899 3182/3898
f 3182/3898 3200/3899 3488/3894
f 3613/3900 3678/3893 3488/3894
f 3678/3893 3613/3900 3694/3901
f 3488/3894 3200/3899 3482/3902
f 3488/3894 3482/3902 3613/3900
f 3482/3902 3200/3899 3210/3903
f 3613/3900 3482/3902 3694/3901
f 3694/3901 3482/3902 3518/3904
f 3694/3901 3518/3904 3703/3905
f 2629/3906 2528/3907 3255/3908
f 3255/3908 2528/3907 3118/3909
f 2629/3906 3255/3908 2637/3910
f 3255/3908 3118/3909 3247/3911
f 2637/3910 3255/3908 3448/3912
f 2637/3910 3448/3912 2684/3913
f 3255/3908 3247/3911 3331/3914
f 3255/3908 3331/3914 3448/3912
f 3331/3914 3247/3911 3404/3915
f 3404/3915 3247/3911 3384/3916
f 3404/3915 3384/3916 3524/3917
f 3331/3914 3404/3915 3487/3918
f 3331/3914 3487/3918 3448/3912
f 3404/3915 3524/3917 3552/3919
f 3404/3915 3552/3919 3487/3918
f 3552/3919 3524/3917 3432/3920
f 3432/3920 3524/3917 3355/3921
f 3432/3920 3355/3921 2912/3922
f 3432/3920 2912/3922 2943/3923
f 3487/3918 3552/3919 3602/3924
f 3552/3919 3432/3920 3561/3925
f 3552/3919 3561/3925 3602/3924
f 3561/3925 3432/3920 2943/3923
f 3602/3924 3561/3925 3621/3926
f 3621/3926 3561/3925 2943/3923
f 3602/3924 3621/3926 3487/3918
f 3520/3927 3448/3912 3487/3918
f 3520/3927 3487/3918 3621/3926
f 3448/3912 3520/3927 3358/3928
f 3448/3912 3358/3928 2684/3913
f 3520/3927 3621/3926 3538/3929
f 3520/3927 3538/3929 3358/3928
f 3534/3930 3621/3926 2943/3923
f 3534/3930 2943/3923 2963/3931
f 3534/3930 2963/3931 2994/3932
f 2684/3913 3358/3928 3048/3933
f 2684/3913 3048/3933 2731/3934
f 3165/3935 2994/3932 2730/3936
f 2994/3932 3165/3935 3534/3930
f 3534/3930 3165/3935 3557/3937
f 2731/3934 3048/3933 3223/3938
f 2731/3934 3223/3938 2707/3939
f 2707/3939 3223/3938 2761/3940
f 3223/3938 3048/3933 3436/3941
f 3436/3941 3048/3933 3358/3928
f 3223/3938 3436/3941 3454/3942
f 3436/3941 3358/3928 3538/3929
f 3454/3942 3436/3941 3545/3943
f 3545/3943 3436/3941 3538/3929
f 3454/3942 3545/3943 3557/3937
f 3557/3937 3545/3943 3601/3944
f 3557/3937 3601/3944 3534/3930
f 3545/3943 3538/3929 3632/3945
f 3545/3943 3632/3945 3601/3944
f 3601/3944 3632/3945 3534/3930
f 3632/3945 3538/3929 3621/3926
f 3632/3945 3621/3926 3534/3930
f 3154/3946 3102/3947 3375/3948
f 3154/3946 3375/3948 3345/3949
f 3375/3948 3102/3947 3356/3950
f 3154/3946 3345/3949 3369/3951
f 3154/3946 3369/3951 3321/3952
f 3321/3952 3369/3951 3385/3953
f 3102/3947 3154/3946 3063/3954
f 3154/3946 3321/3952 3000/3955
f 3000/3955 3321/3952 3385/3953
f 3154/3946 3000/3955 3063/3954
f 3000/3955 3385/3953 2683/3956
f 3102/3947 3063/3954 2820/3957
f 2820/3957 3063/3954 3000/3955
f 2784/3958 3356/3950 3102/3947
f 2784/3958 3102/3947 2820/3957
f 3356/3950 2784/3958 3347/3959
f 3347/3959 2784/3958 3350/3960
f 2820/3957 3000/3955 2663/3961
f 2820/3957 2663/3961 2784/3958
f 2651/3962 3000/3955 2683/3956
f 3000/3955 2651/3962 2663/3961
f 2651/3962 2683/3956 2581/3963
f 3350/3960 2784/3958 2768/3964
f 2784/3958 2663/3961 2290/3965
f 2784/3958 2290/3965 2768/3964
f 3350/3960 2768/3964 2621/3966
f 3350/3960 2621/3966 3415/3967
f 2621/3966 2768/3964 2194/3968
f 2194/3968 2768/3964 2290/3965
f 2621/3966 2194/3968 72/3969
f 2621/3966 72/3969 58/3970
f 72/3969 2194/3968 2086/3971
f 2194/3968 2290/3965 2099/3972
f 2194/3968 2099/3972 2086/3971
f 72/3969 2086/3971 130/3973
f 72/3969 130/3973 133/3974
f 133/3974 130/3973 271/3975
f 130/3973 2086/3971 138/3976
f 271/3975 130/3973 273/3977
f 138/3976 2086/3971 198/3978
f 130/3973 138/3976 248/3979
f 248/3979 138/3976 198/3978
f 130/3973 248/3979 273/3977
f 73/3980 2086/3971 2099/3972
f 2086/3971 73/3980 198/3978
f 73/3980 2099/3972 2045/3981
f 2045/3981 2099/3972 2290/3965
f 198/3978 73/3980 297/3982
f 248/3979 198/3978 308/3983
f 248/3979 308/3983 273/3977
f 198/3978 297/3982 283/3984
f 198/3978 283/3984 308/3983
f 297/3982 73/3980 279/3985
f 279/3985 73/3980 2045/3981
f 297/3982 279/3985 412/3986
f 297/3982 412/3986 283/3984
f 412/3986 279/3985 269/3987
f 269/3987 279/3985 361/3988
f 361/3988 279/3985 2045/3981
f 412/3986 269/3987 441/3989
f 441/3989 269/3987 361/3988
f 283/3984 412/3986 358/3990
f 412/3986 441/3989 475/3991
f 412/3986 475/3991 358/3990
f 361/3988 2045/3981 432/3992
f 361/3988 432/3992 441/3989
f 358/3990 475/3991 431/3993
f 431/3993 475/3991 441/3989
f 283/3984 358/3990 231/3994
f 431/3993 441/3989 267/3995
f 283/3984 231/3994 434/3996
f 283/3984 434/3996 308/3983
f 231/3994 358/3990 170/3997
f 358/3990 431/3993 286/3998
f 358/3990 286/3998 170/3997
f 286/3998 431/3993 262/3999
f 262/3999 431/3993 267/3995
f 286/3998 262/3999 144/4000
f 286/3998 144/4000 170/3997
f 448/4001 434/3996 231/3994
f 202/4002 231/3994 170/3997
f 231/3994 202/4002 448/4001
f 434/3996 448/4001 522/4003
f 434/3996 522/4003 308/3983
f 308/3983 522/4003 556/4004
f 308/3983 556/4004 370/4005
f 308/3983 370/4005 273/3977
f 556/4004 522/4003 569/4006
f 569/4006 522/4003 448/4001
f 370/4005 556/4004 600/4007
f 370/4005 600/4007 273/3977
f 556/4004 569/4006 654/4008
f 600/4007 556/4004 599/4009
f 599/4009 556/4004 654/4008
f 600/4007 599/4009 584/4010
f 599/4009 654/4008 560/4011
f 584/4010 599/4009 392/4012
f 600/4007 584/4010 391/4013
f 391/4013 584/4010 392/4012
f 600/4007 391/4013 273/3977
f 391/4013 392/4012 271/3975
f 391/4013 271/3975 273/3977
f 560/4011 654/4008 596/4014
f 560/4011 596/4014 349/4015
f 689/4016 654/4008 569/4006
f 654/4008 689/4016 596/4014
f 689/4016 569/4006 448/4001
f 349/4015 596/4014 311/4017
f 349/4015 311/4017 249/4018
f 249/4018 311/4017 78/4019
f 249/4018 78/4019 395/4020
f 78/4019 311/4017 86/4021
f 86/4021 311/4017 596/4014
f 86/4021 596/4014 465/4022
f 615/4023 596/4014 689/4016
f 596/4014 615/4023 465/4022
f 615/4023 689/4016 645/4024
f 645/4024 689/4016 448/4001
f 465/4022 615/4023 303/4025
f 465/4022 303/4025 124/4026
f 615/4023 645/4024 417/4027
f 615/4023 417/4027 303/4025
f 645/4024 448/4001 479/4028
f 645/4024 479/4028 417/4027
f 303/4025 417/4027 199/4029
f 303/4025 199/4029 77/4030
f 479/4028 448/4001 128/4031
f 128/4031 448/4001 202/4002
f 417/4027 479/4028 113/4032
f 128/4031 202/4002 94/4033
f 94/4033 202/4002 170/3997
f 128/4031 94/4033 2131/4034
f 479/4028 128/4031 2091/4035
f 2091/4035 128/4031 2131/4034
f 479/4028 2091/4035 113/4032
f 417/4027 113/4032 228/4036
f 417/4027 228/4036 199/4029
f 228/4036 113/4032 57/4037
f 228/4036 57/4037 199/4029
f 2121/4038 2131/4034 94/4033
f 2131/4034 2121/4038 2091/4035
f 93/4039 94/4033 170/3997
f 94/4033 93/4039 2121/4038
f 93/4039 170/3997 144/4000
f 2121/4038 93/4039 2078/4040
f 2121/4038 2078/4040 2091/4035
f 2078/4040 93/4039 144/4000
f 2091/4035 2078/4040 2300/4041
f 2259/4042 113/4032 2091/4035
f 2259/4042 2091/4035 2300/4041
f 113/4032 2259/4042 57/4037
f 2078/4040 144/4000 2066/4043
f 2078/4040 2066/4043 2300/4041
f 2066/4043 144/4000 23/4044
f 23/4044 144/4000 262/3999
f 2300/4041 2066/4043 2531/4045
f 57/4037 2259/4042 2387/4046
f 2259/4042 2300/4041 2462/4047
f 2259/4042 2462/4047 2387/4046
f 2462/4047 2300/4041 2533/4048
f 2533/4048 2300/4041 2531/4045
f 2531/4045 2066/4043 2185/4049
f 2185/4049 2066/4043 23/4044
f 2531/4045 2185/4049 2396/4050
f 2185/4049 23/4044 2283/4051
f 2185/4049 2283/4051 2396/4050
f 2396/4050 2283/4051 23/4044
f 2531/4045 2396/4050 2590/4052
f 2531/4045 2590/4052 2533/4048
f 2590/4052 2396/4050 2463/4053
f 2612/4054 2462/4047 2533/4048
f 2462/4047 2612/4054 2387/4046
f 2533/4048 2590/4052 2802/4055
f 2802/4055 2590/4052 2463/4053
f 2612/4054 2533/4048 2713/4056
f 2713/4056 2533/4048 2802/4055
f 2271/4057 2396/4050 23/4044
f 2396/4050 2271/4057 2463/4053
f 2271/4057 23/4044 108/4058
f 108/4058 23/4044 262/3999
f 108/4058 262/3999 267/3995
f 2271/4057 108/4058 2090/4059
f 108/4058 267/3995 90/4060
f 108/4058 90/4060 2090/4059
f 2463/4053 2271/4057 2356/4061
f 2356/4061 2271/4057 2090/4059
f 2463/4053 2356/4061 2635/4062
f 2463/4053 2635/4062 2733/4063
f 2463/4053 2733/4063 2802/4055
f 2802/4055 2733/4063 3179/4064
f 3179/4064 2733/4063 2635/4062
f 2635/4062 2356/4061 2215/4065
f 2215/4065 2356/4061 2090/4059
f 2635/4062 2215/4065 2389/4066
f 2635/4062 2389/4066 2513/4067
f 2635/4062 2513/4067 3179/4064
f 2389/4066 2215/4065 2216/4068
f 2802/4055 3179/4064 3238/4069
f 2389/4066 2216/4068 28/4070
f 2389/4066 28/4070 2513/4067
f 2216/4068 2215/4065 2122/4071
f 2122/4071 2215/4065 2090/4059
f 2802/4055 3238/4069 3168/4072
f 2802/4055 3168/4072 2713/4056
f 2216/4068 2122/4071 2115/4073
f 2216/4068 2115/4073 28/4070
f 2122/4071 2090/4059 195/4074
f 2115/4073 2122/4071 164/4075
f 164/4075 2122/4071 195/4074
f 2713/4056 3168/4072 3205/4076
f 2115/4073 164/4075 246/4077
f 2713/4056 3205/4076 2612/4054
f 195/4074 2090/4059 153/4078
f 153/4078 2090/4059 90/4060
f 164/4075 195/4074 589/4079
f 164/4075 589/4079 246/4077
f 589/4079 195/4074 440/4080
f 440/4080 195/4074 529/4081
f 440/4080 529/4081 589/4079
f 529/4081 195/4074 153/4078
f 153/4078 90/4060 101/4082
f 101/4082 90/4060 267/3995
f 101/4082 267/3995 229/4083
f 229/4083 267/3995 441/3989
f 153/4078 101/4082 173/4084
f 173/4084 101/4082 229/4083
f 153/4078 173/4084 368/4085
f 153/4078 368/4085 529/4081
f 173/4084 229/4083 351/4086
f 173/4084 351/4086 368/4085
f 229/4083 441/3989 438/4087
f 438/4087 441/3989 432/3992
f 351/4086 229/4083 340/4088
f 340/4088 229/4083 438/4087
f 368/4085 351/4086 415/4089
f 415/4089 351/4086 340/4088
f 340/4088 438/4087 382/4090
f 382/4090 438/4087 432/3992
f 340/4088 382/4090 415/4089
f 368/4085 415/4089 500/4091
f 368/4085 500/4091 529/4081
f 415/4089 382/4090 428/4092
f 382/4090 432/3992 288/4093
f 382/4090 288/4093 428/4092
f 288/4093 432/3992 122/4094
f 122/4094 432/3992 2045/3981
f 288/4093 122/4094 223/4095
f 288/4093 223/4095 428/4092
f 122/4094 2045/3981 14/4096
f 14/4096 2045/3981 2290/3965
f 223/4095 122/4094 216/4097
f 216/4097 122/4094 14/4096
f 428/4092 223/4095 277/4098
f 277/4098 223/4095 216/4097
f 14/4096 2290/3965 2186/4099
f 2186/4099 2290/3965 2663/3961
f 216/4097 14/4096 226/4100
f 226/4100 14/4096 2186/4099
f 216/4097 226/4100 277/4098
f 2186/4099 2663/3961 2255/4101
f 2186/4099 2255/4101 226/4100
f 2255/4101 2663/3961 2651/3962
f 277/4098 226/4100 293/4102
f 2255/4101 2651/3962 2314/4103
f 277/4098 293/4102 488/4104
f 2314/4103 2651/3962 2581/3963
f 293/4102 226/4100 444/4105
f 293/4102 444/4105 488/4104
f 546/4106 226/4100 2255/4101
f 226/4100 546/4106 444/4105
f 2255/4101 2314/4103 2110/4107
f 488/4104 444/4105 613/4108
f 2255/4101 2110/4107 154/4109
f 2255/4101 154/4109 546/4106
f 2110/4107 2314/4103 2295/4110
f 154/4109 2110/4107 257/4111
f 2295/4110 2314/4103 2445/4112
f 2445/4112 2314/4103 2581/3963
f 2110/4107 2295/4110 2222/4113
f 2110/4107 2222/4113 257/4111
f 2295/4110 2445/4112 2386/4114
f 2295/4110 2386/4114 2222/4113
f 2445/4112 2581/3963 2564/4115
f 2445/4112 2564/4115 2386/4114
f 2564/4115 2581/3963 2552/4116
f 2222/4113 2386/4114 2213/4117
f 2222/4113 2213/4117 257/4111
f 2386/4114 2564/4115 2542/4118
f 2542/4118 2564/4115 2552/4116
f 2386/4114 2542/4118 2213/4117
f 2552/4116 2581/3963 2501/4119
f 2552/4116 2501/4119 2542/4118
f 2501/4119 2581/3963 2683/3956
f 2542/4118 2501/4119 2213/4117
f 2213/4117 2501/4119 163/4120
f 2213/4117 163/4120 237/4121
f 237/4121 163/4120 411/4122
f 2213/4117 237/4121 220/4123
f 2213/4117 220/4123 257/4111
f 237/4121 411/4122 217/4124
f 237/4121 217/4124 220/4123
f 217/4124 411/4122 338/4125
f 217/4124 338/4125 519/4126
f 217/4124 519/4126 220/4123
f 519/4126 338/4125 683/4127
f 257/4111 220/4123 406/4128
f 406/4128 220/4123 519/4126
f 257/4111 406/4128 655/4129
f 655/4129 406/4128 519/4126
f 257/4111 655/4129 154/4109
f 519/4126 683/4127 900/4130
f 154/4109 655/4129 546/4106
f 519/4126 900/4130 806/4131
f 519/4126 806/4131 655/4129
f 546/4106 655/4129 800/4132
f 800/4132 655/4129 806/4131
f 546/4106 800/4132 823/4133
f 823/4133 800/4132 806/4131
f 806/4131 900/4130 997/4134
f 806/4131 997/4134 823/4133
f 997/4134 900/4130 1113/4135
f 997/4134 1113/4135 1057/4136
f 1057/4136 1113/4135 1254/4137
f 1057/4136 1254/4137 1108/4138
f 997/4134 1057/4136 973/4139
f 997/4134 973/4139 823/4133
f 973/4139 1057/4136 1073/4140
f 1073/4140 1057/4136 1108/4138
f 823/4133 973/4139 887/4141
f 887/4141 973/4139 1073/4140
f 671/4142 546/4106 823/4133
f 546/4106 671/4142 444/4105
f 671/4142 823/4133 811/4143
f 811/4143 823/4133 887/4141
f 444/4105 671/4142 613/4108
f 613/4108 671/4142 811/4143
f 613/4108 811/4143 887/4141
f 613/4108 887/4141 705/4144
f 613/4108 705/4144 488/4104
f 996/4145 887/4141 1073/4140
f 996/4145 1073/4140 1108/4138
f 887/4141 996/4145 870/4146
f 887/4141 870/4146 705/4144
f 996/4145 1108/4138 1047/4147
f 1047/4147 1108/4138 1013/4148
f 1013/4148 1108/4138 1049/4149
f 996/4145 1047/4147 910/4150
f 996/4145 910/4150 870/4146
f 1013/4148 1049/4149 955/4151
f 1013/4148 955/4151 785/4152
f 785/4152 955/4151 817/4153
f 1047/4147 1013/4148 945/4154
f 1047/4147 945/4154 910/4150
f 1013/4148 785/4152 749/4155
f 1013/4148 749/4155 945/4154
f 749/4155 785/4152 734/4156
f 910/4150 945/4154 829/4157
f 749/4155 734/4156 586/4158
f 945/4154 749/4155 674/4159
f 674/4159 749/4155 586/4158
f 586/4158 734/4156 557/4160
f 557/4160 734/4156 644/4161
f 829/4157 945/4154 699/4162
f 699/4162 945/4154 674/4159
f 910/4150 829/4157 866/4163
f 866/4163 829/4157 699/4162
f 910/4150 866/4163 980/4164
f 910/4150 980/4164 974/4165
f 910/4150 974/4165 870/4146
f 980/4164 866/4163 801/4166
f 866/4163 699/4162 610/4167
f 866/4163 610/4167 801/4166
f 974/4165 980/4164 859/4168
f 859/4168 980/4164 801/4166
f 870/4146 974/4165 808/4169
f 808/4169 974/4165 859/4168
f 870/4146 808/4169 705/4144
f 554/4170 699/4162 674/4159
f 699/4162 554/4170 610/4167
f 554/4170 674/4159 420/4171
f 420/4171 674/4159 586/4158
f 610/4167 554/4170 414/4172
f 414/4172 554/4170 420/4171
f 610/4167 414/4172 290/4173
f 290/4173 414/4172 420/4171
f 420/4171 586/4158 372/4174
f 372/4174 586/4158 557/4160
f 372/4174 557/4160 453/4175
f 453/4175 557/4160 644/4161
f 453/4175 644/4161 352/4176
f 352/4176 644/4161 509/4177
f 352/4176 509/4177 241/4178
f 352/4176 241/4178 145/4179
f 420/4171 372/4174 287/4180
f 372/4174 453/4175 252/4181
f 372/4174 252/4181 287/4180
f 453/4175 352/4176 243/4182
f 453/4175 243/4182 252/4181
f 352/4176 145/4179 98/4183
f 352/4176 98/4183 243/4182
f 98/4183 145/4179 2105/4184
f 2105/4184 145/4179 2217/4185
f 243/4182 98/4183 95/4186
f 243/4182 95/4186 252/4181
f 98/4183 2105/4184 2168/4187
f 98/4183 2168/4187 95/4186
f 2105/4184 2217/4185 2341/4188
f 2341/4188 2217/4185 2362/4189
f 2105/4184 2341/4188 2168/4187
f 252/4181 95/4186 28/4070
f 252/4181 28/4070 287/4180
f 95/4186 2168/4187 2076/4190
f 95/4186 2076/4190 28/4070
f 2168/4187 2341/4188 2370/4191
f 2370/4191 2341/4188 2595/4192
f 2076/4190 2168/4187 2304/4193
f 2304/4193 2168/4187 2370/4191
f 28/4070 2076/4190 2513/4067
f 2513/4067 2076/4190 2304/4193
f 88/4194 287/4180 28/4070
f 88/4194 28/4070 2115/4073
f 88/4194 2115/4073 246/4077
f 287/4180 88/4194 318/4195
f 318/4195 88/4194 246/4077
f 287/4180 318/4195 420/4171
f 420/4171 318/4195 290/4173
f 290/4173 318/4195 246/4077
f 290/4173 246/4077 589/4079
f 290/4173 589/4079 494/4196
f 290/4173 494/4196 610/4167
f 610/4167 494/4196 801/4166
f 801/4166 494/4196 706/4197
f 706/4197 494/4196 589/4079
f 801/4166 706/4197 859/4168
f 706/4197 589/4079 729/4198
f 859/4168 706/4197 753/4199
f 753/4199 706/4197 729/4198
f 859/4168 753/4199 808/4169
f 729/4198 589/4079 529/4081
f 808/4169 753/4199 726/4200
f 808/4169 726/4200 705/4144
f 753/4199 729/4198 682/4201
f 753/4199 682/4201 726/4200
f 729/4198 529/4081 636/4202
f 729/4198 636/4202 682/4201
f 636/4202 529/4081 500/4091
f 726/4200 682/4201 619/4203
f 705/4144 726/4200 496/4204
f 496/4204 726/4200 619/4203
f 705/4144 496/4204 488/4104
f 488/4104 496/4204 277/4098
f 496/4204 619/4203 547/4205
f 496/4204 547/4205 277/4098
f 547/4205 619/4203 682/4201
f 277/4098 547/4205 428/4092
f 547/4205 682/4201 574/4206
f 547/4205 574/4206 428/4092
f 574/4206 682/4201 636/4202
f 574/4206 636/4202 500/4091
f 428/4092 574/4206 415/4089
f 415/4089 574/4206 500/4091
f 2065/4207 77/4030 199/4029
f 77/4030 2065/4207 2203/4208
f 2065/4207 199/4029 2153/4209
f 2153/4209 199/4029 57/4037
f 2153/4209 57/4037 2234/4210
f 2234/4210 57/4037 2387/4046
f 2065/4207 2153/4209 2201/4211
f 2065/4207 2201/4211 2203/4208
f 2153/4209 2234/4210 2291/4212
f 2291/4212 2234/4210 2387/4046
f 2153/4209 2291/4212 2201/4211
f 2203/4208 2201/4211 2374/4213
f 2374/4213 2201/4211 2291/4212
f 2374/4213 2291/4212 2387/4046
f 2203/4208 2374/4213 2298/4214
f 2298/4214 2374/4213 2407/4215
f 2407/4215 2374/4213 2387/4046
f 2407/4215 2387/4046 2612/4054
f 2407/4215 2612/4054 2494/4216
f 2494/4216 2612/4054 2878/4217
f 2878/4217 2612/4054 2930/4218
f 2930/4218 2612/4054 3205/4076
f 2878/4217 2930/4218 3210/4219
f 2878/4217 3210/4219 3200/4220
f 3210/4219 2930/4218 3205/4076
f 3210/4219 3205/4076 3518/4221
f 3210/4219 3518/4221 3482/4222
f 3518/4221 3205/4076 3547/4223
f 3518/4221 3547/4223 3703/4224
f 3703/4224 3547/4223 3648/4225
f 3547/4223 3205/4076 3368/4226
f 3368/4226 3205/4076 3168/4072
f 3368/4226 3168/4072 3238/4069
f 3547/4223 3368/4226 3535/4227
f 3547/4223 3535/4227 3648/4225
f 3368/4226 3238/4069 3275/4228
f 3275/4228 3238/4069 3179/4064
f 3535/4227 3368/4226 3655/4229
f 3535/4227 3655/4229 3648/4225
f 3655/4229 3368/4226 3675/4230
f 3675/4230 3368/4226 3275/4228
f 3648/4225 3655/4229 3674/4231
f 3674/4231 3655/4229 3675/4230
f 3648/4225 3674/4231 3665/4232
f 3648/4225 3665/4232 3727/4233
f 3665/4232 3674/4231 3687/4234
f 3687/4234 3674/4231 3708/4235
f 3708/4235 3674/4231 3675/4230
f 3708/4235 3675/4230 3680/4236
f 3680/4236 3675/4230 3581/4237
f 3581/4237 3675/4230 3275/4228
f 3680/4236 3581/4237 3699/4238
f 3699/4238 3581/4237 3515/4239
f 3699/4238 3515/4239 3704/4240
f 3704/4240 3515/4239 3713/4241
f 3713/4241 3515/4239 3583/4242
f 3583/4242 3515/4239 3361/4243
f 3581/4237 3275/4228 3313/4244
f 3581/4237 3313/4244 3515/4239
f 3313/4244 3275/4228 2985/4245
f 2985/4245 3275/4228 3179/4064
f 3515/4239 3313/4244 3308/4246
f 3515/4239 3308/4246 3361/4243
f 3308/4246 3313/4244 2985/4245
f 2985/4245 3179/4064 2513/4067
f 3361/4243 3308/4246 2941/4247
f 3361/4243 2941/4247 3017/4248
f 3017/4248 2941/4247 2880/4249
f 3017/4248 2880/4249 2595/4192
f 2941/4247 3308/4246 2990/4250
f 2941/4247 2990/4250 2880/4249
f 2985/4245 2513/4067 2639/4251
f 2904/4252 3308/4246 2985/4245
f 2904/4252 2985/4245 2639/4251
f 2990/4250 3308/4246 2977/4253
f 2977/4253 3308/4246 2904/4252
f 2990/4250 2977/4253 2978/4254
f 2990/4250 2978/4254 2880/4249
f 2977/4253 2904/4252 2896/4255
f 2896/4255 2904/4252 2763/4256
f 2763/4256 2904/4252 2639/4251
f 2977/4253 2896/4255 2944/4257
f 2977/4253 2944/4257 2978/4254
f 2896/4255 2763/4256 2708/4258
f 2708/4258 2763/4256 2639/4251
f 2896/4255 2708/4258 2944/4257
f 2978/4254 2944/4257 2959/4259
f 2978/4254 2959/4259 2880/4249
f 2944/4257 2708/4258 2545/4260
f 2545/4260 2708/4258 2639/4251
f 2944/4257 2545/4260 2959/4259
f 2545/4260 2639/4251 2504/4261
f 2504/4261 2639/4251 2513/4067
f 2504/4261 2513/4067 2304/4193
f 2959/4259 2545/4260 2448/4262
f 2959/4259 2448/4262 2880/4249
f 2448/4262 2545/4260 2504/4261
f 2504/4261 2304/4193 2404/4263
f 2504/4261 2404/4263 2448/4262
f 2404/4263 2304/4193 2458/4264
f 2404/4263 2458/4264 2448/4262
f 2448/4262 2458/4264 2880/4249
f 2458/4264 2304/4193 2370/4191
f 2880/4249 2458/4264 2595/4192
f 2595/4192 2458/4264 2370/4191
f 1920/4265 1789/4266 1909/4267
f 1920/4265 1909/4267 1955/4268
f 1755/4269 1696/4270 1789/4266
f 1755/4269 1789/4266 1920/4265
f 1920/4265 1955/4268 1969/4271
f 1969/4271 1955/4268 1977/4272
f 1755/4269 1920/4265 1856/4273
f 1920/4265 1969/4271 1921/4274
f 1920/4265 1921/4274 1856/4273
f 1969/4271 1977/4272 1967/4275
f 1967/4275 1977/4272 1980/4276
f 1967/4275 1980/4276 1962/4277
f 1969/4271 1967/4275 1913/4278
f 1969/4271 1913/4278 1921/4274
f 1967/4275 1962/4277 1938/4279
f 1967/4275 1938/4279 1913/4278
f 1938/4279 1962/4277 1896/4280
f 1896/4280 1962/4277 1907/4281
f 1913/4278 1938/4279 1872/4282
f 1872/4282 1938/4279 1896/4280
f 1921/4274 1913/4278 1828/4283
f 1921/4274 1828/4283 1856/4273
f 1913/4278 1872/4282 1763/4284
f 1913/4278 1763/4284 1828/4283
f 1872/4282 1896/4280 1733/4285
f 1872/4282 1733/4285 1763/4284
f 1778/4286 1896/4280 1907/4281
f 1896/4280 1778/4286 1733/4285
f 1778/4286 1907/4281 1850/4287
f 1778/4286 1850/4287 1575/4288
f 1733/4285 1778/4286 1591/4289
f 1591/4289 1778/4286 1575/4288
f 1591/4289 1575/4288 1499/4290
f 1499/4290 1575/4288 1371/4291
f 1733/4285 1591/4289 1566/4292
f 1733/4285 1566/4292 1763/4284
f 1591/4289 1499/4290 1421/4293
f 1421/4293 1499/4290 1371/4291
f 1591/4289 1421/4293 1566/4292
f 1763/4284 1566/4292 1484/4294
f 1484/4294 1566/4292 1421/4293
f 1421/4293 1371/4291 1296/4295
f 1421/4293 1296/4295 1484/4294
f 1296/4295 1371/4291 1313/4296
f 1296/4295 1313/4296 1285/4297
f 1296/4295 1285/4297 1406/4298
f 1296/4295 1406/4298 1484/4294
f 1406/4298 1285/4297 1433/4299
f 1406/4298 1433/4299 1539/4300
f 1716/4301 1763/4284 1484/4294
f 1484/4294 1406/4298 1630/4302
f 1484/4294 1630/4302 1716/4301
f 1406/4298 1539/4300 1588/4303
f 1406/4298 1588/4303 1630/4302
f 1588/4303 1539/4300 1451/4304
f 1588/4303 1451/4304 1353/4305
f 1588/4303 1353/4305 1494/4306
f 1588/4303 1494/4306 1630/4302
f 1494/4306 1353/4305 1412/4307
f 1494/4306 1412/4307 1630/4302
f 1630/4302 1412/4307 1669/4308
f 1630/4302 1669/4308 1716/4301
f 1763/4284 1716/4301 1828/4283
f 1716/4301 1669/4308 1708/4309
f 1708/4309 1669/4308 1656/4310
f 1828/4283 1716/4301 1757/4311
f 1757/4311 1716/4301 1708/4309
f 1828/4283 1757/4311 1808/4312
f 1828/4283 1808/4312 1856/4273
f 1757/4311 1708/4309 1751/4313
f 1757/4311 1751/4313 1808/4312
f 1708/4309 1656/4310 1659/4314
f 1708/4309 1659/4314 1751/4313
f 1659/4314 1656/4310 1664/4315
f 1659/4314 1664/4315 1631/4316
f 1659/4314 1631/4316 1727/4317
f 1659/4314 1727/4317 1751/4313
f 1751/4313 1727/4317 1761/4318
f 1751/4313 1761/4318 1808/4312
f 1800/4319 1856/4273 1808/4312
f 1800/4319 1808/4312 1765/4320
f 1856/4273 1800/4319 1755/4269
f 1800/4319 1765/4320 1717/4321
f 1800/4319 1717/4321 1755/4269
f 1256/4322 855/4323 807/4324
f 855/4323 1256/4322 876/4325
f 1256/4322 807/4324 1284/4326
f 855/4323 876/4325 566/4327
f 855/4323 566/4327 163/4328
f 163/4328 566/4327 411/4329
f 411/4329 566/4327 791/4330
f 566/4327 876/4325 934/4331
f 566/4327 934/4331 791/4330
f 411/4329 791/4330 501/4332
f 411/4329 501/4332 338/4333
f 338/4333 501/4332 683/4334
f 501/4332 791/4330 951/4335
f 683/4334 501/4332 939/4336
f 939/4336 501/4332 951/4335
f 683/4334 939/4336 900/4337
f 900/4337 939/4336 1113/4338
f 998/4339 791/4330 934/4331
f 791/4330 998/4339 951/4335
f 998/4339 934/4331 1046/4340
f 998/4339 1046/4340 951/4335
f 1113/4338 939/4336 1159/4341
f 1159/4341 939/4336 951/4335
f 1113/4338 1159/4341 1338/4342
f 951/4335 1046/4340 1127/4343
f 951/4335 1127/4343 1159/4341
f 1159/4341 1127/4343 1214/4344
f 1159/4341 1214/4344 1338/4342
f 1214/4344 1127/4343 1293/4345
f 1214/4344 1293/4345 1338/4342
f 1127/4343 1046/4340 1304/4346
f 1304/4346 1046/4340 934/4331
f 1127/4343 1304/4346 1293/4345
f 1254/4347 1113/4338 1338/4342
f 1304/4346 934/4331 1505/4348
f 1505/4348 934/4331 876/4325
f 1293/4345 1304/4346 1594/4349
f 1594/4349 1304/4346 1505/4348
f 1613/4350 1338/4342 1293/4345
f 1293/4345 1594/4349 1758/4351
f 1293/4345 1758/4351 1613/4350
f 1338/4342 1613/4350 1414/4352
f 1338/4342 1414/4352 1254/4347
f 1414/4352 1613/4350 1416/4353
f 1594/4349 1505/4348 1722/4354
f 1594/4349 1722/4354 1790/4355
f 1594/4349 1790/4355 1758/4351
f 1722/4354 1505/4348 1770/4356
f 1790/4355 1722/4354 1860/4357
f 1860/4357 1722/4354 1770/4356
f 1758/4351 1790/4355 1855/4358
f 1855/4358 1790/4355 1860/4357
f 1686/4359 1613/4350 1758/4351
f 1613/4350 1686/4359 1416/4353
f 1758/4351 1855/4358 1851/4360
f 1758/4351 1851/4360 1686/4359
f 1855/4358 1860/4357 1906/4361
f 1851/4360 1855/4358 1897/4362
f 1897/4362 1855/4358 1906/4361
f 1851/4360 1897/4362 1883/4363
f 1883/4363 1897/4362 1905/4364
f 1905/4364 1897/4362 1906/4361
f 1851/4360 1883/4363 1813/4365
f 1851/4360 1813/4365 1686/4359
f 1813/4365 1883/4363 1871/4366
f 1871/4366 1883/4363 1905/4364
f 1686/4359 1813/4365 1694/4367
f 1813/4365 1871/4366 1747/4368
f 1813/4365 1747/4368 1694/4367
f 1686/4359 1694/4367 1599/4369
f 1599/4369 1694/4367 1747/4368
f 1686/4359 1599/4369 1413/4370
f 1686/4359 1413/4370 1416/4353
f 1599/4369 1747/4368 1573/4371
f 1747/4368 1871/4366 1806/4372
f 1747/4368 1806/4372 1573/4371
f 1413/4370 1599/4369 1364/4373
f 1364/4373 1599/4369 1573/4371
f 1416/4353 1413/4370 1366/4374
f 1366/4374 1413/4370 1364/4373
f 1416/4353 1366/4374 1310/4375
f 1416/4353 1310/4375 1414/4352
f 1366/4374 1364/4373 1306/4376
f 1414/4352 1310/4375 1254/4347
f 1310/4375 1366/4374 1221/4377
f 1221/4377 1366/4374 1306/4376
f 1310/4375 1221/4377 1254/4347
f 1306/4376 1364/4373 1252/4378
f 1252/4378 1364/4373 1573/4371
f 1306/4376 1252/4378 1221/4377
f 1049/4379 1108/4380 1254/4347
f 1049/4379 1254/4347 1147/4381
f 1147/4381 1254/4347 1221/4377
f 1049/4379 1147/4381 955/4382
f 1221/4377 1252/4378 1018/4383
f 955/4382 1147/4381 1088/4384
f 1088/4384 1147/4381 1221/4377
f 955/4382 1088/4384 817/4385
f 817/4385 1088/4384 916/4386
f 916/4386 1088/4384 1221/4377
f 916/4386 1221/4377 1018/4383
f 916/4386 1018/4383 871/4387
f 1097/4388 1018/4383 1252/4378
f 1097/4388 1252/4378 1389/4389
f 1389/4389 1252/4378 1573/4371
f 1097/4388 1389/4389 1333/4390
f 1389/4389 1573/4371 1583/4391
f 1389/4389 1583/4391 1333/4390
f 1333/4390 1583/4391 1508/4392
f 1583/4391 1573/4371 1806/4372
f 1508/4392 1583/4391 1695/4393
f 1583/4391 1806/4372 1759/4394
f 1583/4391 1759/4394 1695/4393
f 1508/4392 1695/4393 1666/4395
f 1759/4394 1806/4372 1821/4396
f 1759/4394 1821/4396 1695/4393
f 1666/4395 1695/4393 1743/4397
f 1666/4395 1743/4397 1668/4398
f 1668/4398 1743/4397 1762/4399
f 1743/4397 1695/4393 1805/4400
f 1743/4397 1805/4400 1762/4399
f 1805/4400 1695/4393 1821/4396
f 1805/4400 1821/4396 1849/4401
f 1762/4399 1805/4400 1843/4402
f 1843/4402 1805/4400 1849/4401
f 1762/4399 1843/4402 1842/4403
f 1762/4399 1842/4403 1862/4404
f 1843/4402 1849/4401 1875/4405
f 1875/4405 1849/4401 1821/4396
f 1842/4403 1843/4402 1884/4406
f 1842/4403 1884/4406 1862/4404
f 1843/4402 1875/4405 1891/4407
f 1843/4402 1891/4407 1884/4406
f 1875/4405 1821/4396 1889/4408
f 1889/4408 1821/4396 1806/4372
f 1889/4408 1806/4372 1871/4366
f 1889/4408 1871/4366 1905/4364
f 1875/4405 1889/4408 1910/4409
f 1875/4405 1910/4409 1891/4407
f 1910/4409 1889/4408 1905/4364
f 1917/4410 1884/4406 1891/4407
f 1917/4410 1891/4407 1910/4409
f 1910/4409 1905/4364 1922/4411
f 1910/4409 1922/4411 1917/4410
f 1922/4411 1905/4364 1906/4361
f 1902/4412 1862/4404 1884/4406
f 1902/4412 1884/4406 1917/4410
f 1862/4404 1902/4412 1870/4413
f 1922/4411 1906/4361 1924/4414
f 1922/4411 1924/4414 1917/4410
f 1924/4414 1906/4361 1901/4415
f 1901/4415 1906/4361 1860/4357
f 1901/4415 1860/4357 1770/4356
f 1870/4413 1902/4412 1935/4416
f 1902/4412 1917/4410 1941/4417
f 1902/4412 1941/4417 1935/4416
f 1917/4410 1924/4414 1930/4418
f 1917/4410 1930/4418 1941/4417
f 1924/4414 1901/4415 1914/4419
f 1924/4414 1914/4419 1930/4418
f 1914/4419 1901/4415 1893/4420
f 1893/4420 1901/4415 1770/4356
f 1930/4418 1914/4419 1945/4421
f 1930/4418 1945/4421 1941/4417
f 1914/4419 1893/4420 1954/4422
f 1914/4419 1954/4422 1945/4421
f 1893/4420 1770/4356 1927/4423
f 1893/4420 1927/4423 1954/4422
f 1941/4417 1945/4421 1947/4424
f 1947/4424 1945/4421 1954/4422
f 1941/4417 1947/4424 1942/4425
f 1941/4417 1942/4425 1935/4416
f 1947/4424 1954/4422 1965/4426
f 1947/4424 1965/4426 1942/4425
f 1954/4422 1927/4423 1961/4427
f 1954/4422 1961/4427 1965/4426
f 1942/4425 1965/4426 1956/4428
f 1942/4425 1956/4428 1935/4416
f 1965/4426 1961/4427 1968/4429
f 1965/4426 1968/4429 1956/4428
f 1961/4427 1927/4423 1859/4430
f 1968/4429 1961/4427 1923/4431
f 1923/4431 1961/4427 1859/4430
f 1859/4430 1927/4423 1788/4432
f 1788/4432 1927/4423 1770/4356
f 1859/4430 1788/4432 1584/4433
f 1859/4430 1584/4433 1923/4431
f 1788/4432 1770/4356 1528/4434
f 1528/4434 1770/4356 1505/4348
f 1528/4434 1505/4348 876/4325
f 1788/4432 1528/4434 1559/4435
f 1559/4435 1528/4434 876/4325
f 1788/4432 1559/4435 1584/4433
f 1559/4435 876/4325 1256/4322
f 1559/4435 1256/4322 1584/4433
f 1584/4433 1256/4322 1284/4326
f 1584/4433 1284/4326 1638/4436
f 1584/4433 1638/4436 1923/4431
f 1638/4436 1284/4326 1550/4437
f 1923/4431 1638/4436 1710/4438
f 1710/4438 1638/4436 1550/4437
f 1550/4437 1284/4326 1201/4439
f 1201/4439 1284/4326 807/4324
f 1710/4438 1550/4437 1436/4440
f 1436/4440 1550/4437 1201/4439
f 1201/4439 807/4324 737/4441
f 1201/4439 737/4441 1436/4440
f 737/4441 807/4324 47/4442
f 1436/4440 737/4441 1065/4443
f 1065/4443 737/4441 47/4442
f 1436/4440 1065/4443 1710/4438
f 1065/4443 47/4442 2262/4444
s 0
f 1065/4443 2262/4444 1931/4445
s 1
f 1710/4438 1065/4443 1885/4446
f 1885/4446 1065/4443 1931/4445
f 1710/4438 1885/4446 1923/4431
f 1923/4431 1885/4446 1960/4447
f 1960/4447 1885/4446 1931/4445
f 1923/4431 1960/4447 1968/4429
f 1960/4447 1931/4445 1950/4448
f 1950/4448 1931/4445 1916/4449
f 1968/4429 1960/4447 1963/4450
f 1963/4450 1960/4447 1950/4448
f 1968/4429 1963/4450 1956/4428
f 1950/4448 1916/4449 1946/4451
f 1950/4448 1946/4451 1963/4450
f 1956/4428 1963/4450 1951/4452
f 1951/4452 1963/4450 1946/4451
f 1956/4428 1951/4452 1934/4453
f 1956/4428 1934/4453 1935/4416
f 1951/4452 1946/4451 1932/4454
f 1951/4452 1932/4454 1934/4453
f 1911/4455 1946/4451 1916/4449
f 1946/4451 1911/4455 1932/4454
f 1911/4455 1916/4449 1857/4456
f 1911/4455 1857/4456 1895/4457
f 1911/4455 1895/4457 1932/4454
f 1898/4458 1935/4416 1934/4453
f 1898/4458 1934/4453 1932/4454
f 1898/4458 1932/4454 1895/4457
f 1935/4416 1898/4458 1870/4413
f 1870/4413 1898/4458 1895/4457
f 3065/4459 3117/4460 3189/4461
f 3189/4461 3117/4460 3243/4462
f 3065/4459 3189/4461 3057/4463
f 3065/4459 3057/4463 2892/4464
f 2892/4464 3057/4463 2548/4465
f 2548/4465 3057/4463 2631/4466
f 3057/4463 3189/4461 3212/4467
f 3189/4461 3243/4462 3250/4468
f 3189/4461 3250/4468 3212/4467
f 3057/4463 3212/4467 3130/4469
f 3130/4469 3212/4467 3250/4468
f 2631/4466 3057/4463 2728/4470
f 2728/4470 3057/4463 3130/4469
f 2631/4466 2728/4470 2641/4471
f 3250/4468 3243/4462 3279/4472
f 2252/4473 2204/4474 2641/4471
f 2252/4473 2641/4471 2667/4475
f 2667/4475 2641/4471 2728/4470
f 2252/4473 2667/4475 2278/4476
f 2667/4475 2728/4470 2675/4477
f 2667/4475 2675/4477 2278/4476
f 2675/4477 2728/4470 3130/4469
f 2278/4476 2675/4477 2671/4478
f 2278/4476 2671/4478 2327/4479
f 2327/4479 2671/4478 2437/4480
f 2671/4478 2675/4477 2721/4481
f 2721/4481 2675/4477 3130/4469
f 2437/4480 2671/4478 2770/4482
f 2437/4480 2770/4482 2308/4483
f 2671/4478 2721/4481 2847/4484
f 2671/4478 2847/4484 2770/4482
f 2308/4483 2770/4482 2815/4485
f 2815/4485 2770/4482 2847/4484
f 2308/4483 2815/4485 2322/4486
f 2322/4486 2815/4485 2833/4487
f 2833/4487 2815/4485 3463/4488
f 2833/4487 3463/4488 2971/4489
f 2815/4485 2847/4484 3309/4490
f 3290/4491 2847/4484 2721/4481
f 2847/4484 3290/4491 3309/4490
f 3290/4491 2721/4481 3277/4492
f 3277/4492 2721/4481 3130/4469
f 3277/4492 3130/4469 3202/4493
f 3202/4493 3130/4469 3250/4468
f 3202/4493 3250/4468 3287/4494
f 3202/4493 3287/4494 3277/4492
f 3290/4491 3277/4492 3323/4495
f 3323/4495 3277/4492 3287/4494
f 3290/4491 3323/4495 3309/4490
f 3287/4494 3250/4468 3279/4472
f 3323/4495 3287/4494 3343/4496
f 3323/4495 3343/4496 3309/4490
f 3343/4496 3287/4494 3291/4497
f 3291/4497 3287/4494 3279/4472
f 3309/4490 3343/4496 3315/4498
f 3315/4498 3343/4496 3291/4497
f 3309/4490 3315/4498 3388/4499
f 3291/4497 3279/4472 2926/4500
f 3315/4498 3291/4497 2965/4501
f 2965/4501 3291/4497 2926/4500
f 2926/4500 3279/4472 3164/4502
f 3315/4498 2965/4501 3360/4503
f 3315/4498 3360/4503 3388/4499
f 3164/4502 3279/4472 3218/4504
f 3218/4504 3279/4472 3243/4462
f 3218/4504 3243/4462 3233/4505
f 3218/4504 3233/4505 3006/4506
f 3218/4504 3006/4506 2767/4507
f 3164/4502 3218/4504 2872/4508
f 3164/4502 2872/4508 2926/4500
f 3218/4504 2767/4507 2822/4509
f 3218/4504 2822/4509 2872/4508
f 2822/4509 2767/4507 2296/4510
f 2822/4509 2296/4510 2872/4508
f 2296/4510 2767/4507 2182/4511
f 2926/4500 2872/4508 2841/4512
f 2926/4500 2841/4512 2965/4501
f 2841/4512 2872/4508 2377/4513
f 2377/4513 2872/4508 2296/4510
f 2841/4512 2377/4513 2965/4501
f 2296/4510 2182/4511 2155/4514
f 2155/4514 2182/4511 2075/4515
f 2155/4514 2075/4515 2039/4516
f 2155/4514 2039/4516 2100/4517
f 2155/4514 2100/4517 2204/4518
f 2296/4510 2155/4514 2256/4519
f 2256/4519 2155/4514 2204/4518
f 2296/4510 2256/4519 2377/4513
f 2256/4519 2204/4518 2252/4520
f 2371/4521 2965/4501 2377/4513
f 2371/4521 2377/4513 2256/4519
f 2256/4519 2252/4520 2230/4522
f 2230/4522 2252/4520 2278/4523
f 2230/4522 2278/4523 2327/4524
f 2256/4519 2230/4522 2413/4525
f 2413/4525 2230/4522 2327/4524
f 2256/4519 2413/4525 2371/4521
f 2413/4525 2327/4524 2437/4526
f 2496/4527 2965/4501 2371/4521
f 2496/4527 2371/4521 2413/4525
f 2413/4525 2437/4526 2285/4528
f 2965/4501 2496/4527 2917/4529
f 2285/4528 2437/4526 2308/4530
f 2496/4527 2413/4525 2383/4531
f 2496/4527 2383/4531 2917/4529
f 2383/4531 2413/4525 2285/4528
f 2965/4501 2917/4529 3360/4503
f 2261/4532 2308/4530 2322/4533
f 2285/4528 2308/4530 2282/4534
f 2282/4534 2308/4530 2261/4532
f 2282/4534 2261/4532 2492/4535
f 2492/4535 2261/4532 2302/4536
f 2285/4528 2282/4534 2367/4537
f 2367/4537 2282/4534 2492/4535
f 2492/4535 2302/4536 2551/4538
f 2492/4535 2551/4538 2367/4537
f 2367/4537 2551/4538 2302/4536
f 2367/4537 2302/4536 2346/4539
f 2367/4537 2346/4539 2285/4528
f 2285/4528 2346/4539 2383/4531
f 2346/4539 2302/4536 2228/4540
f 2346/4539 2228/4540 2240/4541
f 2346/4539 2240/4541 2383/4531
f 2240/4541 2228/4540 2270/4542
f 2240/4541 2270/4542 2383/4531
f 2383/4531 2270/4542 2917/4529
f 2917/4529 2270/4542 2680/4543
f 2680/4543 2270/4542 2911/4544
f 2680/4543 2911/4544 2922/4545
f 2680/4543 2922/4545 2917/4529
f 2917/4529 2922/4545 3327/4546
f 3327/4546 2922/4545 2999/4547
f 2917/4529 3327/4546 3360/4503
f 3360/4503 3327/4546 3522/4548
f 3522/4548 3327/4546 3546/4549
f 3360/4503 3522/4548 3388/4499
f 3388/4499 3522/4548 3393/4550
f 3393/4550 3522/4548 3504/4551
f 3393/4550 3504/4551 3150/4552
f 3150/4552 3504/4551 3204/4553
f 3204/4553 3504/4551 3468/4554
f 3393/4550 3150/4552 3390/4555
f 3390/4555 3150/4552 3204/4553
f 3393/4550 3390/4555 3388/4499
f 3390/4555 3204/4553 3468/4554
f 3390/4555 3468/4554 3463/4488
f 3463/4488 3468/4554 3516/4556
f 3388/4499 3390/4555 3351/4557
f 3351/4557 3390/4555 3463/4488
f 3388/4499 3351/4557 3309/4490
f 3351/4557 3463/4488 2815/4485
f 3351/4557 2815/4485 3309/4490
f 3324/4558 3300/4559 2613/4560
f 2613/4560 3300/4559 2576/4561
f 2576/4561 3300/4559 2700/4562
f 2700/4562 3300/4559 3217/4563
f 2700/4562 3217/4563 3292/4564
f 2700/4562 3292/4564 2506/4565
f 2700/4562 2506/4565 2452/4566
f 2700/4562 2452/4566 2576/4561
f 2452/4566 2506/4565 147/4567
f 2613/4560 2576/4561 2566/4568
f 2566/4568 2576/4561 2452/4566
f 2566/4568 2452/4566 2380/4569
f 2380/4569 2452/4566 147/4567
f 2613/4560 2566/4568 2657/4570
f 2566/4568 2380/4569 2347/4571
f 2566/4568 2347/4571 2657/4570
f 2380/4569 147/4567 49/4572
f 2347/4571 2380/4569 2038/4573
f 2038/4573 2380/4569 49/4572
f 49/4572 147/4567 477/4574
f 477/4574 147/4567 423/4575
f 2038/4573 49/4572 207/4576
f 207/4576 49/4572 477/4574
f 2347/4571 2038/4573 16/4577
f 207/4576 477/4574 622/4578
f 2038/4573 207/4576 187/4579
f 187/4579 207/4576 622/4578
f 2038/4573 187/4579 16/4577
f 622/4578 477/4574 687/4580
f 187/4579 622/4578 502/4581
f 622/4578 687/4580 773/4582
f 622/4578 773/4582 502/4581
f 773/4582 687/4580 1129/4583
f 187/4579 502/4581 141/4584
f 141/4584 502/4581 773/4582
f 187/4579 141/4584 16/4577
f 141/4584 773/4582 150/4585
f 150/4585 773/4582 697/4586
f 150/4585 697/4586 110/4587
f 141/4584 150/4585 2083/4588
f 141/4584 2083/4588 16/4577
f 150/4585 110/4587 2167/4589
f 150/4585 2167/4589 2083/4588
f 2167/4589 110/4587 22/4590
f 16/4577 2083/4588 2353/4591
f 16/4577 2353/4591 2347/4571
f 2083/4588 2167/4589 2276/4592
f 2083/4588 2276/4592 2353/4591
f 2347/4571 2353/4591 2657/4570
f 2657/4570 2353/4591 2276/4592
f 2276/4592 2167/4589 2469/4593
f 2276/4592 2469/4593 2657/4570
f 2469/4593 2167/4589 2133/4594
f 2469/4593 2133/4594 2226/4595
f 2469/4593 2226/4595 2603/4596
f 2469/4593 2603/4596 2657/4570
f 2603/4596 2226/4595 2912/4597
f 2657/4570 2603/4596 2650/4598
f 2657/4570 2650/4598 2613/4560
f 2613/4560 2650/4598 3324/4558
f 2650/4598 2603/4596 2857/4599
f 2857/4599 2603/4596 2912/4597
f 2650/4598 2857/4599 3324/4558
f 2857/4599 2912/4597 3355/4600
f 3324/4558 2857/4599 3256/4601
f 3256/4601 2857/4599 3355/4600
f 1931/4602 2262/4603 878/4604
f 1931/4602 878/4604 1916/4605
f 878/4604 2262/4603 2268/4606
f 1916/4605 878/4604 1685/4607
f 1916/4605 1685/4607 1857/4608
f 1857/4608 1685/4607 1688/4609
f 1857/4608 1688/4609 1895/4610
f 1685/4607 878/4604 1157/4611
f 878/4604 2268/4606 292/4612
f 878/4604 292/4612 1157/4611
f 1685/4607 1157/4611 1654/4613
f 1685/4607 1654/4613 1688/4609
f 1895/4610 1688/4609 1780/4614
f 292/4612 2268/4606 81/4615
f 81/4615 2268/4606 2248/4616
f 1157/4611 292/4612 787/4617
f 787/4617 292/4612 81/4615
f 1157/4611 787/4617 1175/4618
f 1157/4611 1175/4618 1654/4613
f 787/4617 81/4615 240/4619
f 787/4617 240/4619 1175/4618
f 81/4615 2248/4616 2093/4620
f 81/4615 2093/4620 240/4619
f 2093/4620 2248/4616 2577/4621
f 1654/4613 1175/4618 1604/4622
f 1654/4613 1604/4622 1688/4609
f 1175/4618 240/4619 1162/4623
f 1175/4618 1162/4623 1604/4622
f 240/4619 2093/4620 321/4624
f 240/4619 321/4624 1162/4623
f 2093/4620 2577/4621 2067/4625
f 2093/4620 2067/4625 321/4624
f 2067/4625 2577/4621 2362/4626
f 1662/4627 1688/4609 1604/4622
f 1688/4609 1662/4627 1780/4614
f 1511/4628 1604/4622 1162/4623
f 1604/4622 1511/4628 1662/4627
f 2067/4625 2362/4626 2197/4629
f 2197/4629 2362/4626 2217/4630
f 1780/4614 1662/4627 1799/4631
f 1780/4614 1799/4631 1895/4610
f 1895/4610 1799/4631 1870/4632
f 1870/4632 1799/4631 1862/4633
f 1799/4631 1662/4627 1700/4634
f 1799/4631 1700/4634 1862/4633
f 1700/4634 1662/4627 1511/4628
f 1862/4633 1700/4634 1762/4635
f 1762/4635 1700/4634 1668/4636
f 1668/4636 1700/4634 1543/4637
f 1543/4637 1700/4634 1511/4628
f 1668/4636 1543/4637 1666/4638
f 1666/4638 1543/4637 1516/4639
f 1666/4638 1516/4639 1508/4640
f 1516/4639 1543/4637 1283/4641
f 1516/4639 1283/4641 1508/4640
f 1543/4637 1511/4628 1183/4642
f 1543/4637 1183/4642 1283/4641
f 1183/4642 1511/4628 1168/4643
f 1168/4643 1511/4628 1162/4623
f 1168/4643 1162/4623 321/4624
f 1183/4642 1168/4643 881/4644
f 881/4644 1168/4643 321/4624
f 1283/4641 1183/4642 1040/4645
f 1040/4645 1183/4642 881/4644
f 881/4644 321/4624 200/4646
f 200/4646 321/4624 2067/4625
f 1040/4645 881/4644 616/4647
f 616/4647 881/4644 200/4646
f 200/4646 2067/4625 99/4648
f 200/4646 99/4648 616/4647
f 99/4648 2067/4625 2197/4629
f 99/4648 2197/4629 53/4649
f 616/4647 99/4648 219/4650
f 616/4647 219/4650 1040/4645
f 219/4650 99/4648 53/4649
f 53/4649 2197/4629 2060/4651
f 53/4649 2060/4651 219/4650
f 2060/4651 2197/4629 2217/4630
f 2060/4651 2217/4630 145/4652
f 2060/4651 145/4652 219/4650
f 1040/4645 219/4650 731/4653
f 1040/4645 731/4653 1283/4641
f 219/4650 145/4652 389/4654
f 389/4654 145/4652 241/4655
f 731/4653 219/4650 520/4656
f 520/4656 219/4650 389/4654
f 1283/4641 731/4653 1017/4657
f 1017/4657 731/4653 520/4656
f 1283/4641 1017/4657 1508/4640
f 389/4654 241/4655 509/4658
f 520/4656 389/4654 719/4659
f 520/4656 719/4659 1017/4657
f 719/4659 389/4654 509/4658
f 1508/4640 1017/4657 1053/4660
f 1053/4660 1017/4657 719/4659
f 1508/4640 1053/4660 1333/4661
f 1053/4660 719/4659 964/4662
f 1053/4660 964/4662 1333/4661
f 964/4662 719/4659 509/4658
f 1333/4661 964/4662 1097/4663
f 1097/4663 964/4662 1018/4664
f 1018/4664 964/4662 509/4658
f 1018/4664 509/4658 871/4665
f 871/4665 509/4658 644/4666
f 871/4665 644/4666 734/4667
f 871/4665 734/4667 785/4668
f 871/4665 785/4668 916/4669
f 916/4669 785/4668 817/4670
f 2391/4671 2322/4672 2611/4673
f 2611/4673 2322/4672 2833/4674
f 2391/4671 2611/4673 2430/4675
f 2611/4673 2833/4674 2931/4676
f 2611/4673 2931/4676 2430/4675
f 2931/4676 2833/4674 2971/4677
f 2931/4676 2971/4677 3499/4678
f 3499/4678 2971/4677 3463/4679
f 2430/4675 2931/4676 3007/4680
f 3007/4680 2931/4676 3499/4678
f 3499/4678 3463/4679 3516/4681
f 2430/4675 3007/4680 2556/4682
f 2430/4675 2556/4682 66/4683
f 66/4683 2556/4682 121/4684
f 121/4684 2556/4682 2755/4685
f 2755/4685 2556/4682 3055/4686
f 3055/4686 2556/4682 3007/4680
f 2755/4685 3055/4686 3071/4687
f 3071/4687 3055/4686 3359/4688
f 3055/4686 3007/4680 3570/4689
f 3055/4686 3570/4689 3359/4688
f 3570/4689 3007/4680 3499/4678
f 3359/4688 3570/4689 3786/4690
f 3570/4689 3499/4678 3758/4691
f 3570/4689 3758/4691 3786/4690
f 3359/4688 3786/4690 3053/4692
f 3758/4691 3499/4678 3578/4693
f 3578/4693 3499/4678 3516/4681
f 3578/4693 3516/4681 3504/4694
f 3504/4694 3516/4681 3468/4695
f 3758/4691 3578/4693 3572/4696
f 3572/4696 3578/4693 3504/4694
f 3572/4696 3504/4694 3546/4697
f 3546/4697 3504/4694 3522/4698
f 3758/4691 3572/4696 3615/4699
f 3615/4699 3572/4696 3529/4700
f 3758/4691 3615/4699 3786/4690
f 3615/4699 3529/4700 3420/4701
f 3615/4699 3420/4701 3459/4702
f 3615/4699 3459/4702 3786/4690
f 3786/4690 3459/4702 3401/4703
f 3786/4690 3401/4703 3707/4704
f 3707/4704 3401/4703 3456/4705
f 3786/4690 3707/4704 3736/4706
f 3786/4690 3736/4706 3053/4692
f 3707/4704 3456/4705 3761/4707
f 3761/4707 3456/4705 3582/4708
f 3582/4708 3456/4705 3466/4709
f 3707/4704 3761/4707 3781/4710
f 3707/4704 3781/4710 3736/4706
f 3761/4707 3582/4708 3770/4711
f 3761/4707 3770/4711 3781/4710
f 3770/4711 3582/4708 3644/4712
f 3736/4706 3781/4710 3396/4713
f 3736/4706 3396/4713 3053/4692
f 3781/4710 3770/4711 3595/4714
f 3781/4710 3595/4714 3396/4713
f 3053/4692 3396/4713 3098/4715
f 3053/4692 3098/4715 2705/4716
f 3098/4715 3396/4713 3088/4717
f 3098/4715 3088/4717 2705/4716
f 3088/4717 3396/4713 3595/4714
f 2705/4716 3088/4717 2709/4718
f 2709/4718 3088/4717 3034/4719
f 3034/4719 3088/4717 3595/4714
f 2709/4718 3034/4719 2490/4720
f 2490/4720 3034/4719 2682/4721
f 3034/4719 3595/4714 3639/4722
f 3639/4722 3595/4714 3770/4711
f 2682/4721 3034/4719 3408/4723
f 3408/4723 3034/4719 3639/4722
f 2682/4721 3408/4723 3201/4724
f 3201/4724 3408/4723 3696/4725
f 3639/4722 3770/4711 3644/4712
f 3696/4725 3408/4723 3737/4726
f 3737/4726 3408/4723 3639/4722
f 3696/4725 3737/4726 3815/4727
f 3815/4727 3737/4726 3787/4728
f 3787/4728 3737/4726 3639/4722
f 3639/4722 3644/4712 3766/4729
f 3639/4722 3766/4729 3787/4728
f 3787/4728 3766/4729 3833/4730
f 3766/4729 3644/4712 3662/4731
f 3833/4730 3766/4729 3784/4732
f 3784/4732 3766/4729 3662/4731
f 3784/4732 3662/4731 3677/4733
f 2315/4734 2270/4735 2228/4736
f 2270/4735 2315/4734 2384/4737
f 2270/4735 2384/4737 2911/4738
f 2315/4734 2228/4736 2349/4739
f 2349/4739 2228/4736 2302/4740
f 2384/4737 2315/4734 2392/4741
f 2392/4741 2315/4734 2349/4739
f 2349/4739 2302/4740 2412/4742
f 2412/4742 2302/4740 2261/4743
f 2392/4741 2349/4739 2488/4744
f 2488/4744 2349/4739 2412/4742
f 2384/4737 2392/4741 2559/4745
f 2559/4745 2392/4741 2488/4744
f 2559/4745 2488/4744 2547/4746
f 2488/4744 2412/4742 2193/4747
f 2488/4744 2193/4747 2547/4746
f 2193/4747 2412/4742 2430/4748
f 2193/4747 2430/4748 66/4749
f 2430/4748 2412/4742 2343/4750
f 2343/4750 2412/4742 2261/4743
f 2430/4748 2343/4750 2391/4751
f 2343/4750 2261/4743 2322/4752
f 2343/4750 2322/4752 2391/4751
f 2927/4753 2559/4745 2547/4746
f 2927/4753 2547/4746 3022/4754
f 2991/4755 2384/4737 2559/4745
f 2991/4755 2559/4745 2927/4753
f 2384/4737 2991/4755 2911/4738
f 2927/4753 3022/4754 3084/4756
f 2927/4753 3084/4756 2991/4755
f 2911/4738 2991/4755 2999/4757
f 2999/4757 2991/4755 3084/4756
f 2911/4738 2999/4757 2922/4758
f 3084/4756 3022/4754 3529/4759
f 3084/4756 3529/4759 2999/4757
f 3529/4759 3022/4754 3420/4760
f 2999/4757 3529/4759 3327/4761
f 3327/4761 3529/4759 3546/4762
f 3546/4762 3529/4759 3572/4763
f 3022/4764 3018/4765 3420/4766
f 3420/4766 3018/4765 3459/4767
f 3018/4765 3022/4764 2547/4768
f 3459/4767 3018/4765 3103/4769
f 3459/4767 3103/4769 3401/4770
f 3018/4765 2547/4768 2518/4771
f 3018/4765 2518/4771 3103/4769
f 3401/4770 3103/4769 3456/4772
f 2518/4771 2547/4768 2193/4773
f 3456/4772 3103/4769 2966/4774
f 2518/4771 2193/4773 121/4775
f 121/4775 2193/4773 66/4776
f 3103/4769 2518/4771 2599/4777
f 3103/4769 2599/4777 2966/4774
f 2518/4771 121/4775 2096/4778
f 2518/4771 2096/4778 2599/4777
f 3456/4772 2966/4774 3466/4779
f 2966/4774 2599/4777 2507/4780
f 2507/4780 2599/4777 2402/4781
f 2402/4781 2599/4777 2096/4778
f 2966/4774 2507/4780 2569/4782
f 2569/4782 2507/4780 2402/4781
f 2966/4774 2569/4782 3466/4779
f 2765/4783 2096/4778 121/4775
f 2765/4783 121/4775 2755/4784
f 2765/4783 2755/4784 3053/4785
f 3053/4785 2755/4784 3071/4786
f 3053/4785 3071/4786 3359/4787
f 2765/4783 3053/4785 2705/4788
f 2765/4783 2705/4788 2096/4778
f 2096/4778 2705/4788 85/4789
f 2096/4778 85/4789 2402/4781
f 85/4789 2705/4788 2709/4790
f 2402/4781 85/4789 2446/4791
f 2402/4781 2446/4791 2569/4782
f 85/4789 2709/4790 17/4792
f 85/4789 17/4792 2446/4791
f 17/4792 2709/4790 2490/4793
f 17/4792 2490/4793 2281/4794
f 17/4792 2281/4794 2446/4791
f 2569/4782 2446/4791 2830/4795
f 2569/4782 2830/4795 3466/4779
f 2446/4791 2281/4794 2584/4796
f 2446/4791 2584/4796 2830/4795
f 2584/4796 2281/4794 2425/4797
f 2425/4797 2281/4794 3/4798
f 2584/4796 2425/4797 2499/4799
f 2584/4796 2499/4799 2830/4795
f 2499/4799 2425/4797 2368/4800
f 3251/4801 3466/4779 2830/4795
f 2830/4795 2499/4799 2889/4802
f 2830/4795 2889/4802 3251/4801
f 2889/4802 2499/4799 2422/4803
f 3466/4779 3251/4801 3582/4804
f 2889/4802 2422/4803 2736/4805
f 3582/4804 3251/4801 3517/4806
f 3582/4804 3517/4806 3644/4807
f 3251/4801 2889/4802 3037/4808
f 3037/4808 2889/4802 2736/4805
f 3644/4807 3517/4806 3617/4809
f 3617/4809 3517/4806 3251/4801
f 3644/4807 3617/4809 3662/4810
f 3251/4801 3037/4808 3346/4811
f 3251/4801 3346/4811 3617/4809
f 3037/4808 2736/4805 3107/4812
f 3037/4808 3107/4812 3346/4811
f 3107/4812 2736/4805 3333/4813
f 3107/4812 3333/4813 3346/4811
f 3333/4813 2736/4805 3158/4814
f 3333/4813 3158/4814 3494/4815
f 3660/4816 3662/4810 3617/4809
f 3660/4816 3617/4809 3346/4811
f 3662/4810 3660/4816 3677/4817
f 3677/4817 3660/4816 3683/4818
f 3333/4813 3494/4815 3651/4819
f 3333/4813 3651/4819 3346/4811
f 3346/4811 3651/4819 3660/4816
f 3660/4816 3651/4819 3683/4818
f 3651/4819 3494/4815 3669/4820
f 3651/4819 3669/4820 3683/4818
f 2158/4821 2281/4822 2490/4823
f 2281/4822 2158/4821 3/4824
f 2368/4825 2425/4826 3/4824
f 2368/4825 3/4824 32/4827
f 32/4827 3/4824 188/4828
f 188/4828 3/4824 2158/4821
f 188/4828 2158/4821 103/4829
f 2158/4821 2490/4823 2312/4830
f 2158/4821 2312/4830 103/4829
f 103/4829 2312/4830 2279/4831
f 2312/4830 2490/4823 2682/4832
f 2279/4831 2312/4830 2414/4833
f 2414/4833 2312/4830 2682/4832
f 2414/4833 2682/4832 2673/4834
f 2673/4834 2682/4832 3201/4835
f 2414/4833 2673/4834 3136/4836
f 3136/4836 2673/4834 3201/4835
f 2414/4833 3136/4836 2773/4837
f 3136/4836 3201/4835 3735/4838
f 3735/4838 3201/4835 3696/4839
f 2773/4837 3136/4836 3124/4840
f 2773/4837 3124/4840 2868/4841
f 2773/4837 2868/4841 2843/4842
f 3124/4840 3136/4836 3444/4843
f 3444/4843 3136/4836 3735/4838
f 2868/4841 3124/4840 3177/4844
f 3177/4844 3124/4840 3444/4843
f 2868/4841 3177/4844 3176/4845
f 3176/4845 3177/4844 3214/4846
f 3176/4845 3214/4846 3431/4847
f 3214/4846 3177/4844 3469/4848
f 3214/4846 3469/4848 3431/4847
f 3469/4848 3177/4844 3444/4843
f 3431/4847 3469/4848 3531/4849
f 3531/4849 3469/4848 3521/4850
f 3521/4850 3469/4848 3527/4851
f 3527/4851 3469/4848 3444/4843
f 3521/4850 3527/4851 3670/4852
f 3670/4852 3527/4851 3444/4843
f 3670/4852 3444/4843 3735/4838
f 3670/4852 3735/4838 3671/4853
f 3671/4853 3735/4838 3677/4854
f 3677/4854 3735/4838 3784/4855
f 3735/4856 3696/4857 3815/4858
f 3735/4856 3815/4858 3803/4859
f 3803/4859 3815/4858 3816/4860
f 3816/4860 3815/4858 3833/4861
f 3833/4861 3815/4858 3787/4862
f 2368/4863 2422/4864 2499/4865
f 2422/4864 2368/4863 2427/4866
f 2428/4867 2535/4868 2422/4864
f 2422/4864 2535/4868 2736/4869
f 2736/4869 2535/4868 2776/4870
f 2736/4869 2776/4870 2823/4871
f 2428/4867 2422/4864 2415/4872
f 2415/4872 2422/4864 2427/4866
f 2415/4872 2427/4866 2565/4873
f 2415/4872 2565/4873 2574/4874
f 2565/4873 2427/4866 2442/4875
f 2565/4873 2442/4875 2574/4874
f 2442/4875 2427/4866 2424/4876
f 2424/4876 2427/4866 2414/4877
f 2442/4875 2424/4876 2440/4878
f 2415/4872 2574/4874 2572/4879
f 2572/4879 2574/4874 2442/4875
f 2572/4879 2442/4875 2440/4878
f 2415/4872 2572/4879 2399/4880
f 2572/4879 2440/4878 2774/4881
f 3816/4882 3833/4883 3784/4884
f 3816/4882 3784/4884 3803/4885
f 3803/4885 3784/4884 3735/4886
f 103/4887 2279/4888 166/4889
f 103/4887 166/4889 188/4890
f 188/4890 166/4889 342/4891
f 188/4890 342/4891 32/4892
f 166/4889 2279/4888 2057/4893
f 342/4891 166/4889 140/4894
f 140/4894 166/4889 2057/4893
f 342/4891 140/4894 32/4892
f 140/4894 2057/4893 2080/4895
f 140/4894 2080/4895 32/4892
f 2080/4895 2057/4893 2279/4888
f 32/4892 2080/4895 2368/4896
f 2368/4896 2080/4895 2427/4897
f 2427/4897 2080/4895 2279/4888
f 2427/4897 2279/4888 2414/4898
f 2414/4899 2773/4900 2424/4901
f 2424/4901 2773/4900 2758/4902
f 2758/4902 2773/4900 2800/4903
f 2800/4903 2773/4900 2843/4904
f 2800/4903 2843/4904 2824/4905
f 2800/4903 2824/4905 2774/4906
f 2800/4903 2774/4906 2758/4902
f 2758/4902 2774/4906 2739/4907
f 2739/4907 2774/4906 2748/4908
f 2748/4908 2774/4906 2440/4909
f 2758/4902 2739/4907 2461/4910
f 2461/4910 2739/4907 2748/4908
f 2758/4902 2461/4910 2424/4901
f 2461/4910 2748/4908 2440/4909
f 2461/4910 2440/4909 2424/4901
f 2823/4911 3158/4912 2736/4913
f 3158/4912 2823/4911 2873/4914
f 2873/4914 2823/4911 2807/4915
f 2873/4914 2807/4915 2855/4916
f 2855/4916 2807/4915 2793/4917
f 3158/4912 2873/4914 3173/4918
f 3173/4918 2873/4914 2855/4916
f 3158/4912 3173/4918 3246/4919
f 3158/4912 3246/4919 3508/4920
f 3158/4912 3508/4920 3494/4921
f 3494/4921 3508/4920 3669/4922
f 3669/4922 3508/4920 3573/4923
f 3669/4922 3573/4923 3697/4924
f 3573/4923 3508/4920 3556/4925
f 3573/4923 3556/4925 3697/4924
f 3669/4922 3697/4924 3683/4926
f 3506/4927 3508/4920 3246/4919
f 3508/4920 3506/4927 3556/4925
f 3506/4927 3246/4919 3244/4928
f 3244/4928 3246/4919 3173/4918
f 3556/4925 3506/4927 3525/4929
f 3525/4929 3506/4927 3244/4928
f 3692/4930 3697/4924 3556/4925
f 3556/4925 3525/4929 3551/4931
f 3556/4925 3551/4931 3692/4930
f 3697/4924 3692/4930 3714/4932
f 3697/4924 3714/4932 3683/4926
f 3714/4932 3692/4930 3689/4933
f 3683/4926 3714/4932 3676/4934
f 3676/4934 3714/4932 3689/4933
f 3683/4926 3676/4934 3677/4935
f 3677/4935 3676/4934 3671/4936
f 3671/4936 3676/4934 3670/4937
f 3670/4937 3676/4934 3689/4933
f 3689/4933 3692/4930 3490/4938
f 3490/4938 3692/4930 3551/4931
f 3670/4937 3689/4933 3681/4939
f 3670/4937 3681/4939 3668/4940
f 3670/4937 3668/4940 3521/4941
f 3521/4941 3668/4940 3531/4942
f 3531/4942 3668/4940 3681/4939
f 3681/4939 3689/4933 3567/4943
f 3681/4939 3567/4943 3531/4942
f 3567/4943 3689/4933 3490/4938
f 3531/4942 3567/4943 3450/4944
f 3450/4944 3567/4943 3490/4938
f 3531/4942 3450/4944 3431/4945
f 3431/4945 3450/4944 3176/4946
f 3450/4944 3490/4938 3257/4947
f 3450/4944 3257/4947 3176/4946
f 3257/4947 3490/4938 3137/4948
f 3176/4946 3257/4947 3161/4949
f 3161/4949 3257/4947 3137/4948
f 3176/4946 3161/4949 3100/4950
f 3176/4946 3100/4950 2875/4951
f 2875/4951 3100/4950 3161/4949
f 3176/4946 2875/4951 2868/4952
f 2875/4951 3161/4949 2886/4953
f 2868/4952 2875/4951 2877/4954
f 2877/4954 2875/4951 2886/4953
f 2877/4954 2886/4953 3161/4949
f 2877/4954 3161/4949 3137/4948
f 2868/4952 2877/4954 2843/4955
f 2843/4955 2877/4954 2824/4956
f 2824/4956 2877/4954 2861/4957
f 2861/4957 2877/4954 2835/4958
f 2835/4958 2877/4954 3137/4948
f 2861/4957 2835/4958 2855/4916
f 2855/4916 2835/4958 2867/4959
f 2835/4958 3137/4948 3112/4960
f 2835/4958 3112/4960 2867/4959
f 2855/4916 2867/4959 3122/4961
f 3122/4961 2867/4959 3112/4960
f 2855/4916 3122/4961 3173/4918
f 3173/4918 3122/4961 3190/4962
f 3190/4962 3122/4961 3112/4960
f 3173/4918 3190/4962 3244/4928
f 3193/4963 3112/4960 3137/4948
f 3112/4960 3193/4963 3190/4962
f 3193/4963 3137/4948 3490/4938
f 3244/4928 3190/4962 3259/4964
f 3259/4964 3190/4962 3193/4963
f 3244/4928 3259/4964 3525/4929
f 3193/4963 3490/4938 3479/4965
f 3193/4963 3479/4965 3259/4964
f 3259/4964 3479/4965 3525/4929
f 3479/4965 3490/4938 3551/4931
f 3479/4965 3551/4931 3525/4929
f 2823/4966 2776/4967 2807/4968
f 2807/4968 2776/4967 2793/4969
f 2793/4969 2776/4967 2782/4970
f 2782/4970 2776/4967 2470/4971
f 2470/4971 2776/4967 2535/4972
f 2470/4971 2535/4972 2428/4973
f 2470/4971 2428/4973 2399/4974
f 2399/4974 2428/4973 2415/4975
f 2470/4971 2399/4974 2723/4976
f 2470/4971 2723/4976 2782/4970
f 2723/4976 2399/4974 2572/4977
f 2760/4978 2793/4969 2782/4970
f 2760/4978 2782/4970 2723/4976
f 2760/4978 2723/4976 2572/4977
f 2793/4969 2760/4978 2855/4979
f 2760/4978 2572/4977 2774/4980
f 2855/4979 2760/4978 2861/4981
f 2760/4978 2774/4980 2824/4982
f 2760/4978 2824/4982 2861/4981
